SCHEME,0,ID_SCHEME,NAME_SCHEME,DESCRIPTION_SCHEME,,,,
SCHEME,1,BEVERLY_SCHEME,BEVERLY_SCHEME,Automation Scheme,,,,
SCHEME,1,ALHAMBRA_SCHEME,ALHAMBRA_SCHEME,Automation Scheme,,,,
SCHEME,1,BELVEDERE_SCHEME,BELVEDERE_SCHEME,Automation Scheme,,,,
SCHEME,1,REPETTO_SCHEME,REPETTO_SCHEME,Automation Scheme,,,,
SCHEME,1,MONOLITH_SCHEME,MONOLITH_SCHEME,Automation Scheme,,,,
SCHEME,1,VEGAS_SCHEME,VEGAS_SCHEME,Automation Scheme,,,,
SCHEME,1,STODDARD_SCHEME,STODDARD_SCHEME,Automation Scheme,,,,
SCHEME,1,POTRERO_SCHEME,POTRERO_SCHEME,Automation Scheme,,,,
SCHEME,1,RIO HONDO_SCHEME,RIO HONDO_SCHEME,Automation Scheme,,,,
SCHEME,1,TOPAZ_SCHEME,TOPAZ_SCHEME,Automation Scheme,,,,
SCHEME,1,COMPRESS_SCHEME,COMPRESS_SCHEME,Automation Scheme,,,,
SCHEME,1,DEL SUR_SCHEME,DEL SUR_SCHEME,Automation Scheme,,,,
SCHEME,1,BLUE CUT PT_SCHEME,BLUE CUT PT_SCHEME,Automation Scheme,,,,
SCHEME,1,LOCKHEED_SCHEME,LOCKHEED_SCHEME,Automation Scheme,,,,
SCHEME,1,HASKELL_SCHEME,HASKELL_SCHEME,Automation Scheme,,,,
SCHEME,1,TORRANCE_SCHEME,TORRANCE_SCHEME,Automation Scheme,,,,
SCHEME,1,COLUMBINE_SCHEME,COLUMBINE_SCHEME,Automation Scheme,,,,
SCHEME,1,MOVIE_SCHEME,MOVIE_SCHEME,Automation Scheme,,,,
SCHEME,1,BLOOMINGTON_SCHEME,BLOOMINGTON_SCHEME,Automation Scheme,,,,
SCHEME,1,HIGHLAND_SCHEME,HIGHLAND_SCHEME,Automation Scheme,,,,
SCHEME,1,ARCADIA_SCHEME,ARCADIA_SCHEME,Automation Scheme,,,,
SCHEME,1,GLEN AVON_SCHEME,GLEN AVON_SCHEME,Automation Scheme,,,,
SCHEME,1,SANTA MONICA_SCHEME,SANTA MONICA_SCHEME,Automation Scheme,,,,
SCHEME,1,CRESTWIND UGS_SCHEME,CRESTWIND UGS_SCHEME,Automation Scheme,,,,
SCHEME,1,CRATER_SCHEME,CRATER_SCHEME,Automation Scheme,,,,
SCHEME,1,ANAVERDE_SCHEME,ANAVERDE_SCHEME,Automation Scheme,,,,
SCHEME,1,ELIZABETH LAKE_SCHEME,ELIZABETH LAKE_SCHEME,Automation Scheme,,,,
SCHEME,1,CARPINTERIA_SCHEME,CARPINTERIA_SCHEME,Automation Scheme,,,,
SCHEME,1,SANTA BARBARA_SCHEME,SANTA BARBARA_SCHEME,Automation Scheme,,,,
SCHEME,1,LENNOX_SCHEME,LENNOX_SCHEME,Automation Scheme,,,,
SCHEME,1,FALCON RIDGE_SCHEME,FALCON RIDGE_SCHEME,Automation Scheme,,,,
SCHEME,1,NEWHALL_SCHEME,NEWHALL_SCHEME,Automation Scheme,,,,
SCHEME,1,RANCHO_SCHEME,RANCHO_SCHEME,Automation Scheme,,,,
SCHEME,1,VICTORVILLE_SCHEME,VICTORVILLE_SCHEME,Automation Scheme,,,,
SCHEME,1,SOMIS_SCHEME,SOMIS_SCHEME,Automation Scheme,,,,
SCHEME,1,COLORADO_SCHEME,COLORADO_SCHEME,Automation Scheme,,,,
SCHEME,1,LA CANADA_SCHEME,LA CANADA_SCHEME,Automation Scheme,,,,
SCHEME,1,NORTH OAKS_SCHEME,NORTH OAKS_SCHEME,Automation Scheme,,,,
SCHEME,1,OAK PARK_SCHEME,OAK PARK_SCHEME,Automation Scheme,,,,
SCHEME,1,REDONDO_SCHEME,REDONDO_SCHEME,Automation Scheme,,,,
SCHEME,1,SEPULVEDA_SCHEME,SEPULVEDA_SCHEME,Automation Scheme,,,,
SCHEME,1,LANCASTER_SCHEME,LANCASTER_SCHEME,Automation Scheme,,,,
SCHEME,1,CULVER_SCHEME,CULVER_SCHEME,Automation Scheme,,,,
SCHEME,1,OCTOL_SCHEME,OCTOL_SCHEME,Automation Scheme,,,,
SCHEME,1,BRADBURY_SCHEME,BRADBURY_SCHEME,Automation Scheme,,,,
SCHEME,1,REDLANDS_SCHEME,REDLANDS_SCHEME,Automation Scheme,,,,
SCHEME,1,LUCERNE_SCHEME,LUCERNE_SCHEME,Automation Scheme,,,,
SCHEME,1,ARCHLINE_SCHEME,ARCHLINE_SCHEME,Automation Scheme,,,,
SCHEME,1,MONTECITO_SCHEME,MONTECITO_SCHEME,Automation Scheme,,,,
SCHEME,1,CARDIFF_SCHEME,CARDIFF_SCHEME,Automation Scheme,,,,
SCHEME,1,CHANNEL ISLANDS_SCHEME,CHANNEL ISLANDS_SCHEME,Automation Scheme,,,,
SCHEME,1,TIMOTEO_SCHEME,TIMOTEO_SCHEME,Automation Scheme,,,,
SCHEME,1,VICTOR_SCHEME,VICTOR_SCHEME,Automation Scheme,,,,
SCHEME,1,RAVENDALE_SCHEME,RAVENDALE_SCHEME,Automation Scheme,,,,
SCHEME,1,RANDSBURG_SCHEME,RANDSBURG_SCHEME,Automation Scheme,,,,
SCHEME,1,DITMAR_SCHEME,DITMAR_SCHEME,Automation Scheme,,,,
SCHEME,1,EARLIMART_SCHEME,EARLIMART_SCHEME,Automation Scheme,,,,
SCHEME,1,POPLAR_SCHEME,POPLAR_SCHEME,Automation Scheme,,,,
SCHEME,1,CASITAS_SCHEME,CASITAS_SCHEME,Automation Scheme,,,,
SCHEME,1,YUKON_SCHEME,YUKON_SCHEME,Automation Scheme,,,,
SCHEME,1,ROSEMEAD_SCHEME,ROSEMEAD_SCHEME,Automation Scheme,,,,
SCHEME,1,SKILAND_SCHEME,SKILAND_SCHEME,Automation Scheme,,,,
SCHEME,1,ISLA VISTA_SCHEME,ISLA VISTA_SCHEME,Automation Scheme,,,,
SCHEME,1,DALTON_SCHEME,DALTON_SCHEME,Automation Scheme,,,,
SCHEME,1,APPLE VALLEY_SCHEME,APPLE VALLEY_SCHEME,Automation Scheme,,,,
SCHEME,1,ETIWANDA_SCHEME,ETIWANDA_SCHEME,Automation Scheme,,,,
SCHEME,1,CITRUS_SCHEME,CITRUS_SCHEME,Automation Scheme,,,,
SCHEME,1,BLISS_SCHEME,BLISS_SCHEME,Automation Scheme,,,,
SCHEME,1,CALECTRIC_SCHEME,CALECTRIC_SCHEME,Automation Scheme,,,,
SCHEME,1,LA CUMBRE PT_SCHEME,LA CUMBRE PT_SCHEME,Automation Scheme,,,,
SCHEME,1,VICTORIA_SCHEME,VICTORIA_SCHEME,Automation Scheme,,,,
SCHEME,1,WEST RIVERSIDE_SCHEME,WEST RIVERSIDE_SCHEME,Automation Scheme,,,,
SCHEME,1,GENAMIC_SCHEME,GENAMIC_SCHEME,Automation Scheme,,,,
SCHEME,1,EL CASCO_SCHEME,EL CASCO_SCHEME,Automation Scheme,,,,
SCHEME,1,MONETA_SCHEME,MONETA_SCHEME,Automation Scheme,,,,
SCHEME,1,PORTERVILLE_SCHEME,PORTERVILLE_SCHEME,Automation Scheme,,,,
SCHEME,1,MARINE_SCHEME,MARINE_SCHEME,Automation Scheme,,,,
SCHEME,1,SAVAGE_SCHEME,SAVAGE_SCHEME,Automation Scheme,,,,
SCHEME,1,ORTEGA_SCHEME,ORTEGA_SCHEME,Automation Scheme,,,,
SCHEME,1,NEWBURY_SCHEME,NEWBURY_SCHEME,Automation Scheme,,,,
SCHEME,1,SAN MARCOS_SCHEME,SAN MARCOS_SCHEME,Automation Scheme,,,,
SCHEME,1,BEAUMONT_SCHEME,BEAUMONT_SCHEME,Automation Scheme,,,,
SCHEME,1,COLONIA_SCHEME,COLONIA_SCHEME,Automation Scheme,,,,
SCHEME,1,EL NIDO_SCHEME,EL NIDO_SCHEME,Automation Scheme,,,,
SCHEME,1,CAPITAN_SCHEME,CAPITAN_SCHEME,Automation Scheme,,,,
SCHEME,1,MOORPARK_SCHEME,MOORPARK_SCHEME,Automation Scheme,,,,
SCHEME,1,GOLETA_SCHEME,GOLETA_SCHEME,Automation Scheme,,,,
SCHEME,1,BRIDGE_SCHEME,BRIDGE_SCHEME,Automation Scheme,,,,
SCHEME,1,DELANO_SCHEME,DELANO_SCHEME,Automation Scheme,,,,
SCHEME,1,MARASCHINO_SCHEME,MARASCHINO_SCHEME,Automation Scheme,,,,
SCHEME,1,FILLMORE_SCHEME,FILLMORE_SCHEME,Automation Scheme,,,,
SCHEME,1,BROWNING_SCHEME,BROWNING_SCHEME,Automation Scheme,,,,
SCHEME,1,CAMARILLO_SCHEME,CAMARILLO_SCHEME,Automation Scheme,,,,
SCHEME,1,WALTERIA_SCHEME,WALTERIA_SCHEME,Automation Scheme,,,,
SCHEME,1,ARROYO_SCHEME,ARROYO_SCHEME,Automation Scheme,,,,
SCHEME,1,LEVY_SCHEME,LEVY_SCHEME,Automation Scheme,,,,
SCHEME,1,PALMDALE_SCHEME,PALMDALE_SCHEME,Automation Scheme,,,,
SCHEME,1,OLYMPIC_SCHEME,OLYMPIC_SCHEME,Automation Scheme,,,,
SCHEME,1,SHANDIN_SCHEME,SHANDIN_SCHEME,Automation Scheme,,,,
SCHEME,1,ARRO_SCHEME,ARRO_SCHEME,Automation Scheme,,,,
SCHEME,1,ROADWAY_SCHEME,ROADWAY_SCHEME,Automation Scheme,,,,
SCHEME,1,AQUEDUCT_SCHEME,AQUEDUCT_SCHEME,Automation Scheme,,,,
SCHEME,1,PERRY_SCHEME,PERRY_SCHEME,Automation Scheme,,,,
SCHEME,1,OASIS_SCHEME,OASIS_SCHEME,Automation Scheme,,,,
SCHEME,1,SHUTTLE_SCHEME,SHUTTLE_SCHEME,Automation Scheme,,,,
SCHEME,1,MANHATTAN_SCHEME,MANHATTAN_SCHEME,Automation Scheme,,,,
SCHEME,1,CABAZON_SCHEME,CABAZON_SCHEME,Automation Scheme,,,,
SCHEME,1,DECLEZ_SCHEME,DECLEZ_SCHEME,Automation Scheme,,,,
SCHEME,1,DEL ROSA_SCHEME,DEL ROSA_SCHEME,Automation Scheme,,,,
SCHEME,1,MASCOT_SCHEME,MASCOT_SCHEME,Automation Scheme,,,,
SCHEME,1,COLTON_SCHEME,COLTON_SCHEME,Automation Scheme,,,,
SCHEME,1,HELIJET_SCHEME,HELIJET_SCHEME,Automation Scheme,,,,
SCHEME,1,SAN BERNARDINO_SCHEME,SAN BERNARDINO_SCHEME,Automation Scheme,,,,
SCHEME,1,SOLEMINT_SCHEME,SOLEMINT_SCHEME,Automation Scheme,,,,
SCHEME,1,HOMART_SCHEME,HOMART_SCHEME,Automation Scheme,,,,
SCHEME,1,PIUTE_SCHEME,PIUTE_SCHEME,Automation Scheme,,,,
SCHEME,1,BRIGHTON_SCHEME,BRIGHTON_SCHEME,Automation Scheme,,,,
SCHEME,1,INGLEWOOD_SCHEME,INGLEWOOD_SCHEME,Automation Scheme,,,,
SCHEME,1,LATIGO_SCHEME,LATIGO_SCHEME,Automation Scheme,,,,
SCHEME,1,MOBILOIL_SCHEME,MOBILOIL_SCHEME,Automation Scheme,,,,
SCHEME,1,TENNESSEE_SCHEME,TENNESSEE_SCHEME,Automation Scheme,,,,
SCHEME,1,LA FRESA_SCHEME,LA FRESA_SCHEME,Automation Scheme,,,,
SCHEME,1,DOWNS_SCHEME,DOWNS_SCHEME,Automation Scheme,,,,
SCHEME,1,PALOS VERDES_SCHEME,PALOS VERDES_SCHEME,Automation Scheme,,,,
SCHEME,1,CONVERSE FLATS_SCHEME,CONVERSE FLATS_SCHEME,Automation Scheme,,,,
SCHEME,1,OJAI_SCHEME,OJAI_SCHEME,Automation Scheme,,,,
SCHEME,1,NEWMARK_SCHEME,NEWMARK_SCHEME,Automation Scheme,,,,
SCHEME,1,ROYAL_SCHEME,ROYAL_SCHEME,Automation Scheme,,,,
SCHEME,1,SANTA SUSANA_SCHEME,SANTA SUSANA_SCHEME,Automation Scheme,,,,
SCHEME,1,RANDALL_SCHEME,RANDALL_SCHEME,Automation Scheme,,,,
SCHEME,1,SAWTELLE_SCHEME,SAWTELLE_SCHEME,Automation Scheme,,,,
SCHEME,1,MENTONE_SCHEME,MENTONE_SCHEME,Automation Scheme,,,,
SCHEME,1,JUNE LAKE_SCHEME,JUNE LAKE_SCHEME,Automation Scheme,,,,
SCHEME,1,AMADOR_SCHEME,AMADOR_SCHEME,Automation Scheme,,,,
SCHEME,1,ALDER_SCHEME,ALDER_SCHEME,Automation Scheme,,,,
SCHEME,1,SAN MIGUEL_SCHEME,SAN MIGUEL_SCHEME,Automation Scheme,,,,
SCHEME,1,VISALIA_SCHEME,VISALIA_SCHEME,Automation Scheme,,,,
SCHEME,1,LAWNDALE_SCHEME,LAWNDALE_SCHEME,Automation Scheme,,,,
SCHEME,1,WOODVILLE_SCHEME,WOODVILLE_SCHEME,Automation Scheme,,,,
SCHEME,1,ORO GRANDE_SCHEME,ORO GRANDE_SCHEME,Automation Scheme,,,,
SCHEME,1,COURT HOUSE PT_SCHEME,COURT HOUSE PT_SCHEME,Automation Scheme,,,,
SCHEME,1,YUCAIPA_SCHEME,YUCAIPA_SCHEME,Automation Scheme,,,,
SCHEME,1,WIMBLEDON_SCHEME,WIMBLEDON_SCHEME,Automation Scheme,,,,
SCHEME,1,GORMAN_SCHEME,GORMAN_SCHEME,Automation Scheme,,,,
SCHEME,1,CUMMINGS_SCHEME,CUMMINGS_SCHEME,Automation Scheme,,,,
SCHEME,1,MARIPOSA_SCHEME,MARIPOSA_SCHEME,Automation Scheme,,,,
SCHEME,1,VESTAL_SCHEME,VESTAL_SCHEME,Automation Scheme,,,,
SCHEME,1,GONZALES_SCHEME,GONZALES_SCHEME,Automation Scheme,,,,
SCHEME,1,MAXWELL_SCHEME,MAXWELL_SCHEME,Automation Scheme,,,,
SCHEME,1,FAIRFAX_SCHEME,FAIRFAX_SCHEME,Automation Scheme,,,,
SCHEME,1,PAINTED CAVE PT_SCHEME,PAINTED CAVE PT_SCHEME,Automation Scheme,,,,
SCHEME,1,SURREY UGS_SCHEME,SURREY UGS_SCHEME,Automation Scheme,,,,
SCHEME,1,ARROWHEAD_SCHEME,ARROWHEAD_SCHEME,Automation Scheme,,,,
SCHEME,1,BURNT MILL_SCHEME,BURNT MILL_SCHEME,Automation Scheme,,,,
SCHEME,1,TAHITI_SCHEME,TAHITI_SCHEME,Automation Scheme,,,,
SCHEME,1,NORTHWIND_SCHEME,NORTHWIND_SCHEME,Automation Scheme,,,,
SCHEME,1,GRAPEVINE PEAK PT_SCHEME,GRAPEVINE PEAK PT_SCHEME,Automation Scheme,,,,
SCHEME,1,ANITA_SCHEME,ANITA_SCHEME,Automation Scheme,,,,
SCHEME,1,CALCITY_SCHEME,CALCITY_SCHEME,Automation Scheme,,,,
SCHEME,1,GOLDTOWN_SCHEME,GOLDTOWN_SCHEME,Automation Scheme,,,,
SCHEME,1,HESPERIA_SCHEME,HESPERIA_SCHEME,Automation Scheme,,,,
SCHEME,1,ROLLING HILLS_SCHEME,ROLLING HILLS_SCHEME,Automation Scheme,,,,
SCHEME,1,ROSAMOND_SCHEME,ROSAMOND_SCHEME,Automation Scheme,,,,
SCHEME,1,MUSCOY_SCHEME,MUSCOY_SCHEME,Automation Scheme,,,,
SCHEME,1,QUINN_SCHEME,QUINN_SCHEME,Automation Scheme,,,,
SCHEME,1,GUNSITE PT_SCHEME,GUNSITE PT_SCHEME,Automation Scheme,,,,
SCHEME,1,CHATSWORTH_SCHEME,CHATSWORTH_SCHEME,Automation Scheme,,,,
SCHEME,1,MORNINGSIDE_SCHEME,MORNINGSIDE_SCHEME,Automation Scheme,,,,
SCHEME,1,PLAYA_SCHEME,PLAYA_SCHEME,Automation Scheme,,,,
SCHEME,1,NEENACH_SCHEME,NEENACH_SCHEME,Automation Scheme,,,,
SCHEME,1,SATICOY_SCHEME,SATICOY_SCHEME,Automation Scheme,,,,
SCHEME,1,SIXTEENTH STREET_SCHEME,SIXTEENTH STREET_SCHEME,Automation Scheme,,,,
SCHEME,1,TELEGRAPH_SCHEME,TELEGRAPH_SCHEME,Automation Scheme,,,,
SCHEME,1,ELAINE PT_SCHEME,ELAINE PT_SCHEME,Automation Scheme,,,,
SCHEME,1,NARROWS_SCHEME,NARROWS_SCHEME,Automation Scheme,,,,
SCHEME,1,FELTON_SCHEME,FELTON_SCHEME,Automation Scheme,,,,
SCHEME,1,ORSATTI PT_SCHEME,ORSATTI PT_SCHEME,Automation Scheme,,,,
SCHEME,1,WHEATLAND_SCHEME,WHEATLAND_SCHEME,Automation Scheme,,,,
SCHEME,1,WINDSOR HILLS_SCHEME,WINDSOR HILLS_SCHEME,Automation Scheme,,,,
SCHEME,1,MT VERNON_SCHEME,MT VERNON_SCHEME,Automation Scheme,,,,
SCHEME,1,SPACEX PT_SCHEME,SPACEX PT_SCHEME,Automation Scheme,,,,
SCHEME,1,TYBURN PT_SCHEME,TYBURN PT_SCHEME,Automation Scheme,,,,
SCHEME,1,LINDSAY_SCHEME,LINDSAY_SCHEME,Automation Scheme,,,,
SCHEME,1,ESCONDIDO PT_SCHEME,ESCONDIDO PT_SCHEME,Automation Scheme,,,,
SCHEME,1,PEPPER_SCHEME,PEPPER_SCHEME,Automation Scheme,,,,
SCHEME,1,CANTIL_SCHEME,CANTIL_SCHEME,Automation Scheme,,,,
SCHEME,1,BANNING_SCHEME,BANNING_SCHEME,Automation Scheme,,,,
SCHEME,1,CREST_SCHEME,CREST_SCHEME,Automation Scheme,,,,
SCHEME,1,MADRID_SCHEME,MADRID_SCHEME,Automation Scheme,,,,
SCHEME,1,REDMAN_SCHEME,REDMAN_SCHEME,Automation Scheme,,,,
SCHEME,1,TIPTON_SCHEME,TIPTON_SCHEME,Automation Scheme,,,,
SCHEME,1,PEARL_SCHEME,PEARL_SCHEME,Automation Scheme,,,,
SCHEME,1,TERRA BELLA_SCHEME,TERRA BELLA_SCHEME,Automation Scheme,,,,
SCHEME,1,ALLVIEW PT_SCHEME,ALLVIEW PT_SCHEME,Automation Scheme,,,,
SCHEME,1,SAN VICENTE_SCHEME,SAN VICENTE_SCHEME,Automation Scheme,,,,
SCHEME,1,ESTERO_SCHEME,ESTERO_SCHEME,Automation Scheme,,,,
SCHEME,1,HUSTON_SCHEME,HUSTON_SCHEME,Automation Scheme,,,,
SCHEME,1,GREEN BEAR PT_SCHEME,GREEN BEAR PT_SCHEME,Automation Scheme,,,,
SCHEME,1,THOUSAND OAKS_SCHEME,THOUSAND OAKS_SCHEME,Automation Scheme,,,,
SCHEME,1,LEMON COVE_SCHEME,LEMON COVE_SCHEME,Automation Scheme,,,,
SCHEME,1,DYSART PT_SCHEME,DYSART PT_SCHEME,Automation Scheme,,,,
SCHEME,1,HOWARD_SCHEME,HOWARD_SCHEME,Automation Scheme,,,,
SCHEME,1,COTTAGE GROVE_SCHEME,COTTAGE GROVE_SCHEME,Automation Scheme,,,,
SCHEME,1,VALDEZ_SCHEME,VALDEZ_SCHEME,Automation Scheme,,,,
SCHEME,1,CRUMP PT_SCHEME,CRUMP PT_SCHEME,Automation Scheme,,,,
SCHEME,1,TIPPECANOE_SCHEME,TIPPECANOE_SCHEME,Automation Scheme,,,,
SCHEME,1,WABASH_SCHEME,WABASH_SCHEME,Automation Scheme,,,,
SCHEME,1,RITTER RANCH_SCHEME,RITTER RANCH_SCHEME,Automation Scheme,,,,
SCHEME,1,VALLEY OF THE MOON PT_SCHEME,VALLEY OF THE MOON PT_SCHEME,Automation Scheme,,,,
SCHEME,1,MARYMOUNT_SCHEME,MARYMOUNT_SCHEME,Automation Scheme,,,,
SCHEME,1,MALIBU_SCHEME,MALIBU_SCHEME,Automation Scheme,,,,
SCHEME,1,TAPIA_SCHEME,TAPIA_SCHEME,Automation Scheme,,,,
SCHEME,1,NORTH BAY PT_SCHEME,NORTH BAY PT_SCHEME,Automation Scheme,,,,
SCHEME,1,SAUGUS_SCHEME,SAUGUS_SCHEME,Automation Scheme,,,,
SCHEME,1,VENICE HILL_SCHEME,VENICE HILL_SCHEME,Automation Scheme,,,,
SCHEME,1,KERN RIVER 1_SCHEME,KERN RIVER 1_SCHEME,Automation Scheme,,,,
SCHEME,1,CORRECTION_SCHEME,CORRECTION_SCHEME,Automation Scheme,,,,
SCHEME,1,OUTLET PT_SCHEME,OUTLET PT_SCHEME,Automation Scheme,,,,
SCHEME,1,OCEAN PARK_SCHEME,OCEAN PARK_SCHEME,Automation Scheme,,,,
SCHEME,1,GAVIOTA_SCHEME,GAVIOTA_SCHEME,Automation Scheme,,,,
SCHEME,1,TEJON PEAK PT_SCHEME,TEJON PEAK PT_SCHEME,Automation Scheme,,,,
SCHEME,1,RUNNING SPRINGS_SCHEME,RUNNING SPRINGS_SCHEME,Automation Scheme,,,,
SCHEME,1,BARD PT_SCHEME,BARD PT_SCHEME,Automation Scheme,,,,
SCHEME,1,MCKEVETT PT_SCHEME,MCKEVETT PT_SCHEME,Automation Scheme,,,,
SCHEME,1,NIAGARA_SCHEME,NIAGARA_SCHEME,Automation Scheme,,,,
SCHEME,1,NIDEVER PT_SCHEME,NIDEVER PT_SCHEME,Automation Scheme,,,,
SCHEME,1,CHILLON PT_SCHEME,CHILLON PT_SCHEME,Automation Scheme,,,,
SCHEME,1,PIERPONT_SCHEME,PIERPONT_SCHEME,Automation Scheme,,,,
SCHEME,1,ISABELLA_SCHEME,ISABELLA_SCHEME,Automation Scheme,,,,
SCHEME,1,GOULD_SCHEME,GOULD_SCHEME,Automation Scheme,,,,
SCHEME,1,VANDERLIP PT_SCHEME,VANDERLIP PT_SCHEME,Automation Scheme,,,,
SCHEME,1,BLUFF COVE_SCHEME,BLUFF COVE_SCHEME,Automation Scheme,,,,
SCHEME,1,BROOKINGS PT_SCHEME,BROOKINGS PT_SCHEME,Automation Scheme,,,,
SCHEME,1,LITTLE ROCK_SCHEME,LITTLE ROCK_SCHEME,Automation Scheme,,,,
SCHEME,1,PHARMACY_SCHEME,PHARMACY_SCHEME,Automation Scheme,,,,
SCHEME,1,RUBIDOUX_SCHEME,RUBIDOUX_SCHEME,Automation Scheme,,,,
SCHEME,1,KUFFEL PT_SCHEME,KUFFEL PT_SCHEME,Automation Scheme,,,,
SCHEME,1,RIALTO_SCHEME,RIALTO_SCHEME,Automation Scheme,,,,
SCHEME,1,TATANKA PT_SCHEME,TATANKA PT_SCHEME,Automation Scheme,,,,
SCHEME,1,LARK ELLEN_SCHEME,LARK ELLEN_SCHEME,Automation Scheme,,,,
SCHEME,1,BREEZE_SCHEME,BREEZE_SCHEME,Automation Scheme,,,,
SCHEME,1,HAVILAH_SCHEME,HAVILAH_SCHEME,Automation Scheme,,,,
SCHEME,1,CORUM_SCHEME,CORUM_SCHEME,Automation Scheme,,,,
SCHEME,1,LORAINE_SCHEME,LORAINE_SCHEME,Automation Scheme,,,,
SCHEME,1,SAN FERNANDO_SCHEME,SAN FERNANDO_SCHEME,Automation Scheme,,,,
SCHEME,1,EDWARDS_SCHEME,EDWARDS_SCHEME,Automation Scheme,,,,
SCHEME,1,ACTON_SCHEME,ACTON_SCHEME,Automation Scheme,,,,
SCHEME,1,QUARTZ HILL_SCHEME,QUARTZ HILL_SCHEME,Automation Scheme,,,,
SCHEME,1,MOYNIER PT_SCHEME,MOYNIER PT_SCHEME,Automation Scheme,,,,
SCHEME,1,WAKEFIELD_SCHEME,WAKEFIELD_SCHEME,Automation Scheme,,,,
SCHEME,1,DWP POWER PLANT 1_SCHEME,DWP POWER PLANT 1_SCHEME,Automation Scheme,,,,
SCHEME,1,HAVEDA_SCHEME,HAVEDA_SCHEME,Automation Scheme,,,,
SCHEME,1,WILSONA_SCHEME,WILSONA_SCHEME,Automation Scheme,,,,
SCHEME,1,DOLPHIN PT_SCHEME,DOLPHIN PT_SCHEME,Automation Scheme,,,,
SCHEME,1,FOREST HOME_SCHEME,FOREST HOME_SCHEME,Automation Scheme,,,,
SCHEME,1,WALKER BASIN_SCHEME,WALKER BASIN_SCHEME,Automation Scheme,,,,
SCHEME,1,JOB PT_SCHEME,JOB PT_SCHEME,Automation Scheme,,,,
SCHEME,1,TWENTY THREE ST PT_SCHEME,TWENTY THREE ST PT_SCHEME,Automation Scheme,,,,
SCHEME,1,BRIDGEPORT_SCHEME,BRIDGEPORT_SCHEME,Automation Scheme,,,,
SCHEME,1,LUNADA_SCHEME,LUNADA_SCHEME,Automation Scheme,,,,
SCHEME,1,SOUTHWIND_SCHEME,SOUTHWIND_SCHEME,Automation Scheme,,,,
SCHEME,1,SESPE PT_SCHEME,SESPE PT_SCHEME,Automation Scheme,,,,
SCHEME,1,FRAZIER PARK_SCHEME,FRAZIER PARK_SCHEME,Automation Scheme,,,,
SCHEME,1,WESTFALL PM_SCHEME,WESTFALL PM_SCHEME,Automation Scheme,,,,
SCHEME,1,HIGH SCHOOL PT_SCHEME,HIGH SCHOOL PT_SCHEME,Automation Scheme,,,,
SCHEME,1,PIXLEY_SCHEME,PIXLEY_SCHEME,Automation Scheme,,,,
SCHEME,1,PAR PT_SCHEME,PAR PT_SCHEME,Automation Scheme,,,,
SCHEME,1,OAK KNOLL PT_SCHEME,OAK KNOLL PT_SCHEME,Automation Scheme,,,,
SCHEME,1,PANCHITO PT_SCHEME,PANCHITO PT_SCHEME,Automation Scheme,,,,
SCHEME,1,LOUCKS PT_SCHEME,LOUCKS PT_SCHEME,Automation Scheme,,,,
SCHEME,1,LURING PT_SCHEME,LURING PT_SCHEME,Automation Scheme,,,,
SCHEME,1,SANTA ANA RIVER 1_SCHEME,SANTA ANA RIVER 1_SCHEME,Automation Scheme,,,,
SCHEME,1,VIA HUERTO PT_SCHEME,VIA HUERTO PT_SCHEME,Automation Scheme,,,,
SCHEME,1,BANDUCCI_SCHEME,BANDUCCI_SCHEME,Automation Scheme,,,,
SCHEME,1,PRUITT PT_SCHEME,PRUITT PT_SCHEME,Automation Scheme,,,,
SCHEME,1,HOLGATE_SCHEME,HOLGATE_SCHEME,Automation Scheme,,,,
SCHEME,1,DRINKWATER PT_SCHEME,DRINKWATER PT_SCHEME,Automation Scheme,,,,
SCHEME,1,DALBA PT_SCHEME,DALBA PT_SCHEME,Automation Scheme,,,,
SCHEME,1,JACKNORTHROP PT_SCHEME,JACKNORTHROP PT_SCHEME,Automation Scheme,,,,
SCHEME,1,LOMA VISTA PT_SCHEME,LOMA VISTA PT_SCHEME,Automation Scheme,,,,
SCHEME,1,TAFT_SCHEME,TAFT_SCHEME,Automation Scheme,,,,
SCHEME,1,CASPER PT_SCHEME,CASPER PT_SCHEME,Automation Scheme,,,,
SCHEME,1,SMILEY_SCHEME,SMILEY_SCHEME,Automation Scheme,,,,
SCHEME,1,CANADIAN_SCHEME,CANADIAN_SCHEME,Automation Scheme,,,,
SCHEME,1,COLOSSUS_SCHEME,COLOSSUS_SCHEME,Automation Scheme,,,,
SCHEME,1,ASHLEY PT_SCHEME,ASHLEY PT_SCHEME,Automation Scheme,,,,
SCHEME,1,ALPINE PT_SCHEME,ALPINE PT_SCHEME,Automation Scheme,,,,
SCHEME,1,HILLGREEN PT_SCHEME,HILLGREEN PT_SCHEME,Automation Scheme,,,,
SCHEME,1,MIDWIND_SCHEME,MIDWIND_SCHEME,Automation Scheme,,,,
SCHEME,1,HOOK CREEK PT_SCHEME,HOOK CREEK PT_SCHEME,Automation Scheme,,,,
SCHEME,1,GREAT LAKES_SCHEME,GREAT LAKES_SCHEME,Automation Scheme,,,,
SCHEME,1,CAMP ANGELUS PT_SCHEME,CAMP ANGELUS PT_SCHEME,Automation Scheme,,,,
SCHEME,1,WEESHA PT_SCHEME,WEESHA PT_SCHEME,Automation Scheme,,,,
SCHEME,1,BARWICK PT_SCHEME,BARWICK PT_SCHEME,Automation Scheme,,,,
SCHEME,1,CANALINO PT_SCHEME,CANALINO PT_SCHEME,Automation Scheme,,,,
SCHEME,1,TWENTY TWO ST PT_SCHEME,TWENTY TWO ST PT_SCHEME,Automation Scheme,,,,
SCHEME,1,PEACOCK UGS_SCHEME,PEACOCK UGS_SCHEME,Automation Scheme,,,,
SCHEME,1,CEDAR PINES PT_SCHEME,CEDAR PINES PT_SCHEME,Automation Scheme,,,,
SCHEME,1,NOGAL PT_SCHEME,NOGAL PT_SCHEME,Automation Scheme,,,,
SCHEME,1,ZANJA_SCHEME,ZANJA_SCHEME,Automation Scheme,,,,
SCHEME,1,PHEASANT PT_SCHEME,PHEASANT PT_SCHEME,Automation Scheme,,,,
SCHEME,1,MEBANE PT_SCHEME,MEBANE PT_SCHEME,Automation Scheme,,,,
SCHEME,1,HELENDALE_SCHEME,HELENDALE_SCHEME,Automation Scheme,,,,
,,,,,,,,
TEAM,0,ID_TEAM,SCHEME_TEAM,NAME_TEAM,DESCRIPTION_TEAM,,,
TEAM,1,PLAYBOY_TEAM,BEVERLY_SCHEME,PLAYBOY FISR,PLAYBOY FISR,,,
TEAM,1,DOLGEVILLE_TEAM,ALHAMBRA_SCHEME,DOLGEVILLE FISR,DOLGEVILLE FISR,,,
TEAM,1,HERBERT_TEAM,BELVEDERE_SCHEME,HERBERT FISR,HERBERT FISR,,,
TEAM,1,HAMMELL_TEAM,REPETTO_SCHEME,HAMMELL FISR,HAMMELL FISR,,,
TEAM,1,LEVECHE_TEAM,MONOLITH_SCHEME,LEVECHE FISR,LEVECHE FISR,,,
TEAM,1,STORKE_TEAM,VEGAS_SCHEME,STORKE FISR,STORKE FISR,,,
TEAM,1,KENDELL_TEAM,STODDARD_SCHEME,KENDELL FISR,KENDELL FISR,,,
TEAM,1,LUNA_TEAM,POTRERO_SCHEME,LUNA FISR,LUNA FISR,,,
TEAM,1,PIT_TEAM,RIO HONDO_SCHEME,PIT FISR,PIT FISR,,,
TEAM,1,CORAL_TEAM,TOPAZ_SCHEME,CORAL FISR,CORAL FISR,,,
TEAM,1,FUEL GAS 4_TEAM,COMPRESS_SCHEME,FUEL GAS 4 FISR,FUEL GAS 4 FISR,,,
TEAM,1,SNOWDEN_TEAM,DEL SUR_SCHEME,SNOWDEN FISR,SNOWDEN FISR,,,
TEAM,1,BLUE CUT_TEAM,BLUE CUT PT_SCHEME,BLUE CUT FISR,BLUE CUT FISR,,,
TEAM,1,NIGHTHAWK_TEAM,LOCKHEED_SCHEME,NIGHTHAWK FISR,NIGHTHAWK FISR,,,
TEAM,1,ROMANUS_TEAM,HASKELL_SCHEME,ROMANUS FISR,ROMANUS FISR,,,
TEAM,1,DOGWOOD_TEAM,TORRANCE_SCHEME,DOGWOOD FISR,DOGWOOD FISR,,,
TEAM,1,BOONE_TEAM,COLUMBINE_SCHEME,BOONE FISR,BOONE FISR,,,
TEAM,1,CAGNEY_TEAM,MOVIE_SCHEME,CAGNEY FISR,CAGNEY FISR,,,
TEAM,1,HIGHBALL_TEAM,BLOOMINGTON_SCHEME,HIGHBALL FISR,HIGHBALL FISR,,,
TEAM,1,GOLDBUCKLE_TEAM,HIGHLAND_SCHEME,GOLDBUCKLE FISR,GOLDBUCKLE FISR,,,
TEAM,1,PILGRIM_TEAM,ARCADIA_SCHEME,PILGRIM FISR,PILGRIM FISR,,,
TEAM,1,BLACKHILLS_TEAM,GLEN AVON_SCHEME,BLACKHILLS FISR,BLACKHILLS FISR,,,
TEAM,1,RIPTIDE_TEAM,SANTA MONICA_SCHEME,RIPTIDE FISR,RIPTIDE FISR,,,
TEAM,1,CRESTWIND_TEAM,CRESTWIND UGS_SCHEME,CRESTWIND FISR,CRESTWIND FISR,,,
TEAM,1,MULHOLLAND_TEAM,CRATER_SCHEME,MULHOLLAND FISR,MULHOLLAND FISR,,,
TEAM,1,CITY RANCH_TEAM,ANAVERDE_SCHEME,CITY RANCH FISR,CITY RANCH FISR,,,
TEAM,1,SCHENLEY_TEAM,COLUMBINE_SCHEME,SCHENLEY FISR,SCHENLEY FISR,,,
TEAM,1,SAGO_TEAM,TORRANCE_SCHEME,SAGO FISR,SAGO FISR,,,
TEAM,1,TUBA_TEAM,ELIZABETH LAKE_SCHEME,TUBA FISR,TUBA FISR,,,
TEAM,1,SEACLIFF_TEAM,CARPINTERIA_SCHEME,SEACLIFF FISR,SEACLIFF FISR,,,
TEAM,1,FUEL GAS 2_TEAM,COMPRESS_SCHEME,FUEL GAS 2 FISR,FUEL GAS 2 FISR,,,
TEAM,1,PADRE_TEAM,SANTA BARBARA_SCHEME,PADRE FISR,PADRE FISR,,,
TEAM,1,REPUBLIC_TEAM,LENNOX_SCHEME,REPUBLIC FISR,REPUBLIC FISR,,,
TEAM,1,IMPALA_TEAM,FALCON RIDGE_SCHEME,IMPALA FISR,IMPALA FISR,,,
TEAM,1,MCBEAN_TEAM,NEWHALL_SCHEME,MCBEAN FISR,MCBEAN FISR,,,
TEAM,1,LAKOTA_TEAM,RANCHO_SCHEME,LAKOTA FISR,LAKOTA FISR,,,
TEAM,1,CORTA_TEAM,VICTORVILLE_SCHEME,CORTA FISR,CORTA FISR,,,
TEAM,1,DONLON_TEAM,SOMIS_SCHEME,DONLON FISR,DONLON FISR,,,
TEAM,1,TAFT_TEAM,COLORADO_SCHEME,TAFT FISR,TAFT FISR,,,
TEAM,1,VERDUGO_TEAM,LA CANADA_SCHEME,VERDUGO FISR,VERDUGO FISR,,,
TEAM,1,BOA_TEAM,NORTH OAKS_SCHEME,BOA FISR,BOA FISR,,,
TEAM,1,REDBALL_TEAM,BLOOMINGTON_SCHEME,REDBALL FISR,REDBALL FISR,,,
TEAM,1,WOODHAVEN_TEAM,OAK PARK_SCHEME,WOODHAVEN FISR,WOODHAVEN FISR,,,
TEAM,1,EL PASEO_TEAM,REDONDO_SCHEME,EL PASEO FISR,EL PASEO FISR,,,
TEAM,1,FIGUEROA_TEAM,SANTA BARBARA_SCHEME,FIGUEROA FISR,FIGUEROA FISR,,,
TEAM,1,INTERSTATE_TEAM,SEPULVEDA_SCHEME,INTERSTATE FISR,INTERSTATE FISR,,,
TEAM,1,SHOEMAKER_TEAM,ARCADIA_SCHEME,SHOEMAKER FISR,SHOEMAKER FISR,,,
TEAM,1,CORD_TEAM,BEVERLY_SCHEME,CORD FISR,CORD FISR,,,
TEAM,1,CYRUS_TEAM,COLORADO_SCHEME,CYRUS FISR,CYRUS FISR,,,
TEAM,1,MAYS_TEAM,LANCASTER_SCHEME,MAYS FISR,MAYS FISR,,,
TEAM,1,KAY_TEAM,ALHAMBRA_SCHEME,KAY FISR,KAY FISR,,,
TEAM,1,AMBERCREST_TEAM,OAK PARK_SCHEME,AMBERCREST FISR,AMBERCREST FISR,,,
TEAM,1,OVERLAND_TEAM,CULVER_SCHEME,OVERLAND FISR,OVERLAND FISR,,,
TEAM,1,VALLECITO_TEAM,CARPINTERIA_SCHEME,VALLECITO FISR,VALLECITO FISR,,,
TEAM,1,OAKLAND_TEAM,OCTOL_SCHEME,OAKLAND FISR,OAKLAND FISR,,,
TEAM,1,GRHARTMAN_TEAM,BRADBURY_SCHEME,GRHARTMAN FISR,GRHARTMAN FISR,,,
TEAM,1,CHANDLER_TEAM,REDLANDS_SCHEME,CHANDLER FISR,CHANDLER FISR,,,
TEAM,1,SKY HI_TEAM,LUCERNE_SCHEME,SKY HI FISR,SKY HI FISR,,,
TEAM,1,ZINSER_TEAM,ARCHLINE_SCHEME,ZINSER FISR,ZINSER FISR,,,
TEAM,1,TREMAINE_TEAM,MONTECITO_SCHEME,TREMAINE FISR,TREMAINE FISR,,,
TEAM,1,TAMPICO_TEAM,CARDIFF_SCHEME,TAMPICO FISR,TAMPICO FISR,,,
TEAM,1,SURFSIDE_TEAM,CHANNEL ISLANDS_SCHEME,SURFSIDE FISR,SURFSIDE FISR,,,
TEAM,1,DOCTORS_TEAM,TIMOTEO_SCHEME,DOCTORS FISR,DOCTORS FISR,,,
TEAM,1,GOSS_TEAM,VICTOR_SCHEME,GOSS FISR,GOSS FISR,,,
TEAM,1,LOCKSLEY_TEAM,RAVENDALE_SCHEME,LOCKSLEY FISR,LOCKSLEY FISR,,,
TEAM,1,HEAVY_TEAM,RANDSBURG_SCHEME,HEAVY FISR,HEAVY FISR,,,
TEAM,1,HARKNESS_TEAM,DITMAR_SCHEME,HARKNESS FISR,HARKNESS FISR,,,
TEAM,1,LOGAN_TEAM,EARLIMART_SCHEME,LOGAN FISR,LOGAN FISR,,,
TEAM,1,PETTIS_TEAM,TIMOTEO_SCHEME,PETTIS FISR,PETTIS FISR,,,
TEAM,1,HOUSTON_TEAM,POPLAR_SCHEME,HOUSTON FISR,HOUSTON FISR,,,
TEAM,1,SAN NICHOLAS_TEAM,CASITAS_SCHEME,SAN NICHOLAS FISR,SAN NICHOLAS FISR,,,
TEAM,1,OBOE_TEAM,ELIZABETH LAKE_SCHEME,OBOE FISR,OBOE FISR,,,
TEAM,1,YORK_TEAM,YUKON_SCHEME,YORK FISR,YORK FISR,,,
TEAM,1,TELSTAR_TEAM,ROSEMEAD_SCHEME,TELSTAR FISR,TELSTAR FISR,,,
TEAM,1,MARLENE_TEAM,CULVER_SCHEME,MARLENE FISR,MARLENE FISR,,,
TEAM,1,SLALOM_TEAM,SKILAND_SCHEME,SLALOM FISR,SLALOM FISR,,,
TEAM,1,FERON_TEAM,ARCHLINE_SCHEME,FERON FISR,FERON FISR,,,
TEAM,1,FRATERNITY_TEAM,ISLA VISTA_SCHEME,FRATERNITY FISR,FRATERNITY FISR,,,
TEAM,1,JARVIS_TEAM,DALTON_SCHEME,JARVIS FISR,JARVIS FISR,,,
TEAM,1,PAHUTE_TEAM,APPLE VALLEY_SCHEME,PAHUTE FISR,PAHUTE FISR,,,
TEAM,1,SYMERON_TEAM,RANCHO_SCHEME,SYMERON FISR,SYMERON FISR,,,
TEAM,1,HOPE_TEAM,ETIWANDA_SCHEME,HOPE FISR,HOPE FISR,,,
TEAM,1,DUSTY_TEAM,RIO HONDO_SCHEME,DUSTY FISR,DUSTY FISR,,,
TEAM,1,BLUEBERRY_TEAM,CITRUS_SCHEME,BLUEBERRY FISR,BLUEBERRY FISR,,,
TEAM,1,ABBEY_TEAM,BLISS_SCHEME,ABBEY FISR,ABBEY FISR,,,
TEAM,1,CANDLEBERRY_TEAM,ANAVERDE_SCHEME,CANDLEBERRY FISR,CANDLEBERRY FISR,,,
TEAM,1,MEADOWBROOK_TEAM,CARDIFF_SCHEME,MEADOWBROOK FISR,MEADOWBROOK FISR,,,
TEAM,1,WINDJAMMER_TEAM,CHANNEL ISLANDS_SCHEME,WINDJAMMER FISR,WINDJAMMER FISR,,,
TEAM,1,TURNPIKE_TEAM,SANTA BARBARA_SCHEME,TURNPIKE FISR,TURNPIKE FISR,,,
TEAM,1,FAMOUS_TEAM,CALECTRIC_SCHEME,FAMOUS FISR,FAMOUS FISR,,,
TEAM,1,LA CUMBRE_TEAM,LA CUMBRE PT_SCHEME,LA CUMBRE FISR,LA CUMBRE FISR,,,
TEAM,1,ANGELINA_TEAM,VICTORIA_SCHEME,ANGELINA FISR,ANGELINA FISR,,,
TEAM,1,BELLTOWN_TEAM,WEST RIVERSIDE_SCHEME,BELLTOWN FISR,BELLTOWN FISR,,,
TEAM,1,ESTATES_TEAM,REPETTO_SCHEME,ESTATES FISR,ESTATES FISR,,,
TEAM,1,STOCKCAR_TEAM,BLOOMINGTON_SCHEME,STOCKCAR FISR,STOCKCAR FISR,,,
TEAM,1,KNOLLS_TEAM,RANCHO_SCHEME,KNOLLS FISR,KNOLLS FISR,,,
TEAM,1,ESTABAN_TEAM,SOMIS_SCHEME,ESTABAN FISR,ESTABAN FISR,,,
TEAM,1,DYNAMICS_TEAM,GENAMIC_SCHEME,DYNAMICS FISR,DYNAMICS FISR,,,
TEAM,1,PICKERING_TEAM,SANTA MONICA_SCHEME,PICKERING FISR,PICKERING FISR,,,
TEAM,1,ALBATROSS_TEAM,SANTA MONICA_SCHEME,ALBATROSS FISR,ALBATROSS FISR,,,
TEAM,1,JONAGOLD_TEAM,EL CASCO_SCHEME,JONAGOLD FISR,JONAGOLD FISR,,,
TEAM,1,AMESTOY_TEAM,MONETA_SCHEME,AMESTOY FISR,AMESTOY FISR,,,
TEAM,1,JOSTEN_TEAM,PORTERVILLE_SCHEME,JOSTEN FISR,JOSTEN FISR,,,
TEAM,1,WALGROVE_TEAM,MARINE_SCHEME,WALGROVE FISR,WALGROVE FISR,,,
TEAM,1,CAMPBELL_TEAM,PORTERVILLE_SCHEME,CAMPBELL FISR,CAMPBELL FISR,,,
TEAM,1,PRAYER_TEAM,SAVAGE_SCHEME,PRAYER FISR,PRAYER FISR,,,
TEAM,1,GREENWELL_TEAM,ORTEGA_SCHEME,GREENWELL FISR,GREENWELL FISR,,,
TEAM,1,JOHNBOY_TEAM,NEWBURY_SCHEME,JOHNBOY FISR,JOHNBOY FISR,,,
TEAM,1,HURST_TEAM,SAN MARCOS_SCHEME,HURST FISR,HURST FISR,,,
TEAM,1,JACK RABBIT_TEAM,BEAUMONT_SCHEME,JACK RABBIT FISR,JACK RABBIT FISR,,,
TEAM,1,COMMONWEALTH_TEAM,ALHAMBRA_SCHEME,COMMONWEALTH FISR,COMMONWEALTH FISR,,,
TEAM,1,MENDOZA_TEAM,LENNOX_SCHEME,MENDOZA FISR,MENDOZA FISR,,,
TEAM,1,ARNEILL_TEAM,COLONIA_SCHEME,ARNEILL FISR,ARNEILL FISR,,,
TEAM,1,ZEBRA_TEAM,EL NIDO_SCHEME,ZEBRA FISR,ZEBRA FISR,,,
TEAM,1,SHOAL_TEAM,CAPITAN_SCHEME,SHOAL FISR,SHOAL FISR,,,
TEAM,1,FIRETHORN_TEAM,TORRANCE_SCHEME,FIRETHORN FISR,FIRETHORN FISR,,,
TEAM,1,BRENNAN_TEAM,MOORPARK_SCHEME,BRENNAN FISR,BRENNAN FISR,,,
TEAM,1,GEORGIAN_TEAM,SANTA MONICA_SCHEME,GEORGIAN FISR,GEORGIAN FISR,,,
TEAM,1,PANCAKE_TEAM,CULVER_SCHEME,PANCAKE FISR,PANCAKE FISR,,,
TEAM,1,OZARK_TEAM,EL CASCO_SCHEME,OZARK FISR,OZARK FISR,,,
TEAM,1,TRUMP_TEAM,GOLETA_SCHEME,TRUMP FISR,TRUMP FISR,,,
TEAM,1,BARGE_TEAM,BRIDGE_SCHEME,BARGE FISR,BARGE FISR,,,
TEAM,1,PULLMAN_TEAM,DITMAR_SCHEME,PULLMAN FISR,PULLMAN FISR,,,
TEAM,1,PORT_TEAM,DELANO_SCHEME,PORT FISR,PORT FISR,,,
TEAM,1,BADA_TEAM,MARASCHINO_SCHEME,BADA FISR,BADA FISR,,,
TEAM,1,BUCKHORN_TEAM,FILLMORE_SCHEME,BUCKHORN FISR,BUCKHORN FISR,,,
TEAM,1,ELMO_TEAM,BROWNING_SCHEME,ELMO FISR,ELMO FISR,,,
TEAM,1,OAKWOOD_TEAM,ARCADIA_SCHEME,OAKWOOD FISR,OAKWOOD FISR,,,
TEAM,1,ADOLFO_TEAM,CAMARILLO_SCHEME,ADOLFO FISR,ADOLFO FISR,,,
TEAM,1,MADERA_TEAM,WALTERIA_SCHEME,MADERA FISR,MADERA FISR,,,
TEAM,1,HASKELL_TEAM,ARROYO_SCHEME,HASKELL FISR,HASKELL FISR,,,
TEAM,1,ENTERPRISE_TEAM,LEVY_SCHEME,ENTERPRISE FISR,ENTERPRISE FISR,,,
TEAM,1,LASKER_TEAM,PALMDALE_SCHEME,LASKER FISR,LASKER FISR,,,
TEAM,1,CHARLEVILLE_TEAM,OLYMPIC_SCHEME,CHARLEVILLE FISR,CHARLEVILLE FISR,,,
TEAM,1,BING_TEAM,MARASCHINO_SCHEME,BING FISR,BING FISR,,,
TEAM,1,RAZOR_TEAM,PALMDALE_SCHEME,RAZOR FISR,RAZOR FISR,,,
TEAM,1,SEGOVIA_TEAM,ROSEMEAD_SCHEME,SEGOVIA FISR,SEGOVIA FISR,,,
TEAM,1,HALLMARK_TEAM,SHANDIN_SCHEME,HALLMARK FISR,HALLMARK FISR,,,
TEAM,1,LA PEER_TEAM,BEVERLY_SCHEME,LA PEER FISR,LA PEER FISR,,,
TEAM,1,NORDIC_TEAM,SKILAND_SCHEME,NORDIC FISR,NORDIC FISR,,,
TEAM,1,BERKLEY_TEAM,ARRO_SCHEME,BERKLEY FISR,BERKLEY FISR,,,
TEAM,1,RUNWAY_TEAM,CULVER_SCHEME,RUNWAY FISR,RUNWAY FISR,,,
TEAM,1,TIPPER_TEAM,ROADWAY_SCHEME,TIPPER FISR,TIPPER FISR,,,
TEAM,1,ANCHORAGE_TEAM,YUKON_SCHEME,ANCHORAGE FISR,ANCHORAGE FISR,,,
TEAM,1,CISTERN_TEAM,AQUEDUCT_SCHEME,CISTERN FISR,CISTERN FISR,,,
TEAM,1,VILLA_TEAM,PERRY_SCHEME,VILLA FISR,VILLA FISR,,,
TEAM,1,BEONE_TEAM,OASIS_SCHEME,BEONE FISR,BEONE FISR,,,
TEAM,1,KONOBIE_TEAM,SHUTTLE_SCHEME,KONOBIE FISR,KONOBIE FISR,,,
TEAM,1,NORTH BEACH_TEAM,MANHATTAN_SCHEME,NORTH BEACH FISR,NORTH BEACH FISR,,,
TEAM,1,POPPET FLATS_TEAM,CABAZON_SCHEME,POPPET FLATS FISR,POPPET FLATS FISR,,,
TEAM,1,SURFRIDER_TEAM,SANTA MONICA_SCHEME,SURFRIDER FISR,SURFRIDER FISR,,,
TEAM,1,SPEEDWAY_TEAM,DECLEZ_SCHEME,SPEEDWAY FISR,SPEEDWAY FISR,,,
TEAM,1,GOLDPAN_TEAM,AQUEDUCT_SCHEME,GOLDPAN FISR,GOLDPAN FISR,,,
TEAM,1,ECHO_TEAM,DEL ROSA_SCHEME,ECHO FISR,ECHO FISR,,,
TEAM,1,TIGRIS_TEAM,RIO HONDO_SCHEME,TIGRIS FISR,TIGRIS FISR,,,
TEAM,1,BULLPUP_TEAM,MASCOT_SCHEME,BULLPUP FISR,BULLPUP FISR,,,
TEAM,1,DERBY_TEAM,COLTON_SCHEME,DERBY FISR,DERBY FISR,,,
TEAM,1,SCHMIDT_TEAM,MARASCHINO_SCHEME,SCHMIDT FISR,SCHMIDT FISR,,,
TEAM,1,WILLARD_TEAM,RAVENDALE_SCHEME,WILLARD FISR,WILLARD FISR,,,
TEAM,1,TRISTAR_TEAM,HELIJET_SCHEME,TRISTAR FISR,TRISTAR FISR,,,
TEAM,1,SERRA_TEAM,CRATER_SCHEME,SERRA FISR,SERRA FISR,,,
TEAM,1,DRAGON_TEAM,SAN BERNARDINO_SCHEME,DRAGON FISR,DRAGON FISR,,,
TEAM,1,HILLFIELD_TEAM,SOLEMINT_SCHEME,HILLFIELD FISR,HILLFIELD FISR,,,
TEAM,1,PYRAMID_TEAM,SAVAGE_SCHEME,PYRAMID FISR,PYRAMID FISR,,,
TEAM,1,OLANCHA_TEAM,VICTOR_SCHEME,OLANCHA FISR,OLANCHA FISR,,,
TEAM,1,CRESTHAVEN_TEAM,OAK PARK_SCHEME,CRESTHAVEN FISR,CRESTHAVEN FISR,,,
TEAM,1,CRAFTSMAN_TEAM,HOMART_SCHEME,CRAFTSMAN FISR,CRAFTSMAN FISR,,,
TEAM,1,BOUQUET_TEAM,SOLEMINT_SCHEME,BOUQUET FISR,BOUQUET FISR,,,
TEAM,1,THORNBURG_TEAM,PALMDALE_SCHEME,THORNBURG FISR,THORNBURG FISR,,,
TEAM,1,LAYE_TEAM,COMPRESS_SCHEME,LAYE FISR,LAYE FISR,,,
TEAM,1,WIGTON_TEAM,CAMARILLO_SCHEME,WIGTON FISR,WIGTON FISR,,,
TEAM,1,LUCERNE_TEAM,PIUTE_SCHEME,LUCERNE FISR,LUCERNE FISR,,,
TEAM,1,STARFIGHTER_TEAM,LOCKHEED_SCHEME,STARFIGHTER FISR,STARFIGHTER FISR,,,
TEAM,1,RUTHELLEN_TEAM,BRIGHTON_SCHEME,RUTHELLEN FISR,RUTHELLEN FISR,,,
TEAM,1,LIDUMS_TEAM,INGLEWOOD_SCHEME,LIDUMS FISR,LIDUMS FISR,,,
TEAM,1,STEWART_TEAM,BEAUMONT_SCHEME,STEWART FISR,STEWART FISR,,,
TEAM,1,MAGUIRE_TEAM,LATIGO_SCHEME,MAGUIRE FISR,MAGUIRE FISR,,,
TEAM,1,OZONE_TEAM,MANHATTAN_SCHEME,OZONE FISR,OZONE FISR,,,
TEAM,1,HUGHES LAKE_TEAM,DEL SUR_SCHEME,HUGHES LAKE FISR,HUGHES LAKE FISR,,,
TEAM,1,PUMALO_TEAM,DEL ROSA_SCHEME,PUMALO FISR,PUMALO FISR,,,
TEAM,1,HOPPER_TEAM,BLOOMINGTON_SCHEME,HOPPER FISR,HOPPER FISR,,,
TEAM,1,PATRIOT_TEAM,NEWBURY_SCHEME,PATRIOT FISR,PATRIOT FISR,,,
TEAM,1,SLOVER_TEAM,BLOOMINGTON_SCHEME,SLOVER FISR,SLOVER FISR,,,
TEAM,1,EISENMANN_TEAM,MOBILOIL_SCHEME,EISENMANN FISR,EISENMANN FISR,,,
TEAM,1,SHASTA_TEAM,TENNESSEE_SCHEME,SHASTA FISR,SHASTA FISR,,,
TEAM,1,DOMINGUEZ_TEAM,LA FRESA_SCHEME,DOMINGUEZ FISR,DOMINGUEZ FISR,,,
TEAM,1,MENTRY_TEAM,NEWHALL_SCHEME,MENTRY FISR,MENTRY FISR,,,
TEAM,1,ROCKET TOWN_TEAM,DOWNS_SCHEME,ROCKET TOWN FISR,ROCKET TOWN FISR,,,
TEAM,1,MAJOR_TEAM,PALOS VERDES_SCHEME,MAJOR FISR,MAJOR FISR,,,
TEAM,1,DEVILS GATE_TEAM,ARROYO_SCHEME,DEVILS GATE FISR,DEVILS GATE FISR,,,
TEAM,1,CENTURION_TEAM,HASKELL_SCHEME,CENTURION FISR,CENTURION FISR,,,
TEAM,1,BRYANT_TEAM,LA FRESA_SCHEME,BRYANT FISR,BRYANT FISR,,,
TEAM,1,HOSPAT_TEAM,DEL ROSA_SCHEME,HOSPAT FISR,HOSPAT FISR,,,
TEAM,1,PLACID_TEAM,TIMOTEO_SCHEME,PLACID FISR,PLACID FISR,,,
TEAM,1,JULIUS_TEAM,HASKELL_SCHEME,JULIUS FISR,JULIUS FISR,,,
TEAM,1,ETTING_TEAM,LEVY_SCHEME,ETTING FISR,ETTING FISR,,,
TEAM,1,JENKS LAKE_TEAM,CONVERSE FLATS_SCHEME,JENKS LAKE FISR,JENKS LAKE FISR,,,
TEAM,1,RHODA_TEAM,CRATER_SCHEME,RHODA FISR,RHODA FISR,,,
TEAM,1,PATRICIA_TEAM,OJAI_SCHEME,PATRICIA FISR,PATRICIA FISR,,,
TEAM,1,KENMORE_TEAM,NEWMARK_SCHEME,KENMORE FISR,KENMORE FISR,,,
TEAM,1,BUCKNER_TEAM,ROYAL_SCHEME,BUCKNER FISR,BUCKNER FISR,,,
TEAM,1,JUBILEE_TEAM,MARASCHINO_SCHEME,JUBILEE FISR,JUBILEE FISR,,,
TEAM,1,BRAND_TEAM,SANTA SUSANA_SCHEME,BRAND FISR,BRAND FISR,,,
TEAM,1,STEVENS_TEAM,CULVER_SCHEME,STEVENS FISR,STEVENS FISR,,,
TEAM,1,TANK FARM 5_TEAM,COMPRESS_SCHEME,TANK FARM 5 FISR,TANK FARM 5 FISR,,,
TEAM,1,HASTY_TEAM,RANDALL_SCHEME,HASTY FISR,HASTY FISR,,,
TEAM,1,SPILLWAY_TEAM,RIO HONDO_SCHEME,SPILLWAY FISR,SPILLWAY FISR,,,
TEAM,1,MCEWAN_TEAM,MARINE_SCHEME,MCEWAN FISR,MCEWAN FISR,,,
TEAM,1,DELID_TEAM,MONETA_SCHEME,DELID FISR,DELID FISR,,,
TEAM,1,TROTTER_TEAM,RAVENDALE_SCHEME,TROTTER FISR,TROTTER FISR,,,
TEAM,1,CARNELIAN_TEAM,VICTORIA_SCHEME,CARNELIAN FISR,CARNELIAN FISR,,,
TEAM,1,PERSHING_TEAM,ARRO_SCHEME,PERSHING FISR,PERSHING FISR,,,
TEAM,1,RANIER_TEAM,MARASCHINO_SCHEME,RANIER FISR,RANIER FISR,,,
TEAM,1,LEONA_TEAM,ANAVERDE_SCHEME,LEONA FISR,LEONA FISR,,,
TEAM,1,CASSIDY_TEAM,SANTA SUSANA_SCHEME,CASSIDY FISR,CASSIDY FISR,,,
TEAM,1,FLYNN_TEAM,CAMARILLO_SCHEME,FLYNN FISR,FLYNN FISR,,,
TEAM,1,HILLARD_TEAM,LA CANADA_SCHEME,HILLARD FISR,HILLARD FISR,,,
TEAM,1,TERRA_TEAM,ARCHLINE_SCHEME,TERRA FISR,TERRA FISR,,,
TEAM,1,PATTON_TEAM,SAWTELLE_SCHEME,PATTON FISR,PATTON FISR,,,
TEAM,1,NAVEL_TEAM,MENTONE_SCHEME,NAVEL FISR,NAVEL FISR,,,
TEAM,1,ELROY_TEAM,LA FRESA_SCHEME,ELROY FISR,ELROY FISR,,,
TEAM,1,GULL LAKE_TEAM,JUNE LAKE_SCHEME,GULL LAKE FISR,GULL LAKE FISR,,,
TEAM,1,AQUIFER_TEAM,OCTOL_SCHEME,AQUIFER FISR,AQUIFER FISR,,,
TEAM,1,SILVA_TEAM,RANDALL_SCHEME,SILVA FISR,SILVA FISR,,,
TEAM,1,MELROSE_TEAM,BEVERLY_SCHEME,MELROSE FISR,MELROSE FISR,,,
TEAM,1,VELMA_TEAM,AMADOR_SCHEME,VELMA FISR,VELMA FISR,,,
TEAM,1,AUGUSTA_TEAM,ALDER_SCHEME,AUGUSTA FISR,AUGUSTA FISR,,,
TEAM,1,YOSEMITE_TEAM,SANTA SUSANA_SCHEME,YOSEMITE FISR,YOSEMITE FISR,,,
TEAM,1,FILLY_TEAM,INGLEWOOD_SCHEME,FILLY FISR,FILLY FISR,,,
TEAM,1,READY_TEAM,SAN MIGUEL_SCHEME,READY FISR,READY FISR,,,
TEAM,1,FONRI_TEAM,CALECTRIC_SCHEME,FONRI FISR,FONRI FISR,,,
TEAM,1,BABCOCK_TEAM,MOBILOIL_SCHEME,BABCOCK FISR,BABCOCK FISR,,,
TEAM,1,HYDE PARK_TEAM,INGLEWOOD_SCHEME,HYDE PARK FISR,HYDE PARK FISR,,,
TEAM,1,CALDWELL_TEAM,VISALIA_SCHEME,CALDWELL FISR,CALDWELL FISR,,,
TEAM,1,SUTRO_TEAM,LAWNDALE_SCHEME,SUTRO FISR,SUTRO FISR,,,
TEAM,1,MONTY_TEAM,CARDIFF_SCHEME,MONTY FISR,MONTY FISR,,,
TEAM,1,NOAKES_TEAM,WOODVILLE_SCHEME,NOAKES FISR,NOAKES FISR,,,
TEAM,1,LENA_TEAM,CARDIFF_SCHEME,LENA FISR,LENA FISR,,,
TEAM,1,BLOWER_TEAM,MOBILOIL_SCHEME,BLOWER FISR,BLOWER FISR,,,
TEAM,1,PYTHON_TEAM,NORTH OAKS_SCHEME,PYTHON FISR,PYTHON FISR,,,
TEAM,1,NORWOOD_TEAM,HIGHLAND_SCHEME,NORWOOD FISR,NORWOOD FISR,,,
TEAM,1,RIMPAU_TEAM,CULVER_SCHEME,RIMPAU FISR,RIMPAU FISR,,,
TEAM,1,HARDROCK_TEAM,ORO GRANDE_SCHEME,HARDROCK FISR,HARDROCK FISR,,,
TEAM,1,LASSEN_TEAM,SANTA MONICA_SCHEME,LASSEN FISR,LASSEN FISR,,,
TEAM,1,COURT HOUSE_TEAM,COURT HOUSE PT_SCHEME,COURT HOUSE FISR,COURT HOUSE FISR,,,
TEAM,1,BUTANE_TEAM,SEPULVEDA_SCHEME,BUTANE FISR,BUTANE FISR,,,
TEAM,1,ASTEROID_TEAM,ALHAMBRA_SCHEME,ASTEROID FISR,ASTEROID FISR,,,
TEAM,1,BENCH_TEAM,YUCAIPA_SCHEME,BENCH FISR,BENCH FISR,,,
TEAM,1,ANZA_TEAM,LENNOX_SCHEME,ANZA FISR,ANZA FISR,,,
TEAM,1,COLDWATER_TEAM,BEVERLY_SCHEME,COLDWATER FISR,COLDWATER FISR,,,
TEAM,1,ARBORETUM_TEAM,ARCADIA_SCHEME,ARBORETUM FISR,ARBORETUM FISR,,,
TEAM,1,CHANG_TEAM,WIMBLEDON_SCHEME,CHANG FISR,CHANG FISR,,,
TEAM,1,RIDGE_TEAM,GORMAN_SCHEME,RIDGE FISR,RIDGE FISR,,,
TEAM,1,METTLER_TEAM,CUMMINGS_SCHEME,METTLER FISR,METTLER FISR,,,
TEAM,1,GARWOOD_TEAM,MARIPOSA_SCHEME,GARWOOD FISR,GARWOOD FISR,,,
TEAM,1,CARATAN_TEAM,VESTAL_SCHEME,CARATAN FISR,CARATAN FISR,,,
TEAM,1,SAUCELITO_TEAM,WOODVILLE_SCHEME,SAUCELITO FISR,SAUCELITO FISR,,,
TEAM,1,MAULHARDT_TEAM,GONZALES_SCHEME,MAULHARDT FISR,MAULHARDT FISR,,,
TEAM,1,DAVENPORT_TEAM,SOLEMINT_SCHEME,DAVENPORT FISR,DAVENPORT FISR,,,
TEAM,1,MANZER_TEAM,VICTOR_SCHEME,MANZER FISR,MANZER FISR,,,
TEAM,1,HEERS_TEAM,MAXWELL_SCHEME,HEERS FISR,HEERS FISR,,,
TEAM,1,MCVEIGH_TEAM,COMPRESS_SCHEME,MCVEIGH FISR,MCVEIGH FISR,,,
TEAM,1,DUDA_TEAM,MAXWELL_SCHEME,DUDA FISR,DUDA FISR,,,
TEAM,1,ANACONDA_TEAM,NORTH OAKS_SCHEME,ANACONDA FISR,ANACONDA FISR,,,
TEAM,1,LA POSADA_TEAM,REDLANDS_SCHEME,LA POSADA FISR,LA POSADA FISR,,,
TEAM,1,LARABEE_TEAM,FAIRFAX_SCHEME,LARABEE FISR,LARABEE FISR,,,
TEAM,1,PAINTED CAVE_TEAM,PAINTED CAVE PT_SCHEME,PAINTED CAVE FISR,PAINTED CAVE FISR,,,
TEAM,1,SURREY_TEAM,SURREY UGS_SCHEME,SURREY FISR,SURREY FISR,,,
TEAM,1,WHITMORE_TEAM,ROSEMEAD_SCHEME,WHITMORE FISR,WHITMORE FISR,,,
TEAM,1,SQUINT_TEAM,ARROWHEAD_SCHEME,SQUINT FISR,SQUINT FISR,,,
TEAM,1,WATERWAY_TEAM,AQUEDUCT_SCHEME,WATERWAY FISR,WATERWAY FISR,,,
TEAM,1,NORTH SHORE_TEAM,BURNT MILL_SCHEME,NORTH SHORE FISR,NORTH SHORE FISR,,,
TEAM,1,RAYBURN_TEAM,ANAVERDE_SCHEME,RAYBURN FISR,RAYBURN FISR,,,
TEAM,1,CHANTRY_TEAM,ARCADIA_SCHEME,CHANTRY FISR,CHANTRY FISR,,,
TEAM,1,BARNACLE_TEAM,TAHITI_SCHEME,BARNACLE FISR,BARNACLE FISR,,,
TEAM,1,RICHGROVE_TEAM,VESTAL_SCHEME,RICHGROVE FISR,RICHGROVE FISR,,,
TEAM,1,GUST_TEAM,NORTHWIND_SCHEME,GUST FISR,GUST FISR,,,
TEAM,1,THACHER_TEAM,OJAI_SCHEME,THACHER FISR,THACHER FISR,,,
TEAM,1,APPLETON_TEAM,ROYAL_SCHEME,APPLETON FISR,APPLETON FISR,,,
TEAM,1,GRAVES_TEAM,ALHAMBRA_SCHEME,GRAVES FISR,GRAVES FISR,,,
TEAM,1,HONEYWELL_TEAM,BRADBURY_SCHEME,HONEYWELL FISR,HONEYWELL FISR,,,
TEAM,1,BARLEY FLATS_TEAM,LA CANADA_SCHEME,BARLEY FLATS FISR,BARLEY FLATS FISR,,,
TEAM,1,GRAPEVINE PEAK_TEAM,GRAPEVINE PEAK PT_SCHEME,GRAPEVINE PEAK FISR,GRAPEVINE PEAK FISR,,,
TEAM,1,KINGPIN_TEAM,ROADWAY_SCHEME,KINGPIN FISR,KINGPIN FISR,,,
TEAM,1,WESTBLUFF_TEAM,MAXWELL_SCHEME,WESTBLUFF FISR,WESTBLUFF FISR,,,
TEAM,1,DRONE_TEAM,GENAMIC_SCHEME,DRONE FISR,DRONE FISR,,,
TEAM,1,EBONY_TEAM,TORRANCE_SCHEME,EBONY FISR,EBONY FISR,,,
TEAM,1,BUNNY_TEAM,BEVERLY_SCHEME,BUNNY FISR,BUNNY FISR,,,
TEAM,1,MARX_TEAM,ETIWANDA_SCHEME,MARX FISR,MARX FISR,,,
TEAM,1,GRAYDON_TEAM,ANITA_SCHEME,GRAYDON FISR,GRAYDON FISR,,,
TEAM,1,AVANTI_TEAM,SHANDIN_SCHEME,AVANTI FISR,AVANTI FISR,,,
TEAM,1,MARGUERITA_TEAM,ALHAMBRA_SCHEME,MARGUERITA FISR,MARGUERITA FISR,,,
TEAM,1,GRAF_TEAM,WIMBLEDON_SCHEME,GRAF FISR,GRAF FISR,,,
TEAM,1,PALM_TEAM,MONETA_SCHEME,PALM FISR,PALM FISR,,,
TEAM,1,BRITTLE BUSH_TEAM,CALCITY_SCHEME,BRITTLE BUSH FISR,BRITTLE BUSH FISR,,,
TEAM,1,WATERMAN_TEAM,CARDIFF_SCHEME,WATERMAN FISR,WATERMAN FISR,,,
TEAM,1,OBAN_TEAM,LANCASTER_SCHEME,OBAN FISR,OBAN FISR,,,
TEAM,1,GLADYS_TEAM,ROSEMEAD_SCHEME,GLADYS FISR,GLADYS FISR,,,
TEAM,1,QUINBY_TEAM,ANAVERDE_SCHEME,QUINBY FISR,QUINBY FISR,,,
TEAM,1,ROSA_TEAM,CAMARILLO_SCHEME,ROSA FISR,ROSA FISR,,,
TEAM,1,ACROBAT_TEAM,ANAVERDE_SCHEME,ACROBAT FISR,ACROBAT FISR,,,
TEAM,1,SARATOGA_TEAM,LEVY_SCHEME,SARATOGA FISR,SARATOGA FISR,,,
TEAM,1,CHOICEANNA_TEAM,APPLE VALLEY_SCHEME,CHOICEANNA FISR,CHOICEANNA FISR,,,
TEAM,1,GILMORE_TEAM,FAIRFAX_SCHEME,GILMORE FISR,GILMORE FISR,,,
TEAM,1,CONINE_TEAM,YUCAIPA_SCHEME,CONINE FISR,CONINE FISR,,,
TEAM,1,PARKDALE_TEAM,DEL ROSA_SCHEME,PARKDALE FISR,PARKDALE FISR,,,
TEAM,1,SPHINX_TEAM,SAN BERNARDINO_SCHEME,SPHINX FISR,SPHINX FISR,,,
TEAM,1,DURAMAX_TEAM,ROADWAY_SCHEME,DURAMAX FISR,DURAMAX FISR,,,
TEAM,1,CRAM_TEAM,HIGHLAND_SCHEME,CRAM FISR,CRAM FISR,,,
TEAM,1,DISCOVERY_TEAM,GOLDTOWN_SCHEME,DISCOVERY FISR,DISCOVERY FISR,,,
TEAM,1,ADELANTO_TEAM,VICTOR_SCHEME,ADELANTO FISR,ADELANTO FISR,,,
TEAM,1,HERCULES_TEAM,HESPERIA_SCHEME,HERCULES FISR,HERCULES FISR,,,
TEAM,1,LATIMER_TEAM,VICTOR_SCHEME,LATIMER FISR,LATIMER FISR,,,
TEAM,1,BLANCA_TEAM,COLUMBINE_SCHEME,BLANCA FISR,BLANCA FISR,,,
TEAM,1,ELLENWOOD_TEAM,ROLLING HILLS_SCHEME,ELLENWOOD FISR,ELLENWOOD FISR,,,
TEAM,1,OAK CREEK_TEAM,ROSAMOND_SCHEME,OAK CREEK FISR,OAK CREEK FISR,,,
TEAM,1,MUGU_TEAM,COLONIA_SCHEME,MUGU FISR,MUGU FISR,,,
TEAM,1,MACY_TEAM,MUSCOY_SCHEME,MACY FISR,MACY FISR,,,
TEAM,1,AIRBUS_TEAM,HELIJET_SCHEME,AIRBUS FISR,AIRBUS FISR,,,
TEAM,1,CARPENTER_TEAM,DEL ROSA_SCHEME,CARPENTER FISR,CARPENTER FISR,,,
TEAM,1,SPIKE_TEAM,BLOOMINGTON_SCHEME,SPIKE FISR,SPIKE FISR,,,
TEAM,1,BONSALL_TEAM,SAWTELLE_SCHEME,BONSALL FISR,BONSALL FISR,,,
TEAM,1,CAESAR_TEAM,HASKELL_SCHEME,CAESAR FISR,CAESAR FISR,,,
TEAM,1,CORY_TEAM,BEVERLY_SCHEME,CORY FISR,CORY FISR,,,
TEAM,1,PINEAPPLE_TEAM,CITRUS_SCHEME,PINEAPPLE FISR,PINEAPPLE FISR,,,
TEAM,1,KYTE_TEAM,QUINN_SCHEME,KYTE FISR,KYTE FISR,,,
TEAM,1,SUNTOWER_TEAM,SANTA MONICA_SCHEME,SUNTOWER FISR,SUNTOWER FISR,,,
TEAM,1,SERVO_TEAM,CULVER_SCHEME,SERVO FISR,SERVO FISR,,,
TEAM,1,SALVADOR_TEAM,SAN MIGUEL_SCHEME,SALVADOR FISR,SALVADOR FISR,,,
TEAM,1,PUEBLO_TEAM,LA FRESA_SCHEME,PUEBLO FISR,PUEBLO FISR,,,
TEAM,1,ORION_TEAM,LOCKHEED_SCHEME,ORION FISR,ORION FISR,,,
TEAM,1,GILLIBRAND_TEAM,SANTA SUSANA_SCHEME,GILLIBRAND FISR,GILLIBRAND FISR,,,
TEAM,1,MANTECA_TEAM,RANDALL_SCHEME,MANTECA FISR,MANTECA FISR,,,
TEAM,1,ZANTAR_TEAM,MAXWELL_SCHEME,ZANTAR FISR,ZANTAR FISR,,,
TEAM,1,WINFORD_TEAM,GONZALES_SCHEME,WINFORD FISR,WINFORD FISR,,,
TEAM,1,LA GRANDE_TEAM,ARCHLINE_SCHEME,LA GRANDE FISR,LA GRANDE FISR,,,
TEAM,1,GUNSITE_TEAM,GUNSITE PT_SCHEME,GUNSITE FISR,GUNSITE FISR,,,
TEAM,1,BUFFER_TEAM,CHATSWORTH_SCHEME,BUFFER FISR,BUFFER FISR,,,
TEAM,1,YODA_TEAM,SHUTTLE_SCHEME,YODA FISR,YODA FISR,,,
TEAM,1,CASA LOMA_TEAM,REDLANDS_SCHEME,CASA LOMA FISR,CASA LOMA FISR,,,
TEAM,1,ENDOR_TEAM,SHUTTLE_SCHEME,ENDOR FISR,ENDOR FISR,,,
TEAM,1,MATA_TEAM,COMPRESS_SCHEME,MATA FISR,MATA FISR,,,
TEAM,1,ENERGY_TEAM,CHATSWORTH_SCHEME,ENERGY FISR,ENERGY FISR,,,
TEAM,1,WINLOCK_TEAM,ROLLING HILLS_SCHEME,WINLOCK FISR,WINLOCK FISR,,,
TEAM,1,JEDI_TEAM,SHUTTLE_SCHEME,JEDI FISR,JEDI FISR,,,
TEAM,1,FIRMONA_TEAM,LA FRESA_SCHEME,FIRMONA FISR,FIRMONA FISR,,,
TEAM,1,TOGA_TEAM,HASKELL_SCHEME,TOGA FISR,TOGA FISR,,,
TEAM,1,DARBY_TEAM,MORNINGSIDE_SCHEME,DARBY FISR,DARBY FISR,,,
TEAM,1,HOLLYWOOD_TEAM,FAIRFAX_SCHEME,HOLLYWOOD FISR,HOLLYWOOD FISR,,,
TEAM,1,TAPO_TEAM,SANTA SUSANA_SCHEME,TAPO FISR,TAPO FISR,,,
TEAM,1,TOLA_TEAM,ARROYO_SCHEME,TOLA FISR,TOLA FISR,,,
TEAM,1,BRAEMER_TEAM,PLAYA_SCHEME,BRAEMER FISR,BRAEMER FISR,,,
TEAM,1,GLOVER_TEAM,OCTOL_SCHEME,GLOVER FISR,GLOVER FISR,,,
TEAM,1,GRUBSTAKE_TEAM,ROSAMOND_SCHEME,GRUBSTAKE FISR,GRUBSTAKE FISR,,,
TEAM,1,NERO_TEAM,HASKELL_SCHEME,NERO FISR,NERO FISR,,,
TEAM,1,BLEDSOE_TEAM,NEENACH_SCHEME,BLEDSOE FISR,BLEDSOE FISR,,,
TEAM,1,DIVISION_TEAM,ROSAMOND_SCHEME,DIVISION FISR,DIVISION FISR,,,
TEAM,1,MALOY_TEAM,SATICOY_SCHEME,MALOY FISR,MALOY FISR,,,
TEAM,1,MAXIMUS_TEAM,HASKELL_SCHEME,MAXIMUS FISR,MAXIMUS FISR,,,
TEAM,1,POTATO_TEAM,SIXTEENTH STREET_SCHEME,POTATO FISR,POTATO FISR,,,
TEAM,1,BOLOR_TEAM,ALDER_SCHEME,BOLOR FISR,BOLOR FISR,,,
TEAM,1,STONEWOOD_TEAM,YUCAIPA_SCHEME,STONEWOOD FISR,STONEWOOD FISR,,,
TEAM,1,GAMMA_TEAM,TELEGRAPH_SCHEME,GAMMA FISR,GAMMA FISR,,,
TEAM,1,CHARLIE_TEAM,ALDER_SCHEME,CHARLIE FISR,CHARLIE FISR,,,
TEAM,1,ELAINE_TEAM,ELAINE PT_SCHEME,ELAINE FISR,ELAINE FISR,,,
TEAM,1,REVERSE PEAK_TEAM,JUNE LAKE_SCHEME,REVERSE PEAK FISR,REVERSE PEAK FISR,,,
TEAM,1,ESCAMILLA_TEAM,NARROWS_SCHEME,ESCAMILLA FISR,ESCAMILLA FISR,,,
TEAM,1,HINDRY_TEAM,FELTON_SCHEME,HINDRY FISR,HINDRY FISR,,,
TEAM,1,TAKNING_TEAM,ALHAMBRA_SCHEME,TAKNING FISR,TAKNING FISR,,,
TEAM,1,MANNING_TEAM,DECLEZ_SCHEME,MANNING FISR,MANNING FISR,,,
TEAM,1,WASP_TEAM,VEGAS_SCHEME,WASP FISR,WASP FISR,,,
TEAM,1,CADIZ_TEAM,NEWMARK_SCHEME,CADIZ FISR,CADIZ FISR,,,
TEAM,1,VASQUEZ_TEAM,SOLEMINT_SCHEME,VASQUEZ FISR,VASQUEZ FISR,,,
TEAM,1,ORSATTI_TEAM,ORSATTI PT_SCHEME,ORSATTI FISR,ORSATTI FISR,,,
TEAM,1,TAMARIND_TEAM,ALDER_SCHEME,TAMARIND FISR,TAMARIND FISR,,,
TEAM,1,BOBCAT_TEAM,WHEATLAND_SCHEME,BOBCAT FISR,BOBCAT FISR,,,
TEAM,1,SOCONY_TEAM,MOBILOIL_SCHEME,SOCONY FISR,SOCONY FISR,,,
TEAM,1,MEDALLION_TEAM,LANCASTER_SCHEME,MEDALLION FISR,MEDALLION FISR,,,
TEAM,1,MUSE_TEAM,TIMOTEO_SCHEME,MUSE FISR,MUSE FISR,,,
TEAM,1,CORNWALL_TEAM,NARROWS_SCHEME,CORNWALL FISR,CORNWALL FISR,,,
TEAM,1,CENTAUR_TEAM,SAN BERNARDINO_SCHEME,CENTAUR FISR,CENTAUR FISR,,,
TEAM,1,STOCKER_TEAM,WINDSOR HILLS_SCHEME,STOCKER FISR,STOCKER FISR,,,
TEAM,1,CHICAGO_TEAM,BELVEDERE_SCHEME,CHICAGO FISR,CHICAGO FISR,,,
TEAM,1,JUDSON_TEAM,REDLANDS_SCHEME,JUDSON FISR,JUDSON FISR,,,
TEAM,1,BRUNNER_TEAM,ALHAMBRA_SCHEME,BRUNNER FISR,BRUNNER FISR,,,
TEAM,1,GREY_TEAM,ARCHLINE_SCHEME,GREY FISR,GREY FISR,,,
TEAM,1,GARNER_TEAM,MT VERNON_SCHEME,GARNER FISR,GARNER FISR,,,
TEAM,1,SPACEX_TEAM,SPACEX PT_SCHEME,SPACEX FISR,SPACEX FISR,,,
TEAM,1,TRIGO_TEAM,ISLA VISTA_SCHEME,TRIGO FISR,TRIGO FISR,,,
TEAM,1,NARBONNE_TEAM,WALTERIA_SCHEME,NARBONNE FISR,NARBONNE FISR,,,
TEAM,1,ALMANSOR_TEAM,ALHAMBRA_SCHEME,ALMANSOR FISR,ALMANSOR FISR,,,
TEAM,1,JAMESON_TEAM,SANTA BARBARA_SCHEME,JAMESON FISR,JAMESON FISR,,,
TEAM,1,TYBURN_TEAM,TYBURN PT_SCHEME,TYBURN FISR,TYBURN FISR,,,
TEAM,1,CISCO_TEAM,SAN MIGUEL_SCHEME,CISCO FISR,CISCO FISR,,,
TEAM,1,ROSEDALE_TEAM,LINDSAY_SCHEME,ROSEDALE FISR,ROSEDALE FISR,,,
TEAM,1,ESCONDIDO_TEAM,ESCONDIDO PT_SCHEME,ESCONDIDO FISR,ESCONDIDO FISR,,,
TEAM,1,SCIURBA_TEAM,WALTERIA_SCHEME,SCIURBA FISR,SCIURBA FISR,,,
TEAM,1,HALLDALE_TEAM,BRIGHTON_SCHEME,HALLDALE FISR,HALLDALE FISR,,,
TEAM,1,TANDEM_TEAM,WALTERIA_SCHEME,TANDEM FISR,TANDEM FISR,,,
TEAM,1,BIRCHWOOD_TEAM,OAK PARK_SCHEME,BIRCHWOOD FISR,BIRCHWOOD FISR,,,
TEAM,1,DENTAL_TEAM,TIMOTEO_SCHEME,DENTAL FISR,DENTAL FISR,,,
TEAM,1,BANYAN_TEAM,ARCHLINE_SCHEME,BANYAN FISR,BANYAN FISR,,,
TEAM,1,TALENT_TEAM,PERRY_SCHEME,TALENT FISR,TALENT FISR,,,
TEAM,1,MANDARIN_TEAM,CITRUS_SCHEME,MANDARIN FISR,MANDARIN FISR,,,
TEAM,1,STONE_TEAM,COLUMBINE_SCHEME,STONE FISR,STONE FISR,,,
TEAM,1,HILLSIDE_TEAM,VICTORIA_SCHEME,HILLSIDE FISR,HILLSIDE FISR,,,
TEAM,1,YALE_TEAM,COLORADO_SCHEME,YALE FISR,YALE FISR,,,
TEAM,1,REISLING_TEAM,PEPPER_SCHEME,REISLING FISR,REISLING FISR,,,
TEAM,1,JAWBONE_TEAM,CANTIL_SCHEME,JAWBONE FISR,JAWBONE FISR,,,
TEAM,1,ALILA_TEAM,EARLIMART_SCHEME,ALILA FISR,ALILA FISR,,,
TEAM,1,RHUMBA_TEAM,BRIGHTON_SCHEME,RHUMBA FISR,RHUMBA FISR,,,
TEAM,1,SADDLEBACK_TEAM,BANNING_SCHEME,SADDLEBACK FISR,SADDLEBACK FISR,,,
TEAM,1,TROPICO_TEAM,LANCASTER_SCHEME,TROPICO FISR,TROPICO FISR,,,
TEAM,1,DAYTON_TEAM,BEVERLY_SCHEME,DAYTON FISR,DAYTON FISR,,,
TEAM,1,FORAGE_TEAM,PIUTE_SCHEME,FORAGE FISR,FORAGE FISR,,,
TEAM,1,FLINTRIDGE_TEAM,LA CANADA_SCHEME,FLINTRIDGE FISR,FLINTRIDGE FISR,,,
TEAM,1,QUICKSILVER_TEAM,CREST_SCHEME,QUICKSILVER FISR,QUICKSILVER FISR,,,
TEAM,1,STATLER_TEAM,WALTERIA_SCHEME,STATLER FISR,STATLER FISR,,,
TEAM,1,MAR VISTA_TEAM,CULVER_SCHEME,MAR VISTA FISR,MAR VISTA FISR,,,
TEAM,1,BILTON_TEAM,ROSEMEAD_SCHEME,BILTON FISR,BILTON FISR,,,
TEAM,1,HICKORY_TEAM,MADRID_SCHEME,HICKORY FISR,HICKORY FISR,,,
TEAM,1,OLNEY_TEAM,ROSEMEAD_SCHEME,OLNEY FISR,OLNEY FISR,,,
TEAM,1,EAST CITY_TEAM,DELANO_SCHEME,EAST CITY FISR,EAST CITY FISR,,,
TEAM,1,MIDDLE ROAD_TEAM,SATICOY_SCHEME,MIDDLE ROAD FISR,MIDDLE ROAD FISR,,,
TEAM,1,STRATHERN_TEAM,MOORPARK_SCHEME,STRATHERN FISR,STRATHERN FISR,,,
TEAM,1,ROOSEVELT_TEAM,REDMAN_SCHEME,ROOSEVELT FISR,ROOSEVELT FISR,,,
TEAM,1,VAQUERO_TEAM,POTRERO_SCHEME,VAQUERO FISR,VAQUERO FISR,,,
TEAM,1,PEGASO_TEAM,ROADWAY_SCHEME,PEGASO FISR,PEGASO FISR,,,
TEAM,1,EVANS_TEAM,ROLLING HILLS_SCHEME,EVANS FISR,EVANS FISR,,,
TEAM,1,DIGNAN_TEAM,MOBILOIL_SCHEME,DIGNAN FISR,DIGNAN FISR,,,
TEAM,1,CALLISON_TEAM,TIPTON_SCHEME,CALLISON FISR,CALLISON FISR,,,
TEAM,1,NIKE_TEAM,SAN BERNARDINO_SCHEME,NIKE FISR,NIKE FISR,,,
TEAM,1,BOGART_TEAM,MOVIE_SCHEME,BOGART FISR,BOGART FISR,,,
TEAM,1,VITAMIN_TEAM,TIMOTEO_SCHEME,VITAMIN FISR,VITAMIN FISR,,,
TEAM,1,SUNSET_TEAM,POPLAR_SCHEME,SUNSET FISR,SUNSET FISR,,,
TEAM,1,CHELSEA_TEAM,COLORADO_SCHEME,CHELSEA FISR,CHELSEA FISR,,,
TEAM,1,JACKMAN_TEAM,LANCASTER_SCHEME,JACKMAN FISR,JACKMAN FISR,,,
TEAM,1,JUNEAU_TEAM,YUKON_SCHEME,JUNEAU FISR,JUNEAU FISR,,,
TEAM,1,DUMAS_TEAM,CARDIFF_SCHEME,DUMAS FISR,DUMAS FISR,,,
TEAM,1,SAINT JO_TEAM,ARCADIA_SCHEME,SAINT JO FISR,SAINT JO FISR,,,
TEAM,1,SMITHWOOD_TEAM,OLYMPIC_SCHEME,SMITHWOOD FISR,SMITHWOOD FISR,,,
TEAM,1,POWER_TEAM,MUSCOY_SCHEME,POWER FISR,POWER FISR,,,
TEAM,1,MONROE_TEAM,WOODVILLE_SCHEME,MONROE FISR,MONROE FISR,,,
TEAM,1,TONTO_TEAM,APPLE VALLEY_SCHEME,TONTO FISR,TONTO FISR,,,
TEAM,1,SUTT_TEAM,DEL ROSA_SCHEME,SUTT FISR,SUTT FISR,,,
TEAM,1,MARCELLINA_TEAM,MADRID_SCHEME,MARCELLINA FISR,MARCELLINA FISR,,,
TEAM,1,ASHLAND_TEAM,PEARL_SCHEME,ASHLAND FISR,ASHLAND FISR,,,
TEAM,1,MATTHEWS_TEAM,MOBILOIL_SCHEME,MATTHEWS FISR,MATTHEWS FISR,,,
TEAM,1,CAREY_TEAM,MT VERNON_SCHEME,CAREY FISR,CAREY FISR,,,
TEAM,1,DEER_TEAM,TERRA BELLA_SCHEME,DEER FISR,DEER FISR,,,
TEAM,1,ALLVIEW_TEAM,ALLVIEW PT_SCHEME,ALLVIEW FISR,ALLVIEW FISR,,,
TEAM,1,JOYCE_TEAM,ARCADIA_SCHEME,JOYCE FISR,JOYCE FISR,,,
TEAM,1,JANICE_TEAM,DITMAR_SCHEME,JANICE FISR,JANICE FISR,,,
TEAM,1,CHEWBACCA_TEAM,SHUTTLE_SCHEME,CHEWBACCA FISR,CHEWBACCA FISR,,,
TEAM,1,PAINT_TEAM,PALMDALE_SCHEME,PAINT FISR,PAINT FISR,,,
TEAM,1,CORSICA_TEAM,GONZALES_SCHEME,CORSICA FISR,CORSICA FISR,,,
TEAM,1,GRANNY SMITH_TEAM,EL CASCO_SCHEME,GRANNY SMITH FISR,GRANNY SMITH FISR,,,
TEAM,1,NICOLE_TEAM,HIGHLAND_SCHEME,NICOLE FISR,NICOLE FISR,,,
TEAM,1,REGENT_TEAM,SAN VICENTE_SCHEME,REGENT FISR,REGENT FISR,,,
TEAM,1,BEELINE_TEAM,VICTOR_SCHEME,BEELINE FISR,BEELINE FISR,,,
TEAM,1,BEECHWOOD_TEAM,ARCHLINE_SCHEME,BEECHWOOD FISR,BEECHWOOD FISR,,,
TEAM,1,TIROS_TEAM,ESTERO_SCHEME,TIROS FISR,TIROS FISR,,,
TEAM,1,HERZ_TEAM,CARDIFF_SCHEME,HERZ FISR,HERZ FISR,,,
TEAM,1,INTREPID_TEAM,NEWBURY_SCHEME,INTREPID FISR,INTREPID FISR,,,
TEAM,1,MORITZ_TEAM,HUSTON_SCHEME,MORITZ FISR,MORITZ FISR,,,
TEAM,1,BOISE_TEAM,SAVAGE_SCHEME,BOISE FISR,BOISE FISR,,,
TEAM,1,GARIBALDI_TEAM,ANITA_SCHEME,GARIBALDI FISR,GARIBALDI FISR,,,
TEAM,1,TOMCAT_TEAM,OASIS_SCHEME,TOMCAT FISR,TOMCAT FISR,,,
TEAM,1,HOVEY_TEAM,REDMAN_SCHEME,HOVEY FISR,HOVEY FISR,,,
TEAM,1,ROUNDEL_TEAM,MARASCHINO_SCHEME,ROUNDEL FISR,ROUNDEL FISR,,,
TEAM,1,ACE_TEAM,GOLETA_SCHEME,ACE FISR,ACE FISR,,,
TEAM,1,LA VACA_TEAM,POTRERO_SCHEME,LA VACA FISR,LA VACA FISR,,,
TEAM,1,CALAREST_TEAM,BEVERLY_SCHEME,CALAREST FISR,CALAREST FISR,,,
TEAM,1,GOLDWYN_TEAM,CULVER_SCHEME,GOLDWYN FISR,GOLDWYN FISR,,,
TEAM,1,KIRSOP_TEAM,MOBILOIL_SCHEME,KIRSOP FISR,KIRSOP FISR,,,
TEAM,1,AMBRUS_TEAM,BRADBURY_SCHEME,AMBRUS FISR,AMBRUS FISR,,,
TEAM,1,YOUNG_TEAM,BEVERLY_SCHEME,YOUNG FISR,YOUNG FISR,,,
TEAM,1,MADISON_TEAM,COLORADO_SCHEME,MADISON FISR,MADISON FISR,,,
TEAM,1,BOBBER_TEAM,BLOOMINGTON_SCHEME,BOBBER FISR,BOBBER FISR,,,
TEAM,1,ZASADNI_TEAM,VICTOR_SCHEME,ZASADNI FISR,ZASADNI FISR,,,
TEAM,1,RENAULT_TEAM,ROADWAY_SCHEME,RENAULT FISR,RENAULT FISR,,,
TEAM,1,BEATTIE_TEAM,PORTERVILLE_SCHEME,BEATTIE FISR,BEATTIE FISR,,,
TEAM,1,CEMENT_TEAM,VICTOR_SCHEME,CEMENT FISR,CEMENT FISR,,,
TEAM,1,CARNEGIE_TEAM,GONZALES_SCHEME,CARNEGIE FISR,CARNEGIE FISR,,,
TEAM,1,GALAHAD_TEAM,LATIGO_SCHEME,GALAHAD FISR,GALAHAD FISR,,,
TEAM,1,GREEN BEAR_TEAM,GREEN BEAR PT_SCHEME,GREEN BEAR FISR,GREEN BEAR FISR,,,
TEAM,1,DEWITT_TEAM,NEWHALL_SCHEME,DEWITT FISR,DEWITT FISR,,,
TEAM,1,TINDAL_TEAM,MOBILOIL_SCHEME,TINDAL FISR,TINDAL FISR,,,
TEAM,1,PURDUE_TEAM,SAWTELLE_SCHEME,PURDUE FISR,PURDUE FISR,,,
TEAM,1,LLOYD_TEAM,DEL SUR_SCHEME,LLOYD FISR,LLOYD FISR,,,
TEAM,1,RACER_TEAM,NORTH OAKS_SCHEME,RACER FISR,RACER FISR,,,
TEAM,1,BORCHARD_TEAM,NEWBURY_SCHEME,BORCHARD FISR,BORCHARD FISR,,,
TEAM,1,IRWIN HTS_TEAM,SANTA MONICA_SCHEME,IRWIN HTS FISR,IRWIN HTS FISR,,,
TEAM,1,BRUTTE_TEAM,MAXWELL_SCHEME,BRUTTE FISR,BRUTTE FISR,,,
TEAM,1,FLORY_TEAM,WOODVILLE_SCHEME,FLORY FISR,FLORY FISR,,,
TEAM,1,GOLDSMITH_TEAM,THOUSAND OAKS_SCHEME,GOLDSMITH FISR,GOLDSMITH FISR,,,
TEAM,1,TENDER_TEAM,BLOOMINGTON_SCHEME,TENDER FISR,TENDER FISR,,,
TEAM,1,SPINNAKER_TEAM,CHANNEL ISLANDS_SCHEME,SPINNAKER FISR,SPINNAKER FISR,,,
TEAM,1,FAIRLANE_TEAM,FALCON RIDGE_SCHEME,FAIRLANE FISR,FAIRLANE FISR,,,
TEAM,1,MEDUSA_TEAM,SAN BERNARDINO_SCHEME,MEDUSA FISR,MEDUSA FISR,,,
TEAM,1,HUFF_TEAM,ALDER_SCHEME,HUFF FISR,HUFF FISR,,,
TEAM,1,HOMER_TEAM,LEMON COVE_SCHEME,HOMER FISR,HOMER FISR,,,
TEAM,1,DYSART_TEAM,DYSART PT_SCHEME,DYSART FISR,DYSART FISR,,,
TEAM,1,TERMINUS_TEAM,LEMON COVE_SCHEME,TERMINUS FISR,TERMINUS FISR,,,
TEAM,1,MIRALESTA_TEAM,ROLLING HILLS_SCHEME,MIRALESTA FISR,MIRALESTA FISR,,,
TEAM,1,BROOKSIDE_TEAM,REDLANDS_SCHEME,BROOKSIDE FISR,BROOKSIDE FISR,,,
TEAM,1,GOLDENBEAR_TEAM,MASCOT_SCHEME,GOLDENBEAR FISR,GOLDENBEAR FISR,,,
TEAM,1,DEVINE_TEAM,THOUSAND OAKS_SCHEME,DEVINE FISR,DEVINE FISR,,,
TEAM,1,RICARDO_TEAM,SAN MIGUEL_SCHEME,RICARDO FISR,RICARDO FISR,,,
TEAM,1,ANTON_TEAM,MOORPARK_SCHEME,ANTON FISR,ANTON FISR,,,
TEAM,1,VOLVO_TEAM,ROADWAY_SCHEME,VOLVO FISR,VOLVO FISR,,,
TEAM,1,GRAVEL_TEAM,DALTON_SCHEME,GRAVEL FISR,GRAVEL FISR,,,
TEAM,1,NEEDLE_TEAM,AQUEDUCT_SCHEME,NEEDLE FISR,NEEDLE FISR,,,
TEAM,1,LOQUAT_TEAM,TORRANCE_SCHEME,LOQUAT FISR,LOQUAT FISR,,,
TEAM,1,WAGNER_TEAM,HOWARD_SCHEME,WAGNER FISR,WAGNER FISR,,,
TEAM,1,BENNY_TEAM,ETIWANDA_SCHEME,BENNY FISR,BENNY FISR,,,
TEAM,1,RITTER_TEAM,ANAVERDE_SCHEME,RITTER FISR,RITTER FISR,,,
TEAM,1,PENDLETON_TEAM,YUCAIPA_SCHEME,PENDLETON FISR,PENDLETON FISR,,,
TEAM,1,PORTLAND_TEAM,VICTOR_SCHEME,PORTLAND FISR,PORTLAND FISR,,,
TEAM,1,COTTAGE GROVE_TEAM,COTTAGE GROVE_SCHEME,COTTAGE GROVE FISR,COTTAGE GROVE FISR,,,
TEAM,1,SORRENTO_TEAM,VALDEZ_SCHEME,SORRENTO FISR,SORRENTO FISR,,,
TEAM,1,TALPA_TEAM,SAVAGE_SCHEME,TALPA FISR,TALPA FISR,,,
TEAM,1,GARCIA_TEAM,VISALIA_SCHEME,GARCIA FISR,GARCIA FISR,,,
TEAM,1,CALIBER_TEAM,PALMDALE_SCHEME,CALIBER FISR,CALIBER FISR,,,
TEAM,1,LANGER_TEAM,THOUSAND OAKS_SCHEME,LANGER FISR,LANGER FISR,,,
TEAM,1,GREEN TREE_TEAM,VICTORVILLE_SCHEME,GREEN TREE FISR,GREEN TREE FISR,,,
TEAM,1,VANDALIA_TEAM,PORTERVILLE_SCHEME,VANDALIA FISR,VANDALIA FISR,,,
TEAM,1,CARVER_TEAM,QUINN_SCHEME,CARVER FISR,CARVER FISR,,,
TEAM,1,LAVER_TEAM,WIMBLEDON_SCHEME,LAVER FISR,LAVER FISR,,,
TEAM,1,PHILLIPS_TEAM,LANCASTER_SCHEME,PHILLIPS FISR,PHILLIPS FISR,,,
TEAM,1,STRINGER_TEAM,BRIDGE_SCHEME,STRINGER FISR,STRINGER FISR,,,
TEAM,1,CLARINET_TEAM,ELIZABETH LAKE_SCHEME,CLARINET FISR,CLARINET FISR,,,
TEAM,1,CHATTANOOGA_TEAM,TENNESSEE_SCHEME,CHATTANOOGA FISR,CHATTANOOGA FISR,,,
TEAM,1,CRUMP_TEAM,CRUMP PT_SCHEME,CRUMP FISR,CRUMP FISR,,,
TEAM,1,STUTZ_TEAM,NARROWS_SCHEME,STUTZ FISR,STUTZ FISR,,,
TEAM,1,HAYDEN_TEAM,INGLEWOOD_SCHEME,HAYDEN FISR,HAYDEN FISR,,,
TEAM,1,TOWNSHIP_TEAM,SANTA SUSANA_SCHEME,TOWNSHIP FISR,TOWNSHIP FISR,,,
TEAM,1,STERLING_TEAM,TIPPECANOE_SCHEME,STERLING FISR,STERLING FISR,,,
TEAM,1,MARSHALL_TEAM,MARINE_SCHEME,MARSHALL FISR,MARSHALL FISR,,,
TEAM,1,HARRISON_TEAM,WABASH_SCHEME,HARRISON FISR,HARRISON FISR,,,
TEAM,1,SHOWDOWN_TEAM,RITTER RANCH_SCHEME,SHOWDOWN FISR,SHOWDOWN FISR,,,
TEAM,1,WOODWARD_TEAM,ALHAMBRA_SCHEME,WOODWARD FISR,WOODWARD FISR,,,
TEAM,1,BARTON_TEAM,TIPPECANOE_SCHEME,BARTON FISR,BARTON FISR,,,
TEAM,1,GABBERT_TEAM,MOORPARK_SCHEME,GABBERT FISR,GABBERT FISR,,,
TEAM,1,MICA_TEAM,CREST_SCHEME,MICA FISR,MICA FISR,,,
TEAM,1,TRACTOR_TEAM,DECLEZ_SCHEME,TRACTOR FISR,TRACTOR FISR,,,
TEAM,1,REDWOOD_TEAM,DECLEZ_SCHEME,REDWOOD FISR,REDWOOD FISR,,,
TEAM,1,REIMANN_TEAM,COLONIA_SCHEME,REIMANN FISR,REIMANN FISR,,,
TEAM,1,DUKE_TEAM,MARASCHINO_SCHEME,DUKE FISR,DUKE FISR,,,
TEAM,1,KASOTA_TEAM,VICTORVILLE_SCHEME,KASOTA FISR,KASOTA FISR,,,
TEAM,1,TURF_TEAM,ARCADIA_SCHEME,TURF FISR,TURF FISR,,,
TEAM,1,BRUTUS_TEAM,HASKELL_SCHEME,BRUTUS FISR,BRUTUS FISR,,,
TEAM,1,BARRINGTON_TEAM,FILLMORE_SCHEME,BARRINGTON FISR,BARRINGTON FISR,,,
TEAM,1,HINSHAW_TEAM,RAVENDALE_SCHEME,HINSHAW FISR,HINSHAW FISR,,,
TEAM,1,CRESTA_TEAM,ALHAMBRA_SCHEME,CRESTA FISR,CRESTA FISR,,,
TEAM,1,DAMERAL_TEAM,DALTON_SCHEME,DAMERAL FISR,DAMERAL FISR,,,
TEAM,1,ARDEN_TEAM,AMADOR_SCHEME,ARDEN FISR,ARDEN FISR,,,
TEAM,1,ALLA_TEAM,CULVER_SCHEME,ALLA FISR,ALLA FISR,,,
TEAM,1,WHITLOCK_TEAM,TIPPECANOE_SCHEME,WHITLOCK FISR,WHITLOCK FISR,,,
TEAM,1,VALLEY OF THE MOON_TEAM,VALLEY OF THE MOON PT_SCHEME,VALLEY OF THE MOON FISR,VALLEY OF THE MOON FISR,,,
TEAM,1,SEABASS_TEAM,EL NIDO_SCHEME,SEABASS FISR,SEABASS FISR,,,
TEAM,1,COVEVIEW_TEAM,MARYMOUNT_SCHEME,COVEVIEW FISR,COVEVIEW FISR,,,
TEAM,1,BALLARD_TEAM,NARROWS_SCHEME,BALLARD FISR,BALLARD FISR,,,
TEAM,1,HANGER_TEAM,OASIS_SCHEME,HANGER FISR,HANGER FISR,,,
TEAM,1,JOSHUA_TEAM,LANCASTER_SCHEME,JOSHUA FISR,JOSHUA FISR,,,
TEAM,1,IDA_TEAM,MARASCHINO_SCHEME,IDA FISR,IDA FISR,,,
TEAM,1,CROFT_TEAM,YUCAIPA_SCHEME,CROFT FISR,CROFT FISR,,,
TEAM,1,PADDY_TEAM,PALMDALE_SCHEME,PADDY FISR,PADDY FISR,,,
TEAM,1,LESSER_TEAM,NEWBURY_SCHEME,LESSER FISR,LESSER FISR,,,
TEAM,1,RHINE_TEAM,RIO HONDO_SCHEME,RHINE FISR,RHINE FISR,,,
TEAM,1,AMETHYST_TEAM,ARCHLINE_SCHEME,AMETHYST FISR,AMETHYST FISR,,,
TEAM,1,KANAN_TEAM,MALIBU_SCHEME,KANAN FISR,KANAN FISR,,,
TEAM,1,CRANBROOK_TEAM,YUKON_SCHEME,CRANBROOK FISR,CRANBROOK FISR,,,
TEAM,1,COOPER_TEAM,TIPTON_SCHEME,COOPER FISR,COOPER FISR,,,
TEAM,1,PROFESSOR_TEAM,ISLA VISTA_SCHEME,PROFESSOR FISR,PROFESSOR FISR,,,
TEAM,1,NICHOLAS_TEAM,TAPIA_SCHEME,NICHOLAS FISR,NICHOLAS FISR,,,
TEAM,1,VINEYARD_TEAM,SATICOY_SCHEME,VINEYARD FISR,VINEYARD FISR,,,
TEAM,1,LUPINE_TEAM,OASIS_SCHEME,LUPINE FISR,LUPINE FISR,,,
TEAM,1,VAN WICK_TEAM,HOWARD_SCHEME,VAN WICK FISR,VAN WICK FISR,,,
TEAM,1,NORTH BAY_TEAM,NORTH BAY PT_SCHEME,NORTH BAY FISR,NORTH BAY FISR,,,
TEAM,1,AMANDA_TEAM,GONZALES_SCHEME,AMANDA FISR,AMANDA FISR,,,
TEAM,1,SITZMARK_TEAM,SKILAND_SCHEME,SITZMARK FISR,SITZMARK FISR,,,
TEAM,1,NORTHRIDGE_TEAM,WINDSOR HILLS_SCHEME,NORTHRIDGE FISR,NORTHRIDGE FISR,,,
TEAM,1,GRANDAD_TEAM,CASITAS_SCHEME,GRANDAD FISR,GRANDAD FISR,,,
TEAM,1,PANSY_TEAM,ROLLING HILLS_SCHEME,PANSY FISR,PANSY FISR,,,
TEAM,1,MERCER_TEAM,NEWMARK_SCHEME,MERCER FISR,MERCER FISR,,,
TEAM,1,GOWAN_TEAM,GLEN AVON_SCHEME,GOWAN FISR,GOWAN FISR,,,
TEAM,1,CACTUS_TEAM,COLTON_SCHEME,CACTUS FISR,CACTUS FISR,,,
TEAM,1,TANK FARM 6_TEAM,COMPRESS_SCHEME,TANK FARM 6 FISR,TANK FARM 6 FISR,,,
TEAM,1,FLATCAR_TEAM,BLOOMINGTON_SCHEME,FLATCAR FISR,FLATCAR FISR,,,
TEAM,1,CODONA_TEAM,WALTERIA_SCHEME,CODONA FISR,CODONA FISR,,,
TEAM,1,DRY CANYON_TEAM,SAUGUS_SCHEME,DRY CANYON FISR,DRY CANYON FISR,,,
TEAM,1,VICASA_TEAM,VALDEZ_SCHEME,VICASA FISR,VICASA FISR,,,
TEAM,1,JASPER_TEAM,REDLANDS_SCHEME,JASPER FISR,JASPER FISR,,,
TEAM,1,TARUSA_TEAM,VENICE HILL_SCHEME,TARUSA FISR,TARUSA FISR,,,
TEAM,1,BUCKTHORN_TEAM,HESPERIA_SCHEME,BUCKTHORN FISR,BUCKTHORN FISR,,,
TEAM,1,SPRING VALLEY_TEAM,SAVAGE_SCHEME,SPRING VALLEY FISR,SPRING VALLEY FISR,,,
TEAM,1,CAMP_TEAM,KERN RIVER 1_SCHEME,CAMP FISR,CAMP FISR,,,
TEAM,1,SINALOA_TEAM,ROYAL_SCHEME,SINALOA FISR,SINALOA FISR,,,
TEAM,1,MERLIN_TEAM,LATIGO_SCHEME,MERLIN FISR,MERLIN FISR,,,
TEAM,1,DINELY_TEAM,CORRECTION_SCHEME,DINELY FISR,DINELY FISR,,,
TEAM,1,BACHELOR_TEAM,WALTERIA_SCHEME,BACHELOR FISR,BACHELOR FISR,,,
TEAM,1,DINA_TEAM,ROADWAY_SCHEME,DINA FISR,DINA FISR,,,
TEAM,1,CABRILLO_TEAM,MADRID_SCHEME,CABRILLO FISR,CABRILLO FISR,,,
TEAM,1,TEAPOT_TEAM,PORTERVILLE_SCHEME,TEAPOT FISR,TEAPOT FISR,,,
TEAM,1,MACOMBER_TEAM,TIPTON_SCHEME,MACOMBER FISR,MACOMBER FISR,,,
TEAM,1,COUNTRY CLUB_TEAM,BEVERLY_SCHEME,COUNTRY CLUB FISR,COUNTRY CLUB FISR,,,
TEAM,1,GRANDVIEW_TEAM,YUKON_SCHEME,GRANDVIEW FISR,GRANDVIEW FISR,,,
TEAM,1,STORES_TEAM,OUTLET PT_SCHEME,STORES FISR,STORES FISR,,,
TEAM,1,FACTOR_TEAM,YUKON_SCHEME,FACTOR FISR,FACTOR FISR,,,
TEAM,1,HASS_TEAM,MENTONE_SCHEME,HASS FISR,HASS FISR,,,
TEAM,1,AZALIA_TEAM,ROLLING HILLS_SCHEME,AZALIA FISR,AZALIA FISR,,,
TEAM,1,ALLSTATE_TEAM,HOMART_SCHEME,ALLSTATE FISR,ALLSTATE FISR,,,
TEAM,1,PICKENS_TEAM,LA CANADA_SCHEME,PICKENS FISR,PICKENS FISR,,,
TEAM,1,JOHANNA_TEAM,MONETA_SCHEME,JOHANNA FISR,JOHANNA FISR,,,
TEAM,1,OAK GLEN_TEAM,YUCAIPA_SCHEME,OAK GLEN FISR,OAK GLEN FISR,,,
TEAM,1,DRESSEN_TEAM,HOMART_SCHEME,DRESSEN FISR,DRESSEN FISR,,,
TEAM,1,CAMINO REAL_TEAM,REDONDO_SCHEME,CAMINO REAL FISR,CAMINO REAL FISR,,,
TEAM,1,SECO_TEAM,ARROYO_SCHEME,SECO FISR,SECO FISR,,,
TEAM,1,TURNOUT_TEAM,AQUEDUCT_SCHEME,TURNOUT FISR,TURNOUT FISR,,,
TEAM,1,CATAWBA_TEAM,DECLEZ_SCHEME,CATAWBA FISR,CATAWBA FISR,,,
TEAM,1,COPRA_TEAM,MONETA_SCHEME,COPRA FISR,COPRA FISR,,,
TEAM,1,NOX 1_TEAM,COMPRESS_SCHEME,NOX 1 FISR,NOX 1 FISR,,,
TEAM,1,FUEL GAS 1_TEAM,COMPRESS_SCHEME,FUEL GAS 1 FISR,FUEL GAS 1 FISR,,,
TEAM,1,TEJON_TEAM,NEENACH_SCHEME,TEJON FISR,TEJON FISR,,,
TEAM,1,CAROON_TEAM,MARASCHINO_SCHEME,CAROON FISR,CAROON FISR,,,
TEAM,1,EDENDALE_TEAM,TIPTON_SCHEME,EDENDALE FISR,EDENDALE FISR,,,
TEAM,1,SKYLAND_TEAM,HUSTON_SCHEME,SKYLAND FISR,SKYLAND FISR,,,
TEAM,1,WADSWORTH_TEAM,OCEAN PARK_SCHEME,WADSWORTH FISR,WADSWORTH FISR,,,
TEAM,1,ASSEMBLY_TEAM,OASIS_SCHEME,ASSEMBLY FISR,ASSEMBLY FISR,,,
TEAM,1,SEAFORTH_TEAM,HESPERIA_SCHEME,SEAFORTH FISR,SEAFORTH FISR,,,
TEAM,1,FROST_TEAM,REDLANDS_SCHEME,FROST FISR,FROST FISR,,,
TEAM,1,ABRAHAM_TEAM,ROYAL_SCHEME,ABRAHAM FISR,ABRAHAM FISR,,,
TEAM,1,VERDEMONT_TEAM,CALECTRIC_SCHEME,VERDEMONT FISR,VERDEMONT FISR,,,
TEAM,1,COVENTRY_TEAM,THOUSAND OAKS_SCHEME,COVENTRY FISR,COVENTRY FISR,,,
TEAM,1,PETAN_TEAM,PIUTE_SCHEME,PETAN FISR,PETAN FISR,,,
TEAM,1,STRAWBERRY_TEAM,PERRY_SCHEME,STRAWBERRY FISR,STRAWBERRY FISR,,,
TEAM,1,BARRACUDA_TEAM,EL NIDO_SCHEME,BARRACUDA FISR,BARRACUDA FISR,,,
TEAM,1,CUTHBERT_TEAM,LATIGO_SCHEME,CUTHBERT FISR,CUTHBERT FISR,,,
TEAM,1,ALFALFA_TEAM,REDMAN_SCHEME,ALFALFA FISR,ALFALFA FISR,,,
TEAM,1,DITMAN_TEAM,BELVEDERE_SCHEME,DITMAN FISR,DITMAN FISR,,,
TEAM,1,HEDBERG_TEAM,ETIWANDA_SCHEME,HEDBERG FISR,HEDBERG FISR,,,
TEAM,1,DAHLIA_TEAM,ROLLING HILLS_SCHEME,DAHLIA FISR,DAHLIA FISR,,,
TEAM,1,CORDON_TEAM,ARCHLINE_SCHEME,CORDON FISR,CORDON FISR,,,
TEAM,1,BURGUNDY_TEAM,PEPPER_SCHEME,BURGUNDY FISR,BURGUNDY FISR,,,
TEAM,1,BEACHCOMBER_TEAM,SANTA MONICA_SCHEME,BEACHCOMBER FISR,BEACHCOMBER FISR,,,
TEAM,1,EVITA_TEAM,CAMARILLO_SCHEME,EVITA FISR,EVITA FISR,,,
TEAM,1,PAT_TEAM,REPETTO_SCHEME,PAT FISR,PAT FISR,,,
TEAM,1,STURGEON_TEAM,BLISS_SCHEME,STURGEON FISR,STURGEON FISR,,,
TEAM,1,CLINIC_TEAM,TIMOTEO_SCHEME,CLINIC FISR,CLINIC FISR,,,
TEAM,1,COJO_TEAM,GAVIOTA_SCHEME,COJO FISR,COJO FISR,,,
TEAM,1,KINSEY_TEAM,GORMAN_SCHEME,KINSEY FISR,KINSEY FISR,,,
TEAM,1,MARENDALE_TEAM,ARCADIA_SCHEME,MARENDALE FISR,MARENDALE FISR,,,
TEAM,1,SUNKIST_TEAM,CITRUS_SCHEME,SUNKIST FISR,SUNKIST FISR,,,
TEAM,1,TEJON PEAK_TEAM,TEJON PEAK PT_SCHEME,TEJON PEAK FISR,TEJON PEAK FISR,,,
TEAM,1,ROWCO_TEAM,RUNNING SPRINGS_SCHEME,ROWCO FISR,ROWCO FISR,,,
TEAM,1,BARD_TEAM,BARD PT_SCHEME,BARD FISR,BARD FISR,,,
TEAM,1,RAMAC_TEAM,ESTERO_SCHEME,RAMAC FISR,RAMAC FISR,,,
TEAM,1,POND_TEAM,BROWNING_SCHEME,POND FISR,POND FISR,,,
TEAM,1,TRIANGLE_TEAM,BEVERLY_SCHEME,TRIANGLE FISR,TRIANGLE FISR,,,
TEAM,1,MCKEVETT_TEAM,MCKEVETT PT_SCHEME,MCKEVETT FISR,MCKEVETT FISR,,,
TEAM,1,STOOGES_TEAM,ETIWANDA_SCHEME,STOOGES FISR,STOOGES FISR,,,
TEAM,1,KETTLE_TEAM,NIAGARA_SCHEME,KETTLE FISR,KETTLE FISR,,,
TEAM,1,MOFFITT_TEAM,LEMON COVE_SCHEME,MOFFITT FISR,MOFFITT FISR,,,
TEAM,1,RULER_TEAM,HIGHLAND_SCHEME,RULER FISR,RULER FISR,,,
TEAM,1,FORMOSA_TEAM,FAIRFAX_SCHEME,FORMOSA FISR,FORMOSA FISR,,,
TEAM,1,NIDEVER_TEAM,NIDEVER PT_SCHEME,NIDEVER FISR,NIDEVER FISR,,,
TEAM,1,SUCCESS_TEAM,PORTERVILLE_SCHEME,SUCCESS FISR,SUCCESS FISR,,,
TEAM,1,CHILLON_TEAM,CHILLON PT_SCHEME,CHILLON FISR,CHILLON FISR,,,
TEAM,1,DEBRA_TEAM,HELIJET_SCHEME,DEBRA FISR,DEBRA FISR,,,
TEAM,1,STEARNS_TEAM,SANTA SUSANA_SCHEME,STEARNS FISR,STEARNS FISR,,,
TEAM,1,JETWATER_TEAM,MOBILOIL_SCHEME,JETWATER FISR,JETWATER FISR,,,
TEAM,1,MUTUAL_TEAM,REDLANDS_SCHEME,MUTUAL FISR,MUTUAL FISR,,,
TEAM,1,FIELDS_TEAM,ETIWANDA_SCHEME,FIELDS FISR,FIELDS FISR,,,
TEAM,1,KORNBLUM_TEAM,LAWNDALE_SCHEME,KORNBLUM FISR,KORNBLUM FISR,,,
TEAM,1,HALLET_TEAM,INGLEWOOD_SCHEME,HALLET FISR,HALLET FISR,,,
TEAM,1,GOODNER_TEAM,MT VERNON_SCHEME,GOODNER FISR,GOODNER FISR,,,
TEAM,1,COOLEY_TEAM,COLTON_SCHEME,COOLEY FISR,COOLEY FISR,,,
TEAM,1,ROEBUCK_TEAM,PIERPONT_SCHEME,ROEBUCK FISR,ROEBUCK FISR,,,
TEAM,1,LAPINS_TEAM,MARASCHINO_SCHEME,LAPINS FISR,LAPINS FISR,,,
TEAM,1,MUSTANG_TEAM,ISABELLA_SCHEME,MUSTANG FISR,MUSTANG FISR,,,
TEAM,1,CRESCENTA_TEAM,GOULD_SCHEME,CRESCENTA FISR,CRESCENTA FISR,,,
TEAM,1,DUNLAP_TEAM,HOMART_SCHEME,DUNLAP FISR,DUNLAP FISR,,,
TEAM,1,KIEWAY_TEAM,ARCADIA_SCHEME,KIEWAY FISR,KIEWAY FISR,,,
TEAM,1,LEMONADE_TEAM,CITRUS_SCHEME,LEMONADE FISR,LEMONADE FISR,,,
TEAM,1,OPAL_TEAM,REDONDO_SCHEME,OPAL FISR,OPAL FISR,,,
TEAM,1,SNOVER_TEAM,MOBILOIL_SCHEME,SNOVER FISR,SNOVER FISR,,,
TEAM,1,VANDERLIP_TEAM,VANDERLIP PT_SCHEME,VANDERLIP FISR,VANDERLIP FISR,,,
TEAM,1,SALMON_TEAM,EL NIDO_SCHEME,SALMON FISR,SALMON FISR,,,
TEAM,1,SECRETARY_TEAM,BEVERLY_SCHEME,SECRETARY FISR,SECRETARY FISR,,,
TEAM,1,LA MANCHA_TEAM,POTRERO_SCHEME,LA MANCHA FISR,LA MANCHA FISR,,,
TEAM,1,EVERETT_TEAM,MOORPARK_SCHEME,EVERETT FISR,EVERETT FISR,,,
TEAM,1,ZIRCON_TEAM,CREST_SCHEME,ZIRCON FISR,ZIRCON FISR,,,
TEAM,1,SKYWALKER_TEAM,SHUTTLE_SCHEME,SKYWALKER FISR,SKYWALKER FISR,,,
TEAM,1,KEENE_TEAM,MONOLITH_SCHEME,KEENE FISR,KEENE FISR,,,
TEAM,1,BUCKAROO_TEAM,GONZALES_SCHEME,BUCKAROO FISR,BUCKAROO FISR,,,
TEAM,1,JUPITER_TEAM,BLUFF COVE_SCHEME,JUPITER FISR,JUPITER FISR,,,
TEAM,1,GARDEA_TEAM,AMADOR_SCHEME,GARDEA FISR,GARDEA FISR,,,
TEAM,1,MILPAS_TEAM,SANTA BARBARA_SCHEME,MILPAS FISR,MILPAS FISR,,,
TEAM,1,REDSTONE_TEAM,ESTERO_SCHEME,REDSTONE FISR,REDSTONE FISR,,,
TEAM,1,MARSH_TEAM,EARLIMART_SCHEME,MARSH FISR,MARSH FISR,,,
TEAM,1,EAST MONTANA_TEAM,SAN VICENTE_SCHEME,EAST MONTANA FISR,EAST MONTANA FISR,,,
TEAM,1,HOOVER_TEAM,ALHAMBRA_SCHEME,HOOVER FISR,HOOVER FISR,,,
TEAM,1,MORELAND_TEAM,SANTA SUSANA_SCHEME,MORELAND FISR,MORELAND FISR,,,
TEAM,1,NASSAU_TEAM,VICTOR_SCHEME,NASSAU FISR,NASSAU FISR,,,
TEAM,1,BROOKINGS_TEAM,BROOKINGS PT_SCHEME,BROOKINGS FISR,BROOKINGS FISR,,,
TEAM,1,SUN VILLAGE_TEAM,LITTLE ROCK_SCHEME,SUN VILLAGE FISR,SUN VILLAGE FISR,,,
TEAM,1,KUEHNER_TEAM,SANTA SUSANA_SCHEME,KUEHNER FISR,KUEHNER FISR,,,
TEAM,1,MOCCASIN_TEAM,NORTH OAKS_SCHEME,MOCCASIN FISR,MOCCASIN FISR,,,
TEAM,1,REDBANKS_TEAM,VENICE HILL_SCHEME,REDBANKS FISR,REDBANKS FISR,,,
TEAM,1,SAMPRAS_TEAM,WIMBLEDON_SCHEME,SAMPRAS FISR,SAMPRAS FISR,,,
TEAM,1,LUCKMAN_TEAM,BEVERLY_SCHEME,LUCKMAN FISR,LUCKMAN FISR,,,
TEAM,1,BERYL_TEAM,REDONDO_SCHEME,BERYL FISR,BERYL FISR,,,
TEAM,1,CAPSTAN_TEAM,CULVER_SCHEME,CAPSTAN FISR,CAPSTAN FISR,,,
TEAM,1,CLOER_TEAM,POPLAR_SCHEME,CLOER FISR,CLOER FISR,,,
TEAM,1,PARKMORE_TEAM,VALDEZ_SCHEME,PARKMORE FISR,PARKMORE FISR,,,
TEAM,1,DOWELL_TEAM,WINDSOR HILLS_SCHEME,DOWELL FISR,DOWELL FISR,,,
TEAM,1,BOBSLED_TEAM,SKILAND_SCHEME,BOBSLED FISR,BOBSLED FISR,,,
TEAM,1,BIG PINES_TEAM,LITTLE ROCK_SCHEME,BIG PINES FISR,BIG PINES FISR,,,
TEAM,1,QUEEN_TEAM,INGLEWOOD_SCHEME,QUEEN FISR,QUEEN FISR,,,
TEAM,1,KING_TEAM,VICTORIA_SCHEME,KING FISR,KING FISR,,,
TEAM,1,YNEZ_TEAM,NEWMARK_SCHEME,YNEZ FISR,YNEZ FISR,,,
TEAM,1,PAULING_TEAM,PHARMACY_SCHEME,PAULING FISR,PAULING FISR,,,
TEAM,1,BUNGALOW_TEAM,SEPULVEDA_SCHEME,BUNGALOW FISR,BUNGALOW FISR,,,
TEAM,1,NAYLOR_TEAM,RUBIDOUX_SCHEME,NAYLOR FISR,NAYLOR FISR,,,
TEAM,1,ADDIS_TEAM,VICTORIA_SCHEME,ADDIS FISR,ADDIS FISR,,,
TEAM,1,RAVINE_TEAM,ARROYO_SCHEME,RAVINE FISR,RAVINE FISR,,,
TEAM,1,BAMBOO_TEAM,DECLEZ_SCHEME,BAMBOO FISR,BAMBOO FISR,,,
TEAM,1,WINNEBAGO_TEAM,WEST RIVERSIDE_SCHEME,WINNEBAGO FISR,WINNEBAGO FISR,,,
TEAM,1,ROBERTSON_TEAM,OLYMPIC_SCHEME,ROBERTSON FISR,ROBERTSON FISR,,,
TEAM,1,KENBO_TEAM,REPETTO_SCHEME,KENBO FISR,KENBO FISR,,,
TEAM,1,COMO_TEAM,PERRY_SCHEME,COMO FISR,COMO FISR,,,
TEAM,1,POWELL_TEAM,NEWHALL_SCHEME,POWELL FISR,POWELL FISR,,,
TEAM,1,LIBRA_TEAM,REPETTO_SCHEME,LIBRA FISR,LIBRA FISR,,,
TEAM,1,CHADRON_TEAM,BRIGHTON_SCHEME,CHADRON FISR,CHADRON FISR,,,
TEAM,1,WIND TUNNEL_TEAM,ALDER_SCHEME,WIND TUNNEL FISR,WIND TUNNEL FISR,,,
TEAM,1,PACOMA_TEAM,HOWARD_SCHEME,PACOMA FISR,PACOMA FISR,,,
TEAM,1,IRONHORSE_TEAM,BLOOMINGTON_SCHEME,IRONHORSE FISR,IRONHORSE FISR,,,
TEAM,1,PANCHO_TEAM,CAMARILLO_SCHEME,PANCHO FISR,PANCHO FISR,,,
TEAM,1,BURWOOD_TEAM,SAVAGE_SCHEME,BURWOOD FISR,BURWOOD FISR,,,
TEAM,1,MOUNTAIN_TEAM,ARRO_SCHEME,MOUNTAIN FISR,MOUNTAIN FISR,,,
TEAM,1,EL MONTE_TEAM,AMADOR_SCHEME,EL MONTE FISR,EL MONTE FISR,,,
TEAM,1,ZIMMER_TEAM,RANDALL_SCHEME,ZIMMER FISR,ZIMMER FISR,,,
TEAM,1,CROSSON_TEAM,CAMARILLO_SCHEME,CROSSON FISR,CROSSON FISR,,,
TEAM,1,STACY_TEAM,FELTON_SCHEME,STACY FISR,STACY FISR,,,
TEAM,1,GLASSCOCK_TEAM,SANTA SUSANA_SCHEME,GLASSCOCK FISR,GLASSCOCK FISR,,,
TEAM,1,HEAPS PEAK_TEAM,BURNT MILL_SCHEME,HEAPS PEAK FISR,HEAPS PEAK FISR,,,
TEAM,1,DIABLO_TEAM,SAN MIGUEL_SCHEME,DIABLO FISR,DIABLO FISR,,,
TEAM,1,DORSEY_TEAM,ALDER_SCHEME,DORSEY FISR,DORSEY FISR,,,
TEAM,1,ROYCE_TEAM,ARROYO_SCHEME,ROYCE FISR,ROYCE FISR,,,
TEAM,1,KUFFEL_TEAM,KUFFEL PT_SCHEME,KUFFEL FISR,KUFFEL FISR,,,
TEAM,1,JBSHERMAN_TEAM,SAUGUS_SCHEME,JBSHERMAN FISR,JBSHERMAN FISR,,,
TEAM,1,NAPOLEON_TEAM,MARASCHINO_SCHEME,NAPOLEON FISR,NAPOLEON FISR,,,
TEAM,1,GILFILLAN_TEAM,ALDER_SCHEME,GILFILLAN FISR,GILFILLAN FISR,,,
TEAM,1,GLASGOW_TEAM,INGLEWOOD_SCHEME,GLASGOW FISR,GLASGOW FISR,,,
TEAM,1,MILO_TEAM,VALDEZ_SCHEME,MILO FISR,MILO FISR,,,
TEAM,1,SHEFFIELD_TEAM,CARPINTERIA_SCHEME,SHEFFIELD FISR,SHEFFIELD FISR,,,
TEAM,1,LOVE_TEAM,RIALTO_SCHEME,LOVE FISR,LOVE FISR,,,
TEAM,1,CUMMINS_TEAM,ROADWAY_SCHEME,CUMMINS FISR,CUMMINS FISR,,,
TEAM,1,CONIFER_TEAM,OAK PARK_SCHEME,CONIFER FISR,CONIFER FISR,,,
TEAM,1,DONERT_TEAM,SAVAGE_SCHEME,DONERT FISR,DONERT FISR,,,
TEAM,1,TUNNEL_TEAM,AQUEDUCT_SCHEME,TUNNEL FISR,TUNNEL FISR,,,
TEAM,1,POTTER_TEAM,MOBILOIL_SCHEME,POTTER FISR,POTTER FISR,,,
TEAM,1,RED MOUNTAIN_TEAM,CASITAS_SCHEME,RED MOUNTAIN FISR,RED MOUNTAIN FISR,,,
TEAM,1,ZONE_TEAM,MOORPARK_SCHEME,ZONE FISR,ZONE FISR,,,
TEAM,1,WILDWOOD_TEAM,NEWHALL_SCHEME,WILDWOOD FISR,WILDWOOD FISR,,,
TEAM,1,CITROW_TEAM,DECLEZ_SCHEME,CITROW FISR,CITROW FISR,,,
TEAM,1,THOMPSEN_TEAM,HIGHLAND_SCHEME,THOMPSEN FISR,THOMPSEN FISR,,,
TEAM,1,CAIRNS_TEAM,LINDSAY_SCHEME,CAIRNS FISR,CAIRNS FISR,,,
TEAM,1,SPARLING_TEAM,TENNESSEE_SCHEME,SPARLING FISR,SPARLING FISR,,,
TEAM,1,MOON_TEAM,WALTERIA_SCHEME,MOON FISR,MOON FISR,,,
TEAM,1,DOMIC_TEAM,COLTON_SCHEME,DOMIC FISR,DOMIC FISR,,,
TEAM,1,FLYWHEEL_TEAM,DITMAR_SCHEME,FLYWHEEL FISR,FLYWHEEL FISR,,,
TEAM,1,MATEUS_TEAM,PEPPER_SCHEME,MATEUS FISR,MATEUS FISR,,,
TEAM,1,GIZMO_TEAM,CHANNEL ISLANDS_SCHEME,GIZMO FISR,GIZMO FISR,,,
TEAM,1,BALSAM_TEAM,HESPERIA_SCHEME,BALSAM FISR,BALSAM FISR,,,
TEAM,1,PLANO_TEAM,PORTERVILLE_SCHEME,PLANO FISR,PLANO FISR,,,
TEAM,1,DIXON_TEAM,DECLEZ_SCHEME,DIXON FISR,DIXON FISR,,,
TEAM,1,COCHRAN_TEAM,ROYAL_SCHEME,COCHRAN FISR,COCHRAN FISR,,,
TEAM,1,TATANKA_TEAM,TATANKA PT_SCHEME,TATANKA FISR,TATANKA FISR,,,
TEAM,1,SEALS_TEAM,VICTORVILLE_SCHEME,SEALS FISR,SEALS FISR,,,
TEAM,1,ALASKA_TEAM,YUKON_SCHEME,ALASKA FISR,ALASKA FISR,,,
TEAM,1,TIMBER CANYON_TEAM,FILLMORE_SCHEME,TIMBER CANYON FISR,TIMBER CANYON FISR,,,
TEAM,1,FLYCATCHER_TEAM,ISABELLA_SCHEME,FLYCATCHER FISR,FLYCATCHER FISR,,,
TEAM,1,ARMOUR_TEAM,MONTECITO_SCHEME,ARMOUR FISR,ARMOUR FISR,,,
TEAM,1,TUNA_TEAM,TAPIA_SCHEME,TUNA FISR,TUNA FISR,,,
TEAM,1,GERONA_TEAM,ROSEMEAD_SCHEME,GERONA FISR,GERONA FISR,,,
TEAM,1,CANET_TEAM,CASITAS_SCHEME,CANET FISR,CANET FISR,,,
TEAM,1,GENERAL PETROLEUM_TEAM,LA FRESA_SCHEME,GENERAL PETROLEUM FISR,GENERAL PETROLEUM FISR,,,
TEAM,1,LYNNE_TEAM,LARK ELLEN_SCHEME,LYNNE FISR,LYNNE FISR,,,
TEAM,1,ENCHANTED_TEAM,ROYAL_SCHEME,ENCHANTED FISR,ENCHANTED FISR,,,
TEAM,1,GREASEWOOD_TEAM,CALCITY_SCHEME,GREASEWOOD FISR,GREASEWOOD FISR,,,
TEAM,1,CHINOOK_TEAM,BREEZE_SCHEME,CHINOOK FISR,CHINOOK FISR,,,
TEAM,1,TEE VEE_TEAM,HAVILAH_SCHEME,TEE VEE FISR,TEE VEE FISR,,,
TEAM,1,DROID_TEAM,SHUTTLE_SCHEME,DROID FISR,DROID FISR,,,
TEAM,1,MESMER_TEAM,CULVER_SCHEME,MESMER FISR,MESMER FISR,,,
TEAM,1,GIRDER_TEAM,BRIDGE_SCHEME,GIRDER FISR,GIRDER FISR,,,
TEAM,1,VANGUARD_TEAM,ESTERO_SCHEME,VANGUARD FISR,VANGUARD FISR,,,
TEAM,1,CONLEY_TEAM,CORUM_SCHEME,CONLEY FISR,CONLEY FISR,,,
TEAM,1,ALSTOT_TEAM,ARCHLINE_SCHEME,ALSTOT FISR,ALSTOT FISR,,,
TEAM,1,TECOLOTE_TEAM,VEGAS_SCHEME,TECOLOTE FISR,TECOLOTE FISR,,,
TEAM,1,TAMBOURINE_TEAM,ELIZABETH LAKE_SCHEME,TAMBOURINE FISR,TAMBOURINE FISR,,,
TEAM,1,NOMAD_TEAM,COLORADO_SCHEME,NOMAD FISR,NOMAD FISR,,,
TEAM,1,BOXCAR_TEAM,GOLDTOWN_SCHEME,BOXCAR FISR,BOXCAR FISR,,,
TEAM,1,SELLERS_TEAM,ETIWANDA_SCHEME,SELLERS FISR,SELLERS FISR,,,
TEAM,1,TRAPP_TEAM,ALDER_SCHEME,TRAPP FISR,TRAPP FISR,,,
TEAM,1,SHEEP_TEAM,CANTIL_SCHEME,SHEEP FISR,SHEEP FISR,,,
TEAM,1,KATHLEEN_TEAM,FELTON_SCHEME,KATHLEEN FISR,KATHLEEN FISR,,,
TEAM,1,BRONCO_TEAM,NARROWS_SCHEME,BRONCO FISR,BRONCO FISR,,,
TEAM,1,SURGEON_TEAM,TIMOTEO_SCHEME,SURGEON FISR,SURGEON FISR,,,
TEAM,1,BOMBAY_TEAM,BLOOMINGTON_SCHEME,BOMBAY FISR,BOMBAY FISR,,,
TEAM,1,ZENDA_TEAM,LORAINE_SCHEME,ZENDA FISR,ZENDA FISR,,,
TEAM,1,DRISKILL_TEAM,SAN MARCOS_SCHEME,DRISKILL FISR,DRISKILL FISR,,,
TEAM,1,WESTON_TEAM,EARLIMART_SCHEME,WESTON FISR,WESTON FISR,,,
TEAM,1,CUDDEBACK_TEAM,CUMMINGS_SCHEME,CUDDEBACK FISR,CUDDEBACK FISR,,,
TEAM,1,ZUNI_TEAM,VICTOR_SCHEME,ZUNI FISR,ZUNI FISR,,,
TEAM,1,MISSION_TEAM,SAN FERNANDO_SCHEME,MISSION FISR,MISSION FISR,,,
TEAM,1,BALCHEN_TEAM,EDWARDS_SCHEME,BALCHEN FISR,BALCHEN FISR,,,
TEAM,1,DEL REY_TEAM,PLAYA_SCHEME,DEL REY FISR,DEL REY FISR,,,
TEAM,1,EZRA_TEAM,BRIDGE_SCHEME,EZRA FISR,EZRA FISR,,,
TEAM,1,EMPIRE_TEAM,SAN MARCOS_SCHEME,EMPIRE FISR,EMPIRE FISR,,,
TEAM,1,SHOVEL_TEAM,ACTON_SCHEME,SHOVEL FISR,SHOVEL FISR,,,
TEAM,1,MILLER_TEAM,WALTERIA_SCHEME,MILLER FISR,MILLER FISR,,,
TEAM,1,KEEFER_TEAM,QUARTZ HILL_SCHEME,KEEFER FISR,KEEFER FISR,,,
TEAM,1,ADAK_TEAM,YUKON_SCHEME,ADAK FISR,ADAK FISR,,,
TEAM,1,BURLEIGH_TEAM,YUKON_SCHEME,BURLEIGH FISR,BURLEIGH FISR,,,
TEAM,1,VALENTE_TEAM,DELANO_SCHEME,VALENTE FISR,VALENTE FISR,,,
TEAM,1,ZION_TEAM,TERRA BELLA_SCHEME,ZION FISR,ZION FISR,,,
TEAM,1,PECOS_TEAM,RIO HONDO_SCHEME,PECOS FISR,PECOS FISR,,,
TEAM,1,ASHBERRY_TEAM,ANAVERDE_SCHEME,ASHBERRY FISR,ASHBERRY FISR,,,
TEAM,1,LAGER_TEAM,DALTON_SCHEME,LAGER FISR,LAGER FISR,,,
TEAM,1,MOYNIER_TEAM,MOYNIER PT_SCHEME,MOYNIER FISR,MOYNIER FISR,,,
TEAM,1,MORGANSTEIN_TEAM,MOORPARK_SCHEME,MORGANSTEIN FISR,MORGANSTEIN FISR,,,
TEAM,1,ZEPHER_TEAM,WALTERIA_SCHEME,ZEPHER FISR,ZEPHER FISR,,,
TEAM,1,PYLE_TEAM,WAKEFIELD_SCHEME,PYLE FISR,PYLE FISR,,,
TEAM,1,BOULDER_TEAM,HIGHLAND_SCHEME,BOULDER FISR,BOULDER FISR,,,
TEAM,1,DANGERFIELD_TEAM,ETIWANDA_SCHEME,DANGERFIELD FISR,DANGERFIELD FISR,,,
TEAM,1,LANZA_TEAM,MARIPOSA_SCHEME,LANZA FISR,LANZA FISR,,,
TEAM,1,BROADCAST_TEAM,GOULD_SCHEME,BROADCAST FISR,BROADCAST FISR,,,
TEAM,1,MUFFIN_TEAM,SIXTEENTH STREET_SCHEME,MUFFIN FISR,MUFFIN FISR,,,
TEAM,1,VULTEE_TEAM,LENNOX_SCHEME,VULTEE FISR,VULTEE FISR,,,
TEAM,1,FIG_TEAM,BRADBURY_SCHEME,FIG FISR,FIG FISR,,,
TEAM,1,SEMINARY_TEAM,SOMIS_SCHEME,SEMINARY FISR,SEMINARY FISR,,,
TEAM,1,CONTINENT_TEAM,SEPULVEDA_SCHEME,CONTINENT FISR,CONTINENT FISR,,,
TEAM,1,CHRISTY_TEAM,LARK ELLEN_SCHEME,CHRISTY FISR,CHRISTY FISR,,,
TEAM,1,BRAMBLE_TEAM,TORRANCE_SCHEME,BRAMBLE FISR,BRAMBLE FISR,,,
TEAM,1,PAGO_TEAM,GAVIOTA_SCHEME,PAGO FISR,PAGO FISR,,,
TEAM,1,JUNIOR_TEAM,RANDALL_SCHEME,JUNIOR FISR,JUNIOR FISR,,,
TEAM,1,URBITA_TEAM,HOMART_SCHEME,URBITA FISR,URBITA FISR,,,
TEAM,1,LEWIS_TEAM,LINDSAY_SCHEME,LEWIS FISR,LEWIS FISR,,,
TEAM,1,OUTPOST_TEAM,VICTOR_SCHEME,OUTPOST FISR,OUTPOST FISR,,,
TEAM,1,FLABOB_TEAM,RUBIDOUX_SCHEME,FLABOB FISR,FLABOB FISR,,,
TEAM,1,DWP DRINKWATER_TEAM,DWP POWER PLANT 1_SCHEME,DWP DRINKWATER FISR,DWP DRINKWATER FISR,,,
TEAM,1,LINDERO_TEAM,MALIBU_SCHEME,LINDERO FISR,LINDERO FISR,,,
TEAM,1,EL MIRAGE_TEAM,VICTOR_SCHEME,EL MIRAGE FISR,EL MIRAGE FISR,,,
TEAM,1,CADWAY_TEAM,WAKEFIELD_SCHEME,CADWAY FISR,CADWAY FISR,,,
TEAM,1,SHENANDOAH_TEAM,POTRERO_SCHEME,SHENANDOAH FISR,SHENANDOAH FISR,,,
TEAM,1,DOOLEY_TEAM,DEL ROSA_SCHEME,DOOLEY FISR,DOOLEY FISR,,,
TEAM,1,NORMANDIE_TEAM,HOWARD_SCHEME,NORMANDIE FISR,NORMANDIE FISR,,,
TEAM,1,COALINGA_TEAM,VICTOR_SCHEME,COALINGA FISR,COALINGA FISR,,,
TEAM,1,MAUNA LOA_TEAM,SAVAGE_SCHEME,MAUNA LOA FISR,MAUNA LOA FISR,,,
TEAM,1,REED_TEAM,MENTONE_SCHEME,REED FISR,REED FISR,,,
TEAM,1,CRAB_TEAM,ARROWHEAD_SCHEME,CRAB FISR,CRAB FISR,,,
TEAM,1,PINWHEEL_TEAM,NORTHWIND_SCHEME,PINWHEEL FISR,PINWHEEL FISR,,,
TEAM,1,FELDSPAR_TEAM,CREST_SCHEME,FELDSPAR FISR,FELDSPAR FISR,,,
TEAM,1,WHITESIDE_TEAM,WABASH_SCHEME,WHITESIDE FISR,WHITESIDE FISR,,,
TEAM,1,FLEETWOOD_TEAM,WEST RIVERSIDE_SCHEME,FLEETWOOD FISR,FLEETWOOD FISR,,,
TEAM,1,TRADEWIND_TEAM,SANTA MONICA_SCHEME,TRADEWIND FISR,TRADEWIND FISR,,,
TEAM,1,SPLENDOR_TEAM,NEWBURY_SCHEME,SPLENDOR FISR,SPLENDOR FISR,,,
TEAM,1,SHERBOURNE_TEAM,WINDSOR HILLS_SCHEME,SHERBOURNE FISR,SHERBOURNE FISR,,,
TEAM,1,SUSAN_TEAM,ALDER_SCHEME,SUSAN FISR,SUSAN FISR,,,
TEAM,1,THUNDERBOLT_TEAM,OASIS_SCHEME,THUNDERBOLT FISR,THUNDERBOLT FISR,,,
TEAM,1,CLIFTON_TEAM,REDONDO_SCHEME,CLIFTON FISR,CLIFTON FISR,,,
TEAM,1,PARADISE_TEAM,VALDEZ_SCHEME,PARADISE FISR,PARADISE FISR,,,
TEAM,1,SHIRLEY_TEAM,ANITA_SCHEME,SHIRLEY FISR,SHIRLEY FISR,,,
TEAM,1,DELFORD_TEAM,BRADBURY_SCHEME,DELFORD FISR,DELFORD FISR,,,
TEAM,1,BURNETTA_TEAM,VICTOR_SCHEME,BURNETTA FISR,BURNETTA FISR,,,
TEAM,1,BUDLONG_TEAM,HOWARD_SCHEME,BUDLONG FISR,BUDLONG FISR,,,
TEAM,1,MORGAN_TEAM,DITMAR_SCHEME,MORGAN FISR,MORGAN FISR,,,
TEAM,1,HAWTHORNE_TEAM,YUKON_SCHEME,HAWTHORNE FISR,HAWTHORNE FISR,,,
TEAM,1,KEATS_TEAM,MANHATTAN_SCHEME,KEATS FISR,KEATS FISR,,,
TEAM,1,PEARCE_TEAM,PIERPONT_SCHEME,PEARCE FISR,PEARCE FISR,,,
TEAM,1,RADIATOR_TEAM,LA FRESA_SCHEME,RADIATOR FISR,RADIATOR FISR,,,
TEAM,1,TWIN BUTTE_TEAM,VENICE HILL_SCHEME,TWIN BUTTE FISR,TWIN BUTTE FISR,,,
TEAM,1,WIGWAG_TEAM,BLOOMINGTON_SCHEME,WIGWAG FISR,WIGWAG FISR,,,
TEAM,1,BRUCITE_TEAM,VICTOR_SCHEME,BRUCITE FISR,BRUCITE FISR,,,
TEAM,1,CLEO_TEAM,DITMAR_SCHEME,CLEO FISR,CLEO FISR,,,
TEAM,1,TWIN LAKES_TEAM,SANTA SUSANA_SCHEME,TWIN LAKES FISR,TWIN LAKES FISR,,,
TEAM,1,TEST_TEAM,ALHAMBRA_SCHEME,TEST FISR,TEST FISR,,,
TEAM,1,MARGARET_TEAM,FELTON_SCHEME,MARGARET FISR,MARGARET FISR,,,
TEAM,1,CASTLE BUTTE_TEAM,EDWARDS_SCHEME,CASTLE BUTTE FISR,CASTLE BUTTE FISR,,,
TEAM,1,DUFFER_TEAM,SAN MARCOS_SCHEME,DUFFER FISR,DUFFER FISR,,,
TEAM,1,BURLESON_TEAM,ROYAL_SCHEME,BURLESON FISR,BURLESON FISR,,,
TEAM,1,ARLENE_TEAM,SOLEMINT_SCHEME,ARLENE FISR,ARLENE FISR,,,
TEAM,1,JASMINE_TEAM,QUINN_SCHEME,JASMINE FISR,JASMINE FISR,,,
TEAM,1,HILTON_TEAM,BEVERLY_SCHEME,HILTON FISR,HILTON FISR,,,
TEAM,1,TURBINE_TEAM,AQUEDUCT_SCHEME,TURBINE FISR,TURBINE FISR,,,
TEAM,1,MESQUITE_TEAM,HESPERIA_SCHEME,MESQUITE FISR,MESQUITE FISR,,,
TEAM,1,KILTS_TEAM,HIGHLAND_SCHEME,KILTS FISR,KILTS FISR,,,
TEAM,1,CRUMNER_TEAM,MALIBU_SCHEME,CRUMNER FISR,CRUMNER FISR,,,
TEAM,1,SUMP_TEAM,HAVEDA_SCHEME,SUMP FISR,SUMP FISR,,,
TEAM,1,HACIENDA_TEAM,POTRERO_SCHEME,HACIENDA FISR,HACIENDA FISR,,,
TEAM,1,SANDELL_TEAM,RANDALL_SCHEME,SANDELL FISR,SANDELL FISR,,,
TEAM,1,ENGLAND_TEAM,INGLEWOOD_SCHEME,ENGLAND FISR,ENGLAND FISR,,,
TEAM,1,DITCH_TEAM,GONZALES_SCHEME,DITCH FISR,DITCH FISR,,,
TEAM,1,PETROL_TEAM,LA FRESA_SCHEME,PETROL FISR,PETROL FISR,,,
TEAM,1,CECIL_TEAM,DELANO_SCHEME,CECIL FISR,CECIL FISR,,,
TEAM,1,STEALTH_TEAM,OASIS_SCHEME,STEALTH FISR,STEALTH FISR,,,
TEAM,1,MAVERICK_TEAM,WILSONA_SCHEME,MAVERICK FISR,MAVERICK FISR,,,
TEAM,1,VARGAS_TEAM,SHANDIN_SCHEME,VARGAS FISR,VARGAS FISR,,,
TEAM,1,ZAPPA_TEAM,QUARTZ HILL_SCHEME,ZAPPA FISR,ZAPPA FISR,,,
TEAM,1,PETIT_TEAM,WAKEFIELD_SCHEME,PETIT FISR,PETIT FISR,,,
TEAM,1,DOLPHIN_TEAM,DOLPHIN PT_SCHEME,DOLPHIN FISR,DOLPHIN FISR,,,
TEAM,1,BRYCE_TEAM,AMADOR_SCHEME,BRYCE FISR,BRYCE FISR,,,
TEAM,1,WETHERLY_TEAM,OLYMPIC_SCHEME,WETHERLY FISR,WETHERLY FISR,,,
TEAM,1,ELK_TEAM,OCTOL_SCHEME,ELK FISR,ELK FISR,,,
TEAM,1,TOMAHAWK_TEAM,MONOLITH_SCHEME,TOMAHAWK FISR,TOMAHAWK FISR,,,
TEAM,1,TALLEY_TEAM,THOUSAND OAKS_SCHEME,TALLEY FISR,TALLEY FISR,,,
TEAM,1,CONCRETE_TEAM,DALTON_SCHEME,CONCRETE FISR,CONCRETE FISR,,,
TEAM,1,MINGO_TEAM,SAVAGE_SCHEME,MINGO FISR,MINGO FISR,,,
TEAM,1,CHEVIOT_TEAM,CULVER_SCHEME,CHEVIOT FISR,CHEVIOT FISR,,,
TEAM,1,BIG FALLS_TEAM,FOREST HOME_SCHEME,BIG FALLS FISR,BIG FALLS FISR,,,
TEAM,1,MONARCH_TEAM,ROYAL_SCHEME,MONARCH FISR,MONARCH FISR,,,
TEAM,1,BAUXITE_TEAM,CREST_SCHEME,BAUXITE FISR,BAUXITE FISR,,,
TEAM,1,KAISER_TEAM,DECLEZ_SCHEME,KAISER FISR,KAISER FISR,,,
TEAM,1,GOPHER_TEAM,WHEATLAND_SCHEME,GOPHER FISR,GOPHER FISR,,,
TEAM,1,ACKLEY_TEAM,NEWMARK_SCHEME,ACKLEY FISR,ACKLEY FISR,,,
TEAM,1,PLUTO_TEAM,BLUFF COVE_SCHEME,PLUTO FISR,PLUTO FISR,,,
TEAM,1,CABERNET_TEAM,PEPPER_SCHEME,CABERNET FISR,CABERNET FISR,,,
TEAM,1,SWEETZER_TEAM,FAIRFAX_SCHEME,SWEETZER FISR,SWEETZER FISR,,,
TEAM,1,RANKIN_TEAM,WALKER BASIN_SCHEME,RANKIN FISR,RANKIN FISR,,,
TEAM,1,BALLONA_TEAM,SEPULVEDA_SCHEME,BALLONA FISR,BALLONA FISR,,,
TEAM,1,PAN PACIFIC_TEAM,FAIRFAX_SCHEME,PAN PACIFIC FISR,PAN PACIFIC FISR,,,
TEAM,1,KALISHER_TEAM,SAN FERNANDO_SCHEME,KALISHER FISR,KALISHER FISR,,,
TEAM,1,JOB_TEAM,JOB PT_SCHEME,JOB FISR,JOB FISR,,,
TEAM,1,AUTUMN_TEAM,SKILAND_SCHEME,AUTUMN FISR,AUTUMN FISR,,,
TEAM,1,VERDUN_TEAM,WINDSOR HILLS_SCHEME,VERDUN FISR,VERDUN FISR,,,
TEAM,1,HAN SOLO_TEAM,SHUTTLE_SCHEME,HAN SOLO FISR,HAN SOLO FISR,,,
TEAM,1,WESLEY_TEAM,CULVER_SCHEME,WESLEY FISR,WESLEY FISR,,,
TEAM,1,CYNTHIA_TEAM,BEVERLY_SCHEME,CYNTHIA FISR,CYNTHIA FISR,,,
TEAM,1,BROOKS_TEAM,AMADOR_SCHEME,BROOKS FISR,BROOKS FISR,,,
TEAM,1,MIST_TEAM,CAPITAN_SCHEME,MIST FISR,MIST FISR,,,
TEAM,1,TWENTY THREE ST_TEAM,TWENTY THREE ST PT_SCHEME,TWENTY THREE ST FISR,TWENTY THREE ST FISR,,,
TEAM,1,MALAGA COVE_TEAM,PALOS VERDES_SCHEME,MALAGA COVE FISR,MALAGA COVE FISR,,,
TEAM,1,POWDER_TEAM,RIO HONDO_SCHEME,POWDER FISR,POWDER FISR,,,
TEAM,1,ROBINSON CREEK_TEAM,BRIDGEPORT_SCHEME,ROBINSON CREEK FISR,ROBINSON CREEK FISR,,,
TEAM,1,GODDE_TEAM,QUARTZ HILL_SCHEME,GODDE FISR,GODDE FISR,,,
TEAM,1,CRUMVILLE_TEAM,DOWNS_SCHEME,CRUMVILLE FISR,CRUMVILLE FISR,,,
TEAM,1,MCDERMONT_TEAM,LINDSAY_SCHEME,MCDERMONT FISR,MCDERMONT FISR,,,
TEAM,1,CRENSHAW_TEAM,MONETA_SCHEME,CRENSHAW FISR,CRENSHAW FISR,,,
TEAM,1,PAPPAS_TEAM,RANDSBURG_SCHEME,PAPPAS FISR,PAPPAS FISR,,,
TEAM,1,BOOSTER_TEAM,LINDSAY_SCHEME,BOOSTER FISR,BOOSTER FISR,,,
TEAM,1,PLACERITA_TEAM,SAUGUS_SCHEME,PLACERITA FISR,PLACERITA FISR,,,
TEAM,1,ELDER_TEAM,RIALTO_SCHEME,ELDER FISR,ELDER FISR,,,
TEAM,1,INDIANA_TEAM,BELVEDERE_SCHEME,INDIANA FISR,INDIANA FISR,,,
TEAM,1,ATMORE_TEAM,WAKEFIELD_SCHEME,ATMORE FISR,ATMORE FISR,,,
TEAM,1,PIMA_TEAM,LUNADA_SCHEME,PIMA FISR,PIMA FISR,,,
TEAM,1,GUITAR_TEAM,ELIZABETH LAKE_SCHEME,GUITAR FISR,GUITAR FISR,,,
TEAM,1,DWEEZIL_TEAM,QUARTZ HILL_SCHEME,DWEEZIL FISR,DWEEZIL FISR,,,
TEAM,1,BENHILL_TEAM,WALTERIA_SCHEME,BENHILL FISR,BENHILL FISR,,,
TEAM,1,CHAPALA_TEAM,SANTA BARBARA_SCHEME,CHAPALA FISR,CHAPALA FISR,,,
TEAM,1,ORCHID_TEAM,ROLLING HILLS_SCHEME,ORCHID FISR,ORCHID FISR,,,
TEAM,1,MANCHESTER_TEAM,MORNINGSIDE_SCHEME,MANCHESTER FISR,MANCHESTER FISR,,,
TEAM,1,DIGBY_TEAM,RANDALL_SCHEME,DIGBY FISR,DIGBY FISR,,,
TEAM,1,DENKER_TEAM,HOWARD_SCHEME,DENKER FISR,DENKER FISR,,,
TEAM,1,QUIXOTE_TEAM,SOUTHWIND_SCHEME,QUIXOTE FISR,QUIXOTE FISR,,,
TEAM,1,RINER_TEAM,SAUGUS_SCHEME,RINER FISR,RINER FISR,,,
TEAM,1,NEON_TEAM,MARINE_SCHEME,NEON FISR,NEON FISR,,,
TEAM,1,MIDGE_TEAM,QUINN_SCHEME,MIDGE FISR,MIDGE FISR,,,
TEAM,1,CAPITOL_TEAM,NEWMARK_SCHEME,CAPITOL FISR,CAPITOL FISR,,,
TEAM,1,MYDA_TEAM,RAVENDALE_SCHEME,MYDA FISR,MYDA FISR,,,
TEAM,1,HACK_TEAM,BLISS_SCHEME,HACK FISR,HACK FISR,,,
TEAM,1,JONES_TEAM,OCEAN PARK_SCHEME,JONES FISR,JONES FISR,,,
TEAM,1,SESPE_TEAM,SESPE PT_SCHEME,SESPE FISR,SESPE FISR,,,
TEAM,1,MERRIT_TEAM,POPLAR_SCHEME,MERRIT FISR,MERRIT FISR,,,
TEAM,1,ACADEMY_TEAM,NEWBURY_SCHEME,ACADEMY FISR,ACADEMY FISR,,,
TEAM,1,GIDDINGS_TEAM,VISALIA_SCHEME,GIDDINGS FISR,GIDDINGS FISR,,,
TEAM,1,SPARKS_TEAM,HIGHLAND_SCHEME,SPARKS FISR,SPARKS FISR,,,
TEAM,1,SANDMAN_TEAM,TAHITI_SCHEME,SANDMAN FISR,SANDMAN FISR,,,
TEAM,1,CARMELITA_TEAM,SHANDIN_SCHEME,CARMELITA FISR,CARMELITA FISR,,,
TEAM,1,CLOVERFIELD_TEAM,OCEAN PARK_SCHEME,CLOVERFIELD FISR,CLOVERFIELD FISR,,,
TEAM,1,BENDER_TEAM,DALTON_SCHEME,BENDER FISR,BENDER FISR,,,
TEAM,1,WOODROAD_TEAM,COLONIA_SCHEME,WOODROAD FISR,WOODROAD FISR,,,
TEAM,1,NISLEY_TEAM,INGLEWOOD_SCHEME,NISLEY FISR,NISLEY FISR,,,
TEAM,1,BURNS_TEAM,YUCAIPA_SCHEME,BURNS FISR,BURNS FISR,,,
TEAM,1,DORAN_TEAM,EARLIMART_SCHEME,DORAN FISR,DORAN FISR,,,
TEAM,1,FRANKLIN_TEAM,COLORADO_SCHEME,FRANKLIN FISR,FRANKLIN FISR,,,
TEAM,1,WALLACE_TEAM,DELANO_SCHEME,WALLACE FISR,WALLACE FISR,,,
TEAM,1,MAGIC_TEAM,SAUGUS_SCHEME,MAGIC FISR,MAGIC FISR,,,
TEAM,1,CAMELLIA_TEAM,ANITA_SCHEME,CAMELLIA FISR,CAMELLIA FISR,,,
TEAM,1,TRIUNFO_TEAM,MALIBU_SCHEME,TRIUNFO FISR,TRIUNFO FISR,,,
TEAM,1,NIMITZ_TEAM,SAWTELLE_SCHEME,NIMITZ FISR,NIMITZ FISR,,,
TEAM,1,COTTONMOUTH_TEAM,NORTH OAKS_SCHEME,COTTONMOUTH FISR,COTTONMOUTH FISR,,,
TEAM,1,FREIGHTLINER_TEAM,ROADWAY_SCHEME,FREIGHTLINER FISR,FREIGHTLINER FISR,,,
TEAM,1,ANGUS_TEAM,FILLMORE_SCHEME,ANGUS FISR,ANGUS FISR,,,
TEAM,1,LOPEZ_TEAM,SAN FERNANDO_SCHEME,LOPEZ FISR,LOPEZ FISR,,,
TEAM,1,PISTON_TEAM,DITMAR_SCHEME,PISTON FISR,PISTON FISR,,,
TEAM,1,DUNTLEY_TEAM,NEENACH_SCHEME,DUNTLEY FISR,DUNTLEY FISR,,,
TEAM,1,OXFORD_TEAM,YUKON_SCHEME,OXFORD FISR,OXFORD FISR,,,
TEAM,1,COGSWELL_TEAM,AMADOR_SCHEME,COGSWELL FISR,COGSWELL FISR,,,
TEAM,1,ZINFANDEL_TEAM,PEPPER_SCHEME,ZINFANDEL FISR,ZINFANDEL FISR,,,
TEAM,1,CONNERS_TEAM,WIMBLEDON_SCHEME,CONNERS FISR,CONNERS FISR,,,
TEAM,1,CAJON_TEAM,REDLANDS_SCHEME,CAJON FISR,CAJON FISR,,,
TEAM,1,CADILLAC_TEAM,NARROWS_SCHEME,CADILLAC FISR,CADILLAC FISR,,,
TEAM,1,TWENTY SIX ST_TEAM,SANTA MONICA_SCHEME,TWENTY SIX ST FISR,TWENTY SIX ST FISR,,,
TEAM,1,JOSARD_TEAM,RAVENDALE_SCHEME,JOSARD FISR,JOSARD FISR,,,
TEAM,1,JULEP_TEAM,NARROWS_SCHEME,JULEP FISR,JULEP FISR,,,
TEAM,1,SIMS_TEAM,PALMDALE_SCHEME,SIMS FISR,SIMS FISR,,,
TEAM,1,LAS PIEDRAS_TEAM,VICTORVILLE_SCHEME,LAS PIEDRAS FISR,LAS PIEDRAS FISR,,,
TEAM,1,WOOKIE_TEAM,SHUTTLE_SCHEME,WOOKIE FISR,WOOKIE FISR,,,
TEAM,1,TAGGERT_TEAM,RUNNING SPRINGS_SCHEME,TAGGERT FISR,TAGGERT FISR,,,
TEAM,1,CRABTREE_TEAM,SAUGUS_SCHEME,CRABTREE FISR,CRABTREE FISR,,,
TEAM,1,TENNECO_TEAM,FRAZIER PARK_SCHEME,TENNECO FISR,TENNECO FISR,,,
TEAM,1,GAVIN_TEAM,NEWHALL_SCHEME,GAVIN FISR,GAVIN FISR,,,
TEAM,1,HARDY_TEAM,LENNOX_SCHEME,HARDY FISR,HARDY FISR,,,
TEAM,1,DOZIER_TEAM,REPETTO_SCHEME,DOZIER FISR,DOZIER FISR,,,
TEAM,1,KERN_TEAM,HESPERIA_SCHEME,KERN FISR,KERN FISR,,,
TEAM,1,MARENGO_TEAM,ALHAMBRA_SCHEME,MARENGO FISR,MARENGO FISR,,,
TEAM,1,SUN_TEAM,STODDARD_SCHEME,SUN FISR,SUN FISR,,,
TEAM,1,PARMAN_TEAM,COLORADO_SCHEME,PARMAN FISR,PARMAN FISR,,,
TEAM,1,ROWE_TEAM,MAXWELL_SCHEME,ROWE FISR,ROWE FISR,,,
TEAM,1,RADNOR_TEAM,DELANO_SCHEME,RADNOR FISR,RADNOR FISR,,,
TEAM,1,ZINC_TEAM,CREST_SCHEME,ZINC FISR,ZINC FISR,,,
TEAM,1,TIERRA BONITA_TEAM,LITTLE ROCK_SCHEME,TIERRA BONITA FISR,TIERRA BONITA FISR,,,
TEAM,1,TOUR_TEAM,MOBILOIL_SCHEME,TOUR FISR,TOUR FISR,,,
TEAM,1,DEEP CREEK_TEAM,APPLE VALLEY_SCHEME,DEEP CREEK FISR,DEEP CREEK FISR,,,
TEAM,1,SHINE_TEAM,RANDALL_SCHEME,SHINE FISR,SHINE FISR,,,
TEAM,1,WILDFLOWER_TEAM,MARIPOSA_SCHEME,WILDFLOWER FISR,WILDFLOWER FISR,,,
TEAM,1,LANCERS_TEAM,PEPPER_SCHEME,LANCERS FISR,LANCERS FISR,,,
TEAM,1,WESTFALL_TEAM,WESTFALL PM_SCHEME,WESTFALL FISR,WESTFALL FISR,,,
TEAM,1,QUEENSLAND_TEAM,LANCASTER_SCHEME,QUEENSLAND FISR,QUEENSLAND FISR,,,
TEAM,1,CORVETTE_TEAM,NARROWS_SCHEME,CORVETTE FISR,CORVETTE FISR,,,
TEAM,1,PEDRO_TEAM,SAN MIGUEL_SCHEME,PEDRO FISR,PEDRO FISR,,,
TEAM,1,LA BREA_TEAM,FAIRFAX_SCHEME,LA BREA FISR,LA BREA FISR,,,
TEAM,1,GATEWAY_TEAM,PEARL_SCHEME,GATEWAY FISR,GATEWAY FISR,,,
TEAM,1,HIGH SCHOOL_TEAM,HIGH SCHOOL PT_SCHEME,HIGH SCHOOL FISR,HIGH SCHOOL FISR,,,
TEAM,1,FURY_TEAM,FALCON RIDGE_SCHEME,FURY FISR,FURY FISR,,,
TEAM,1,DUNNING_TEAM,RANDALL_SCHEME,DUNNING FISR,DUNNING FISR,,,
TEAM,1,ACORN_TEAM,ARCADIA_SCHEME,ACORN FISR,ACORN FISR,,,
TEAM,1,BANANA_TEAM,CITRUS_SCHEME,BANANA FISR,BANANA FISR,,,
TEAM,1,HOBSON_TEAM,PIXLEY_SCHEME,HOBSON FISR,HOBSON FISR,,,
TEAM,1,DANUBE_TEAM,RIO HONDO_SCHEME,DANUBE FISR,DANUBE FISR,,,
TEAM,1,LEXINGTON_TEAM,PIERPONT_SCHEME,LEXINGTON FISR,LEXINGTON FISR,,,
TEAM,1,MATILIJA_TEAM,OJAI_SCHEME,MATILIJA FISR,MATILIJA FISR,,,
TEAM,1,VOSSLER_TEAM,WOODVILLE_SCHEME,VOSSLER FISR,VOSSLER FISR,,,
TEAM,1,SANCHO_TEAM,SOUTHWIND_SCHEME,SANCHO FISR,SANCHO FISR,,,
TEAM,1,CENTURY_TEAM,LENNOX_SCHEME,CENTURY FISR,CENTURY FISR,,,
TEAM,1,TAYLOR_TEAM,VISALIA_SCHEME,TAYLOR FISR,TAYLOR FISR,,,
TEAM,1,MARBLE_TEAM,DECLEZ_SCHEME,MARBLE FISR,MARBLE FISR,,,
TEAM,1,ARTISANO_TEAM,LA FRESA_SCHEME,ARTISANO FISR,ARTISANO FISR,,,
TEAM,1,VIADUCT_TEAM,STODDARD_SCHEME,VIADUCT FISR,VIADUCT FISR,,,
TEAM,1,BLANCHARD_TEAM,REPETTO_SCHEME,BLANCHARD FISR,BLANCHARD FISR,,,
TEAM,1,MCCARTY_TEAM,BEVERLY_SCHEME,MCCARTY FISR,MCCARTY FISR,,,
TEAM,1,ROXBURY_TEAM,BEVERLY_SCHEME,ROXBURY FISR,ROXBURY FISR,,,
TEAM,1,TORPEDO_TEAM,NARROWS_SCHEME,TORPEDO FISR,TORPEDO FISR,,,
TEAM,1,CAMY_TEAM,BELVEDERE_SCHEME,CAMY FISR,CAMY FISR,,,
TEAM,1,SELVA_TEAM,VICTORIA_SCHEME,SELVA FISR,SELVA FISR,,,
TEAM,1,MULKEY_TEAM,DEL ROSA_SCHEME,MULKEY FISR,MULKEY FISR,,,
TEAM,1,GALENA_TEAM,GLEN AVON_SCHEME,GALENA FISR,GALENA FISR,,,
TEAM,1,CENTINELA_TEAM,INGLEWOOD_SCHEME,CENTINELA FISR,CENTINELA FISR,,,
TEAM,1,MEDICAL_TEAM,COLORADO_SCHEME,MEDICAL FISR,MEDICAL FISR,,,
TEAM,1,FULLER_TEAM,FAIRFAX_SCHEME,FULLER FISR,FULLER FISR,,,
TEAM,1,SILICONE_TEAM,CREST_SCHEME,SILICONE FISR,SILICONE FISR,,,
TEAM,1,LIMONITE_TEAM,CALECTRIC_SCHEME,LIMONITE FISR,LIMONITE FISR,,,
TEAM,1,OVERALL_TEAM,CALCITY_SCHEME,OVERALL FISR,OVERALL FISR,,,
TEAM,1,KINGTREE_TEAM,LANCASTER_SCHEME,KINGTREE FISR,KINGTREE FISR,,,
TEAM,1,TRUMPET_TEAM,ELIZABETH LAKE_SCHEME,TRUMPET FISR,TRUMPET FISR,,,
TEAM,1,PAR_TEAM,PAR PT_SCHEME,PAR FISR,PAR FISR,,,
TEAM,1,TETLEY_TEAM,HUSTON_SCHEME,TETLEY FISR,TETLEY FISR,,,
TEAM,1,THEES_TEAM,MOBILOIL_SCHEME,THEES FISR,THEES FISR,,,
TEAM,1,MANSA_TEAM,COLTON_SCHEME,MANSA FISR,MANSA FISR,,,
TEAM,1,BUDD_TEAM,PIXLEY_SCHEME,BUDD FISR,BUDD FISR,,,
TEAM,1,FREEMAN_TEAM,LAWNDALE_SCHEME,FREEMAN FISR,FREEMAN FISR,,,
TEAM,1,AIRCRAFT_TEAM,MARINE_SCHEME,AIRCRAFT FISR,AIRCRAFT FISR,,,
TEAM,1,OAK KNOLL_TEAM,OAK KNOLL PT_SCHEME,OAK KNOLL FISR,OAK KNOLL FISR,,,
TEAM,1,BARBARA_TEAM,LARK ELLEN_SCHEME,BARBARA FISR,BARBARA FISR,,,
TEAM,1,KENYON_TEAM,ARCHLINE_SCHEME,KENYON FISR,KENYON FISR,,,
TEAM,1,HERMOSA_TEAM,REDONDO_SCHEME,HERMOSA FISR,HERMOSA FISR,,,
TEAM,1,PANCHITO_TEAM,PANCHITO PT_SCHEME,PANCHITO FISR,PANCHITO FISR,,,
TEAM,1,DELAWARE_TEAM,COLORADO_SCHEME,DELAWARE FISR,DELAWARE FISR,,,
TEAM,1,MACINTOSH_TEAM,EL CASCO_SCHEME,MACINTOSH FISR,MACINTOSH FISR,,,
TEAM,1,MONACHE_TEAM,PORTERVILLE_SCHEME,MONACHE FISR,MONACHE FISR,,,
TEAM,1,ROCKWELL_TEAM,TENNESSEE_SCHEME,ROCKWELL FISR,ROCKWELL FISR,,,
TEAM,1,SCHOLL_TEAM,ALDER_SCHEME,SCHOLL FISR,SCHOLL FISR,,,
TEAM,1,ASHFORD_TEAM,ARCHLINE_SCHEME,ASHFORD FISR,ASHFORD FISR,,,
TEAM,1,STANDING ROCK_TEAM,RANCHO_SCHEME,STANDING ROCK FISR,STANDING ROCK FISR,,,
TEAM,1,MINERAL_TEAM,VISALIA_SCHEME,MINERAL FISR,MINERAL FISR,,,
TEAM,1,MORRIE_TEAM,SAUGUS_SCHEME,MORRIE FISR,MORRIE FISR,,,
TEAM,1,NASHVILLE_TEAM,TENNESSEE_SCHEME,NASHVILLE FISR,NASHVILLE FISR,,,
TEAM,1,QUAIL_TEAM,TIPTON_SCHEME,QUAIL FISR,QUAIL FISR,,,
TEAM,1,TUSSING_TEAM,APPLE VALLEY_SCHEME,TUSSING FISR,TUSSING FISR,,,
TEAM,1,ARLISS_TEAM,TIMOTEO_SCHEME,ARLISS FISR,ARLISS FISR,,,
TEAM,1,CACHUMA_TEAM,VEGAS_SCHEME,CACHUMA FISR,CACHUMA FISR,,,
TEAM,1,SEVILLE_TEAM,VENICE HILL_SCHEME,SEVILLE FISR,SEVILLE FISR,,,
TEAM,1,DRAKE_TEAM,PIXLEY_SCHEME,DRAKE FISR,DRAKE FISR,,,
TEAM,1,CROWDER_TEAM,LANCASTER_SCHEME,CROWDER FISR,CROWDER FISR,,,
TEAM,1,TEXFI_TEAM,GLEN AVON_SCHEME,TEXFI FISR,TEXFI FISR,,,
TEAM,1,RIVA_TEAM,CASITAS_SCHEME,RIVA FISR,RIVA FISR,,,
TEAM,1,LOUCKS_TEAM,LOUCKS PT_SCHEME,LOUCKS FISR,LOUCKS FISR,,,
TEAM,1,ADOBE_TEAM,NEWMARK_SCHEME,ADOBE FISR,ADOBE FISR,,,
TEAM,1,FAIRBURN_TEAM,APPLE VALLEY_SCHEME,FAIRBURN FISR,FAIRBURN FISR,,,
TEAM,1,FORCE_TEAM,SHUTTLE_SCHEME,FORCE FISR,FORCE FISR,,,
TEAM,1,MOSSBERG_TEAM,DALTON_SCHEME,MOSSBERG FISR,MOSSBERG FISR,,,
TEAM,1,SHERRY_TEAM,PEPPER_SCHEME,SHERRY FISR,SHERRY FISR,,,
TEAM,1,PRYOR_TEAM,ETIWANDA_SCHEME,PRYOR FISR,PRYOR FISR,,,
TEAM,1,FUGATE_TEAM,BROWNING_SCHEME,FUGATE FISR,FUGATE FISR,,,
TEAM,1,LIBERATOR_TEAM,SEPULVEDA_SCHEME,LIBERATOR FISR,LIBERATOR FISR,,,
TEAM,1,BETA_TEAM,TELEGRAPH_SCHEME,BETA FISR,BETA FISR,,,
TEAM,1,OVERHILL_TEAM,WINDSOR HILLS_SCHEME,OVERHILL FISR,OVERHILL FISR,,,
TEAM,1,RALSTON_TEAM,WABASH_SCHEME,RALSTON FISR,RALSTON FISR,,,
TEAM,1,SHIRAZ_TEAM,PEPPER_SCHEME,SHIRAZ FISR,SHIRAZ FISR,,,
TEAM,1,GAINSBOROUGH_TEAM,RAVENDALE_SCHEME,GAINSBOROUGH FISR,GAINSBOROUGH FISR,,,
TEAM,1,NORWICH_TEAM,FAIRFAX_SCHEME,NORWICH FISR,NORWICH FISR,,,
TEAM,1,GRIZZLEY_TEAM,EL NIDO_SCHEME,GRIZZLEY FISR,GRIZZLEY FISR,,,
TEAM,1,BIG RIGG_TEAM,DECLEZ_SCHEME,BIG RIGG FISR,BIG RIGG FISR,,,
TEAM,1,LURING_TEAM,LURING PT_SCHEME,LURING FISR,LURING FISR,,,
TEAM,1,BLACKBIRD_TEAM,LOCKHEED_SCHEME,BLACKBIRD FISR,BLACKBIRD FISR,,,
TEAM,1,STREAMLINER_TEAM,BLOOMINGTON_SCHEME,STREAMLINER FISR,STREAMLINER FISR,,,
TEAM,1,KELVINATOR_TEAM,SEPULVEDA_SCHEME,KELVINATOR FISR,KELVINATOR FISR,,,
TEAM,1,GRAVEYARD_TEAM,LA FRESA_SCHEME,GRAVEYARD FISR,GRAVEYARD FISR,,,
TEAM,1,LA PORTE_TEAM,ANITA_SCHEME,LA PORTE FISR,LA PORTE FISR,,,
TEAM,1,SEBASTIAN_TEAM,RUBIDOUX_SCHEME,SEBASTIAN FISR,SEBASTIAN FISR,,,
TEAM,1,WHALE_TEAM,EL NIDO_SCHEME,WHALE FISR,WHALE FISR,,,
TEAM,1,STANWOOD_TEAM,SANTA BARBARA_SCHEME,STANWOOD FISR,STANWOOD FISR,,,
TEAM,1,BORG_TEAM,WIMBLEDON_SCHEME,BORG FISR,BORG FISR,,,
TEAM,1,TWIN PEAKS_TEAM,BURNT MILL_SCHEME,TWIN PEAKS FISR,TWIN PEAKS FISR,,,
TEAM,1,CALABASH_TEAM,DECLEZ_SCHEME,CALABASH FISR,CALABASH FISR,,,
TEAM,1,GARDEN_TEAM,SANTA BARBARA_SCHEME,GARDEN FISR,GARDEN FISR,,,
TEAM,1,FIREBIRD_TEAM,FALCON RIDGE_SCHEME,FIREBIRD FISR,FIREBIRD FISR,,,
TEAM,1,BLACKJACK_TEAM,TORRANCE_SCHEME,BLACKJACK FISR,BLACKJACK FISR,,,
TEAM,1,INTERNATIONAL_TEAM,ROADWAY_SCHEME,INTERNATIONAL FISR,INTERNATIONAL FISR,,,
TEAM,1,SIDEWINDER_TEAM,ESTERO_SCHEME,SIDEWINDER FISR,SIDEWINDER FISR,,,
TEAM,1,ABACUS_TEAM,HIGHLAND_SCHEME,ABACUS FISR,ABACUS FISR,,,
TEAM,1,CATERPILLAR_TEAM,ROADWAY_SCHEME,CATERPILLAR FISR,CATERPILLAR FISR,,,
TEAM,1,BELPAC_TEAM,NEWBURY_SCHEME,BELPAC FISR,BELPAC FISR,,,
TEAM,1,STEGMAN_TEAM,DEL ROSA_SCHEME,STEGMAN FISR,STEGMAN FISR,,,
TEAM,1,PETERBILT_TEAM,ROADWAY_SCHEME,PETERBILT FISR,PETERBILT FISR,,,
TEAM,1,CEDAR_TEAM,COLORADO_SCHEME,CEDAR FISR,CEDAR FISR,,,
TEAM,1,ALEXANDER_TEAM,ARRO_SCHEME,ALEXANDER FISR,ALEXANDER FISR,,,
TEAM,1,GLEASON_TEAM,REPETTO_SCHEME,GLEASON FISR,GLEASON FISR,,,
TEAM,1,PLATEAU_TEAM,CRATER_SCHEME,PLATEAU FISR,PLATEAU FISR,,,
TEAM,1,FINGAL_TEAM,CABAZON_SCHEME,FINGAL FISR,FINGAL FISR,,,
TEAM,1,HOLLY VISTA_TEAM,DEL ROSA_SCHEME,HOLLY VISTA FISR,HOLLY VISTA FISR,,,
TEAM,1,ANDERSON_TEAM,GLEN AVON_SCHEME,ANDERSON FISR,ANDERSON FISR,,,
TEAM,1,MERCANTILE_TEAM,INGLEWOOD_SCHEME,MERCANTILE FISR,MERCANTILE FISR,,,
TEAM,1,BYRON_TEAM,STODDARD_SCHEME,BYRON FISR,BYRON FISR,,,
TEAM,1,FRONTAGE_TEAM,SAVAGE_SCHEME,FRONTAGE FISR,FRONTAGE FISR,,,
TEAM,1,LLEWELLYN_TEAM,MADRID_SCHEME,LLEWELLYN FISR,LLEWELLYN FISR,,,
TEAM,1,CYLINDER_TEAM,DITMAR_SCHEME,CYLINDER FISR,CYLINDER FISR,,,
TEAM,1,BLAKE_TEAM,LA FRESA_SCHEME,BLAKE FISR,BLAKE FISR,,,
TEAM,1,CASEY_TEAM,SAN MARCOS_SCHEME,CASEY FISR,CASEY FISR,,,
TEAM,1,IRENE_TEAM,LARK ELLEN_SCHEME,IRENE FISR,IRENE FISR,,,
TEAM,1,WHIP_TEAM,QUARTZ HILL_SCHEME,WHIP FISR,WHIP FISR,,,
TEAM,1,SPEAR_TEAM,APPLE VALLEY_SCHEME,SPEAR FISR,SPEAR FISR,,,
TEAM,1,BLUEGILL_TEAM,EL NIDO_SCHEME,BLUEGILL FISR,BLUEGILL FISR,,,
TEAM,1,JUDAH_TEAM,FELTON_SCHEME,JUDAH FISR,JUDAH FISR,,,
TEAM,1,LEBER_TEAM,MT VERNON_SCHEME,LEBER FISR,LEBER FISR,,,
TEAM,1,WELCH_TEAM,VESTAL_SCHEME,WELCH FISR,WELCH FISR,,,
TEAM,1,COURSON_TEAM,PALMDALE_SCHEME,COURSON FISR,COURSON FISR,,,
TEAM,1,COWEN_TEAM,MT VERNON_SCHEME,COWEN FISR,COWEN FISR,,,
TEAM,1,ALABAMA_TEAM,REDLANDS_SCHEME,ALABAMA FISR,ALABAMA FISR,,,
TEAM,1,ZAPATA_TEAM,CARDIFF_SCHEME,ZAPATA FISR,ZAPATA FISR,,,
TEAM,1,ANAKIN_TEAM,SHUTTLE_SCHEME,ANAKIN FISR,ANAKIN FISR,,,
TEAM,1,YORKTOWN_TEAM,NARROWS_SCHEME,YORKTOWN FISR,YORKTOWN FISR,,,
TEAM,1,CUTLER_TEAM,VISALIA_SCHEME,CUTLER FISR,CUTLER FISR,,,
TEAM,1,SEYMOUR_TEAM,SANTA ANA RIVER 1_SCHEME,SEYMOUR FISR,SEYMOUR FISR,,,
TEAM,1,ALFREDO_TEAM,SAN MIGUEL_SCHEME,ALFREDO FISR,ALFREDO FISR,,,
TEAM,1,AZURE_TEAM,TOPAZ_SCHEME,AZURE FISR,AZURE FISR,,,
TEAM,1,MONTROSE_TEAM,LA CANADA_SCHEME,MONTROSE FISR,MONTROSE FISR,,,
TEAM,1,SAGE_TEAM,MT VERNON_SCHEME,SAGE FISR,SAGE FISR,,,
TEAM,1,LANE_TEAM,LA CANADA_SCHEME,LANE FISR,LANE FISR,,,
TEAM,1,WILSHIRE_TEAM,BEVERLY_SCHEME,WILSHIRE FISR,WILSHIRE FISR,,,
TEAM,1,MEANDER_TEAM,BEVERLY_SCHEME,MEANDER FISR,MEANDER FISR,,,
TEAM,1,SYLVAN_TEAM,REDLANDS_SCHEME,SYLVAN FISR,SYLVAN FISR,,,
TEAM,1,CELLO_TEAM,ELIZABETH LAKE_SCHEME,CELLO FISR,CELLO FISR,,,
TEAM,1,SOUTH STRAND_TEAM,MANHATTAN_SCHEME,SOUTH STRAND FISR,SOUTH STRAND FISR,,,
TEAM,1,TUNGSTEN_TEAM,ISABELLA_SCHEME,TUNGSTEN FISR,TUNGSTEN FISR,,,
TEAM,1,PAYNE_TEAM,BRADBURY_SCHEME,PAYNE FISR,PAYNE FISR,,,
TEAM,1,PRONGHORN_TEAM,DEL SUR_SCHEME,PRONGHORN FISR,PRONGHORN FISR,,,
TEAM,1,CONEJO_TEAM,MALIBU_SCHEME,CONEJO FISR,CONEJO FISR,,,
TEAM,1,HUCKLEBERRY_TEAM,RITTER RANCH_SCHEME,HUCKLEBERRY FISR,HUCKLEBERRY FISR,,,
TEAM,1,PENSTOCK_TEAM,AQUEDUCT_SCHEME,PENSTOCK FISR,PENSTOCK FISR,,,
TEAM,1,BOWMAN_TEAM,DOWNS_SCHEME,BOWMAN FISR,BOWMAN FISR,,,
TEAM,1,EASTWIND_TEAM,WILSONA_SCHEME,EASTWIND FISR,EASTWIND FISR,,,
TEAM,1,KINGHURST_TEAM,RAVENDALE_SCHEME,KINGHURST FISR,KINGHURST FISR,,,
TEAM,1,PATHE_TEAM,CULVER_SCHEME,PATHE FISR,PATHE FISR,,,
TEAM,1,BRYN MAWR_TEAM,REDLANDS_SCHEME,BRYN MAWR FISR,BRYN MAWR FISR,,,
TEAM,1,IRVINGTON_TEAM,SHANDIN_SCHEME,IRVINGTON FISR,IRVINGTON FISR,,,
TEAM,1,CIMARRON_TEAM,INGLEWOOD_SCHEME,CIMARRON FISR,CIMARRON FISR,,,
TEAM,1,MEMPHIS_TEAM,TENNESSEE_SCHEME,MEMPHIS FISR,MEMPHIS FISR,,,
TEAM,1,BLACKWATER_TEAM,LUNADA_SCHEME,BLACKWATER FISR,BLACKWATER FISR,,,
TEAM,1,ENDICOTT_TEAM,RAVENDALE_SCHEME,ENDICOTT FISR,ENDICOTT FISR,,,
TEAM,1,SENECA_TEAM,VICTORVILLE_SCHEME,SENECA FISR,SENECA FISR,,,
TEAM,1,VIA HUERTO_TEAM,VIA HUERTO PT_SCHEME,VIA HUERTO FISR,VIA HUERTO FISR,,,
TEAM,1,JAYBIRD_TEAM,ARCHLINE_SCHEME,JAYBIRD FISR,JAYBIRD FISR,,,
TEAM,1,LEDFORD_TEAM,PALMDALE_SCHEME,LEDFORD FISR,LEDFORD FISR,,,
TEAM,1,CODE_TEAM,PIERPONT_SCHEME,CODE FISR,CODE FISR,,,
TEAM,1,LYONS_TEAM,NEWHALL_SCHEME,LYONS FISR,LYONS FISR,,,
TEAM,1,TIMCO_TEAM,LUCERNE_SCHEME,TIMCO FISR,TIMCO FISR,,,
TEAM,1,ENLOE_TEAM,AMADOR_SCHEME,ENLOE FISR,ENLOE FISR,,,
TEAM,1,ACOSTA_TEAM,RANDALL_SCHEME,ACOSTA FISR,ACOSTA FISR,,,
TEAM,1,REXFORD_TEAM,BEVERLY_SCHEME,REXFORD FISR,REXFORD FISR,,,
TEAM,1,CONSTANTINE_TEAM,HASKELL_SCHEME,CONSTANTINE FISR,CONSTANTINE FISR,,,
TEAM,1,TWAIN_TEAM,PALMDALE_SCHEME,TWAIN FISR,TWAIN FISR,,,
TEAM,1,FLUE_TEAM,AQUEDUCT_SCHEME,FLUE FISR,FLUE FISR,,,
TEAM,1,MUSEUM_TEAM,PIUTE_SCHEME,MUSEUM FISR,MUSEUM FISR,,,
TEAM,1,SLUICE_TEAM,AQUEDUCT_SCHEME,SLUICE FISR,SLUICE FISR,,,
TEAM,1,HUTCHINS_TEAM,HIGHLAND_SCHEME,HUTCHINS FISR,HUTCHINS FISR,,,
TEAM,1,UNICORN_TEAM,SAN BERNARDINO_SCHEME,UNICORN FISR,UNICORN FISR,,,
TEAM,1,CLAMPETT_TEAM,PORTERVILLE_SCHEME,CLAMPETT FISR,CLAMPETT FISR,,,
TEAM,1,LA RICA_TEAM,DALTON_SCHEME,LA RICA FISR,LA RICA FISR,,,
TEAM,1,TANAGER_TEAM,BANDUCCI_SCHEME,TANAGER FISR,TANAGER FISR,,,
TEAM,1,STURGIS_TEAM,COLONIA_SCHEME,STURGIS FISR,STURGIS FISR,,,
TEAM,1,JACK RANCH_TEAM,DOWNS_SCHEME,JACK RANCH FISR,JACK RANCH FISR,,,
TEAM,1,HOVATTER_TEAM,DEL ROSA_SCHEME,HOVATTER FISR,HOVATTER FISR,,,
TEAM,1,SUBIDA_TEAM,ANAVERDE_SCHEME,SUBIDA FISR,SUBIDA FISR,,,
TEAM,1,MARCUS_TEAM,HASKELL_SCHEME,MARCUS FISR,MARCUS FISR,,,
TEAM,1,LORENE_TEAM,SAVAGE_SCHEME,LORENE FISR,LORENE FISR,,,
TEAM,1,EXPO_TEAM,STODDARD_SCHEME,EXPO FISR,EXPO FISR,,,
TEAM,1,NILE_TEAM,RIO HONDO_SCHEME,NILE FISR,NILE FISR,,,
TEAM,1,SWOOSE_TEAM,VISALIA_SCHEME,SWOOSE FISR,SWOOSE FISR,,,
TEAM,1,TRI CITY_TEAM,ALHAMBRA_SCHEME,TRI CITY FISR,TRI CITY FISR,,,
TEAM,1,JUSTICE_TEAM,CARDIFF_SCHEME,JUSTICE FISR,JUSTICE FISR,,,
TEAM,1,CITY CREEK_TEAM,HIGHLAND_SCHEME,CITY CREEK FISR,CITY CREEK FISR,,,
TEAM,1,TEAK_TEAM,TORRANCE_SCHEME,TEAK FISR,TEAK FISR,,,
TEAM,1,SULTANA_TEAM,HESPERIA_SCHEME,SULTANA FISR,SULTANA FISR,,,
TEAM,1,SLURRY_TEAM,BREEZE_SCHEME,SLURRY FISR,SLURRY FISR,,,
TEAM,1,COLA_TEAM,ARRO_SCHEME,COLA FISR,COLA FISR,,,
TEAM,1,HAVEN_TEAM,ARCADIA_SCHEME,HAVEN FISR,HAVEN FISR,,,
TEAM,1,NASA_TEAM,SHUTTLE_SCHEME,NASA FISR,NASA FISR,,,
TEAM,1,GARCES_TEAM,DELANO_SCHEME,GARCES FISR,GARCES FISR,,,
TEAM,1,INTERN_TEAM,TIMOTEO_SCHEME,INTERN FISR,INTERN FISR,,,
TEAM,1,PRUITT_TEAM,PRUITT PT_SCHEME,PRUITT FISR,PRUITT FISR,,,
TEAM,1,DOGBANE_TEAM,CALCITY_SCHEME,DOGBANE FISR,DOGBANE FISR,,,
TEAM,1,BERMITE_TEAM,SAUGUS_SCHEME,BERMITE FISR,BERMITE FISR,,,
TEAM,1,FELLOWSHIP_TEAM,PLAYA_SCHEME,FELLOWSHIP FISR,FELLOWSHIP FISR,,,
TEAM,1,WESTERN_TEAM,YUKON_SCHEME,WESTERN FISR,WESTERN FISR,,,
TEAM,1,SWIFT_TEAM,MONTECITO_SCHEME,SWIFT FISR,SWIFT FISR,,,
TEAM,1,PELONA_TEAM,ANAVERDE_SCHEME,PELONA FISR,PELONA FISR,,,
TEAM,1,OLD TRAILS_TEAM,VICTOR_SCHEME,OLD TRAILS FISR,OLD TRAILS FISR,,,
TEAM,1,OAKHURST_TEAM,BEVERLY_SCHEME,OAKHURST FISR,OAKHURST FISR,,,
TEAM,1,RODEO_TEAM,BEVERLY_SCHEME,RODEO FISR,RODEO FISR,,,
TEAM,1,CHUMASH_TEAM,MALIBU_SCHEME,CHUMASH FISR,CHUMASH FISR,,,
TEAM,1,GRAPEFRUIT_TEAM,CITRUS_SCHEME,GRAPEFRUIT FISR,GRAPEFRUIT FISR,,,
TEAM,1,SCRAPPER_TEAM,QUARTZ HILL_SCHEME,SCRAPPER FISR,SCRAPPER FISR,,,
TEAM,1,HOT SPRINGS_TEAM,SANTA BARBARA_SCHEME,HOT SPRINGS FISR,HOT SPRINGS FISR,,,
TEAM,1,SEXTON_TEAM,SATICOY_SCHEME,SEXTON FISR,SEXTON FISR,,,
TEAM,1,FEDERER_TEAM,WIMBLEDON_SCHEME,FEDERER FISR,FEDERER FISR,,,
TEAM,1,CONTE_TEAM,HOLGATE_SCHEME,CONTE FISR,CONTE FISR,,,
TEAM,1,GUTHRIE_TEAM,DEL ROSA_SCHEME,GUTHRIE FISR,GUTHRIE FISR,,,
TEAM,1,WALK_TEAM,MOBILOIL_SCHEME,WALK FISR,WALK FISR,,,
TEAM,1,BIDDER_TEAM,GOLETA_SCHEME,BIDDER FISR,BIDDER FISR,,,
TEAM,1,MINOTAUR_TEAM,SAN BERNARDINO_SCHEME,MINOTAUR FISR,MINOTAUR FISR,,,
TEAM,1,ALPHA_TEAM,TELEGRAPH_SCHEME,ALPHA FISR,ALPHA FISR,,,
TEAM,1,GRINGO_TEAM,SAN MIGUEL_SCHEME,GRINGO FISR,GRINGO FISR,,,
TEAM,1,HOSS_TEAM,ROYAL_SCHEME,HOSS FISR,HOSS FISR,,,
TEAM,1,PICKLE MEADOWS_TEAM,BRIDGEPORT_SCHEME,PICKLE MEADOWS FISR,PICKLE MEADOWS FISR,,,
TEAM,1,CALSTATE_TEAM,SHANDIN_SCHEME,CALSTATE FISR,CALSTATE FISR,,,
TEAM,1,LARCH_TEAM,CALECTRIC_SCHEME,LARCH FISR,LARCH FISR,,,
TEAM,1,ILLINOIS_TEAM,MONETA_SCHEME,ILLINOIS FISR,ILLINOIS FISR,,,
TEAM,1,ALDEN_TEAM,BEVERLY_SCHEME,ALDEN FISR,ALDEN FISR,,,
TEAM,1,HELENA_TEAM,SANTA BARBARA_SCHEME,HELENA FISR,HELENA FISR,,,
TEAM,1,SPUR_TEAM,PALMDALE_SCHEME,SPUR FISR,SPUR FISR,,,
TEAM,1,HOLSTEIN_TEAM,TIPPECANOE_SCHEME,HOLSTEIN FISR,HOLSTEIN FISR,,,
TEAM,1,REAKES_TEAM,MAXWELL_SCHEME,REAKES FISR,REAKES FISR,,,
TEAM,1,PINZON_TEAM,ROLLING HILLS_SCHEME,PINZON FISR,PINZON FISR,,,
TEAM,1,MARIANNA_TEAM,RANCHO_SCHEME,MARIANNA FISR,MARIANNA FISR,,,
TEAM,1,DRINKWATER_TEAM,DRINKWATER PT_SCHEME,DRINKWATER FISR,DRINKWATER FISR,,,
TEAM,1,NEEDHAM_TEAM,NEWHALL_SCHEME,NEEDHAM FISR,NEEDHAM FISR,,,
TEAM,1,SCHUYLER_TEAM,BEVERLY_SCHEME,SCHUYLER FISR,SCHUYLER FISR,,,
TEAM,1,POULTRY_TEAM,YUCAIPA_SCHEME,POULTRY FISR,POULTRY FISR,,,
TEAM,1,ASPEN_TEAM,TORRANCE_SCHEME,ASPEN FISR,ASPEN FISR,,,
TEAM,1,CHICO_TEAM,ROLLING HILLS_SCHEME,CHICO FISR,CHICO FISR,,,
TEAM,1,DENNIS_TEAM,LITTLE ROCK_SCHEME,DENNIS FISR,DENNIS FISR,,,
TEAM,1,HOLLY_TEAM,ANITA_SCHEME,HOLLY FISR,HOLLY FISR,,,
TEAM,1,SILVERTONE_TEAM,HOMART_SCHEME,SILVERTONE FISR,SILVERTONE FISR,,,
TEAM,1,ERSKINE_TEAM,ISABELLA_SCHEME,ERSKINE FISR,ERSKINE FISR,,,
TEAM,1,SLADE_TEAM,MARIPOSA_SCHEME,SLADE FISR,SLADE FISR,,,
TEAM,1,WORTH_TEAM,PORTERVILLE_SCHEME,WORTH FISR,WORTH FISR,,,
TEAM,1,TAMWORTH_TEAM,RAVENDALE_SCHEME,TAMWORTH FISR,TAMWORTH FISR,,,
TEAM,1,AUBURN_TEAM,CULVER_SCHEME,AUBURN FISR,AUBURN FISR,,,
TEAM,1,AYALA_TEAM,ALDER_SCHEME,AYALA FISR,AYALA FISR,,,
TEAM,1,CHARIOT_TEAM,HASKELL_SCHEME,CHARIOT FISR,CHARIOT FISR,,,
TEAM,1,MORA_TEAM,RANDALL_SCHEME,MORA FISR,MORA FISR,,,
TEAM,1,BYER_TEAM,THOUSAND OAKS_SCHEME,BYER FISR,BYER FISR,,,
TEAM,1,DRAG_TEAM,PORTERVILLE_SCHEME,DRAG FISR,DRAG FISR,,,
TEAM,1,MARTINELLI_TEAM,POTRERO_SCHEME,MARTINELLI FISR,MARTINELLI FISR,,,
TEAM,1,ROUND VALLEY_TEAM,LINDSAY_SCHEME,ROUND VALLEY FISR,ROUND VALLEY FISR,,,
TEAM,1,CLIPPER_TEAM,LUNADA_SCHEME,CLIPPER FISR,CLIPPER FISR,,,
TEAM,1,BURUM_TEAM,MARIPOSA_SCHEME,BURUM FISR,BURUM FISR,,,
TEAM,1,DALBA_TEAM,DALBA PT_SCHEME,DALBA FISR,DALBA FISR,,,
TEAM,1,COCHISE_TEAM,APPLE VALLEY_SCHEME,COCHISE FISR,COCHISE FISR,,,
TEAM,1,TRIUMPH_TEAM,ALHAMBRA_SCHEME,TRIUMPH FISR,TRIUMPH FISR,,,
TEAM,1,EGAN_TEAM,BEAUMONT_SCHEME,EGAN FISR,EGAN FISR,,,
TEAM,1,BROOKLYN_TEAM,BELVEDERE_SCHEME,BROOKLYN FISR,BROOKLYN FISR,,,
TEAM,1,SLUMP_TEAM,BREEZE_SCHEME,SLUMP FISR,SLUMP FISR,,,
TEAM,1,GRANITE_TEAM,PORTERVILLE_SCHEME,GRANITE FISR,GRANITE FISR,,,
TEAM,1,ELEVADO_TEAM,BEVERLY_SCHEME,ELEVADO FISR,ELEVADO FISR,,,
TEAM,1,JACKNORTHROP_TEAM,JACKNORTHROP PT_SCHEME,JACKNORTHROP FISR,JACKNORTHROP FISR,,,
TEAM,1,SHOPPING_TEAM,THOUSAND OAKS_SCHEME,SHOPPING FISR,SHOPPING FISR,,,
TEAM,1,BRAUN_TEAM,ALHAMBRA_SCHEME,BRAUN FISR,BRAUN FISR,,,
TEAM,1,SECURITY_TEAM,SANTA MONICA_SCHEME,SECURITY FISR,SECURITY FISR,,,
TEAM,1,SEAHORSE_TEAM,TAHITI_SCHEME,SEAHORSE FISR,SEAHORSE FISR,,,
TEAM,1,DIAMONDBACK_TEAM,NORTH OAKS_SCHEME,DIAMONDBACK FISR,DIAMONDBACK FISR,,,
TEAM,1,LOMA VISTA_TEAM,LOMA VISTA PT_SCHEME,LOMA VISTA FISR,LOMA VISTA FISR,,,
TEAM,1,SEELEY_TEAM,HUSTON_SCHEME,SEELEY FISR,SEELEY FISR,,,
TEAM,1,HEIGHTS_TEAM,OASIS_SCHEME,HEIGHTS FISR,HEIGHTS FISR,,,
TEAM,1,MCCLURE_TEAM,BROWNING_SCHEME,MCCLURE FISR,MCCLURE FISR,,,
TEAM,1,WING_TEAM,SAVAGE_SCHEME,WING FISR,WING FISR,,,
TEAM,1,NAUMANN_TEAM,LEVY_SCHEME,NAUMANN FISR,NAUMANN FISR,,,
TEAM,1,TRUSS_TEAM,BRIDGE_SCHEME,TRUSS FISR,TRUSS FISR,,,
TEAM,1,SHANGRILA_TEAM,DOWNS_SCHEME,SHANGRILA FISR,SHANGRILA FISR,,,
TEAM,1,WASH_TEAM,RIO HONDO_SCHEME,WASH FISR,WASH FISR,,,
TEAM,1,COLLETTE_TEAM,MOBILOIL_SCHEME,COLLETTE FISR,COLLETTE FISR,,,
TEAM,1,TICO_TEAM,CASITAS_SCHEME,TICO FISR,TICO FISR,,,
TEAM,1,LATIN_TEAM,REPETTO_SCHEME,LATIN FISR,LATIN FISR,,,
TEAM,1,CARPOIL_TEAM,CARPINTERIA_SCHEME,CARPOIL FISR,CARPOIL FISR,,,
TEAM,1,MIRAMAR_TEAM,MONTECITO_SCHEME,MIRAMAR FISR,MIRAMAR FISR,,,
TEAM,1,NEWMAN_TEAM,OCTOL_SCHEME,NEWMAN FISR,NEWMAN FISR,,,
TEAM,1,FUEL GAS 3_TEAM,COMPRESS_SCHEME,FUEL GAS 3 FISR,FUEL GAS 3 FISR,,,
TEAM,1,ROSEMONT_TEAM,LA CANADA_SCHEME,ROSEMONT FISR,ROSEMONT FISR,,,
TEAM,1,TYLER_TEAM,AMADOR_SCHEME,TYLER FISR,TYLER FISR,,,
TEAM,1,CROSS_TEAM,NEWHALL_SCHEME,CROSS FISR,CROSS FISR,,,
TEAM,1,TECH_TEAM,PHARMACY_SCHEME,TECH FISR,TECH FISR,,,
TEAM,1,TARTAR_TEAM,BEVERLY_SCHEME,TARTAR FISR,TARTAR FISR,,,
TEAM,1,BOEING_TEAM,LENNOX_SCHEME,BOEING FISR,BOEING FISR,,,
TEAM,1,LILAC_TEAM,ROLLING HILLS_SCHEME,LILAC FISR,LILAC FISR,,,
TEAM,1,CARLYLE_TEAM,SAN VICENTE_SCHEME,CARLYLE FISR,CARLYLE FISR,,,
TEAM,1,LOPER_TEAM,RIALTO_SCHEME,LOPER FISR,LOPER FISR,,,
TEAM,1,TYROLITE_TEAM,GLEN AVON_SCHEME,TYROLITE FISR,TYROLITE FISR,,,
TEAM,1,OTTOWA_TEAM,RIO HONDO_SCHEME,OTTOWA FISR,OTTOWA FISR,,,
TEAM,1,RUSS BOYD_TEAM,VICTOR_SCHEME,RUSS BOYD FISR,RUSS BOYD FISR,,,
TEAM,1,TRANSPLANT_TEAM,DITMAR_SCHEME,TRANSPLANT FISR,TRANSPLANT FISR,,,
TEAM,1,STONELEY_TEAM,RAVENDALE_SCHEME,STONELEY FISR,STONELEY FISR,,,
TEAM,1,ENID_TEAM,DALTON_SCHEME,ENID FISR,ENID FISR,,,
TEAM,1,BATH_TEAM,SANTA BARBARA_SCHEME,BATH FISR,BATH FISR,,,
TEAM,1,WHITING_TEAM,SEPULVEDA_SCHEME,WHITING FISR,WHITING FISR,,,
TEAM,1,ARCTURUS_TEAM,BLUFF COVE_SCHEME,ARCTURUS FISR,ARCTURUS FISR,,,
TEAM,1,SPINEL_TEAM,TOPAZ_SCHEME,SPINEL FISR,SPINEL FISR,,,
TEAM,1,STROSNIDER_TEAM,BRIDGEPORT_SCHEME,STROSNIDER FISR,STROSNIDER FISR,,,
TEAM,1,JIMS_TEAM,MENTONE_SCHEME,JIMS FISR,JIMS FISR,,,
TEAM,1,CARTER_TEAM,HOWARD_SCHEME,CARTER FISR,CARTER FISR,,,
TEAM,1,CUYAMA_TEAM,TAFT_SCHEME,CUYAMA FISR,CUYAMA FISR,,,
TEAM,1,VADAR_TEAM,SHUTTLE_SCHEME,VADAR FISR,VADAR FISR,,,
TEAM,1,SID_TEAM,RIALTO_SCHEME,SID FISR,SID FISR,,,
TEAM,1,SHAKE_TEAM,ARROWHEAD_SCHEME,SHAKE FISR,SHAKE FISR,,,
TEAM,1,ANTIL_TEAM,STODDARD_SCHEME,ANTIL FISR,ANTIL FISR,,,
TEAM,1,HARLEM SPRINGS_TEAM,CARDIFF_SCHEME,HARLEM SPRINGS FISR,HARLEM SPRINGS FISR,,,
TEAM,1,RIGGIN_TEAM,NEWMARK_SCHEME,RIGGIN FISR,RIGGIN FISR,,,
TEAM,1,COBRA_TEAM,NORTH OAKS_SCHEME,COBRA FISR,COBRA FISR,,,
TEAM,1,SAUTERNE_TEAM,PEPPER_SCHEME,SAUTERNE FISR,SAUTERNE FISR,,,
TEAM,1,NURSES_TEAM,TIMOTEO_SCHEME,NURSES FISR,NURSES FISR,,,
TEAM,1,ELECTRA_TEAM,LOCKHEED_SCHEME,ELECTRA FISR,ELECTRA FISR,,,
TEAM,1,BROOME_TEAM,COLONIA_SCHEME,BROOME FISR,BROOME FISR,,,
TEAM,1,CASPER_TEAM,CASPER PT_SCHEME,CASPER FISR,CASPER FISR,,,
TEAM,1,CARBON_TEAM,GOLDTOWN_SCHEME,CARBON FISR,CARBON FISR,,,
TEAM,1,WILSON CREEK_TEAM,YUCAIPA_SCHEME,WILSON CREEK FISR,WILSON CREEK FISR,,,
TEAM,1,SAND CANYON_TEAM,SOLEMINT_SCHEME,SAND CANYON FISR,SAND CANYON FISR,,,
TEAM,1,HURSTVIEW_TEAM,BRADBURY_SCHEME,HURSTVIEW FISR,HURSTVIEW FISR,,,
TEAM,1,FAIRBANKS_TEAM,YUKON_SCHEME,FAIRBANKS FISR,FAIRBANKS FISR,,,
TEAM,1,MORELLO_TEAM,MARASCHINO_SCHEME,MORELLO FISR,MORELLO FISR,,,
TEAM,1,JAKE_TEAM,SMILEY_SCHEME,JAKE FISR,JAKE FISR,,,
TEAM,1,SUNDALE_TEAM,FELTON_SCHEME,SUNDALE FISR,SUNDALE FISR,,,
TEAM,1,LYTLE_TEAM,ALDER_SCHEME,LYTLE FISR,LYTLE FISR,,,
TEAM,1,WILEY_TEAM,NEWHALL_SCHEME,WILEY FISR,WILEY FISR,,,
TEAM,1,CIENIGITAS_TEAM,SANTA BARBARA_SCHEME,CIENIGITAS FISR,CIENIGITAS FISR,,,
TEAM,1,KENWORTH_TEAM,ROADWAY_SCHEME,KENWORTH FISR,KENWORTH FISR,,,
TEAM,1,TORONTO_TEAM,CANADIAN_SCHEME,TORONTO FISR,TORONTO FISR,,,
TEAM,1,GREGORY_TEAM,DOWNS_SCHEME,GREGORY FISR,GREGORY FISR,,,
TEAM,1,MEREDITH_TEAM,CALECTRIC_SCHEME,MEREDITH FISR,MEREDITH FISR,,,
TEAM,1,HONEYCRISP_TEAM,EL CASCO_SCHEME,HONEYCRISP FISR,HONEYCRISP FISR,,,
TEAM,1,ST. CHARLES_TEAM,ALHAMBRA_SCHEME,ST. CHARLES FISR,ST. CHARLES FISR,,,
TEAM,1,SWANSON_TEAM,DELANO_SCHEME,SWANSON FISR,SWANSON FISR,,,
TEAM,1,TELOMA_TEAM,PIERPONT_SCHEME,TELOMA FISR,TELOMA FISR,,,
TEAM,1,WARM CREEK_TEAM,CARDIFF_SCHEME,WARM CREEK FISR,WARM CREEK FISR,,,
TEAM,1,NOX 2_TEAM,COMPRESS_SCHEME,NOX 2 FISR,NOX 2 FISR,,,
TEAM,1,APPLE_TEAM,CITRUS_SCHEME,APPLE FISR,APPLE FISR,,,
TEAM,1,VON_TEAM,DALTON_SCHEME,VON FISR,VON FISR,,,
TEAM,1,JAVA_TEAM,LENNOX_SCHEME,JAVA FISR,JAVA FISR,,,
TEAM,1,BORDEN_TEAM,DITMAR_SCHEME,BORDEN FISR,BORDEN FISR,,,
TEAM,1,BELUSHI_TEAM,ETIWANDA_SCHEME,BELUSHI FISR,BELUSHI FISR,,,
TEAM,1,RYAN_TEAM,LENNOX_SCHEME,RYAN FISR,RYAN FISR,,,
TEAM,1,WHIZZIN_TEAM,MALIBU_SCHEME,WHIZZIN FISR,WHIZZIN FISR,,,
TEAM,1,HENDERSON_TEAM,PORTERVILLE_SCHEME,HENDERSON FISR,HENDERSON FISR,,,
TEAM,1,REJADA_TEAM,ROYAL_SCHEME,REJADA FISR,REJADA FISR,,,
TEAM,1,REVOLUTION_TEAM,COLOSSUS_SCHEME,REVOLUTION FISR,REVOLUTION FISR,,,
TEAM,1,FLOODGATE_TEAM,AQUEDUCT_SCHEME,FLOODGATE FISR,FLOODGATE FISR,,,
TEAM,1,SNOW VALLEY_TEAM,RUNNING SPRINGS_SCHEME,SNOW VALLEY FISR,SNOW VALLEY FISR,,,
TEAM,1,RIDGELAND_TEAM,WALTERIA_SCHEME,RIDGELAND FISR,RIDGELAND FISR,,,
TEAM,1,PURCHASE_TEAM,OUTLET PT_SCHEME,PURCHASE FISR,PURCHASE FISR,,,
TEAM,1,HONOR_TEAM,ROSEMEAD_SCHEME,HONOR FISR,HONOR FISR,,,
TEAM,1,CONFERENCE_TEAM,FOREST HOME_SCHEME,CONFERENCE FISR,CONFERENCE FISR,,,
TEAM,1,GLOBE MILLS_TEAM,COLTON_SCHEME,GLOBE MILLS FISR,GLOBE MILLS FISR,,,
TEAM,1,HOSPITAL_TEAM,PIERPONT_SCHEME,HOSPITAL FISR,HOSPITAL FISR,,,
TEAM,1,GABLE_TEAM,MOVIE_SCHEME,GABLE FISR,GABLE FISR,,,
TEAM,1,HILLCREST_TEAM,THOUSAND OAKS_SCHEME,HILLCREST FISR,HILLCREST FISR,,,
TEAM,1,MARK_TEAM,PALMDALE_SCHEME,MARK FISR,MARK FISR,,,
TEAM,1,ELLINGTON_TEAM,DELANO_SCHEME,ELLINGTON FISR,ELLINGTON FISR,,,
TEAM,1,GAUCHO_TEAM,VEGAS_SCHEME,GAUCHO FISR,GAUCHO FISR,,,
TEAM,1,RIVIERA_TEAM,SANTA BARBARA_SCHEME,RIVIERA FISR,RIVIERA FISR,,,
TEAM,1,AIRPORT_TEAM,LANCASTER_SCHEME,AIRPORT FISR,AIRPORT FISR,,,
TEAM,1,VIENTO_TEAM,MONOLITH_SCHEME,VIENTO FISR,VIENTO FISR,,,
TEAM,1,SHORELINE_TEAM,MARYMOUNT_SCHEME,SHORELINE FISR,SHORELINE FISR,,,
TEAM,1,ASHLEY_TEAM,ASHLEY PT_SCHEME,ASHLEY FISR,ASHLEY FISR,,,
TEAM,1,HORIZON_TEAM,VALDEZ_SCHEME,HORIZON FISR,HORIZON FISR,,,
TEAM,1,DIAMOND_TEAM,ARCADIA_SCHEME,DIAMOND FISR,DIAMOND FISR,,,
TEAM,1,MCDONNELL_TEAM,LENNOX_SCHEME,MCDONNELL FISR,MCDONNELL FISR,,,
TEAM,1,KRAFT_TEAM,GLEN AVON_SCHEME,KRAFT FISR,KRAFT FISR,,,
TEAM,1,DUNDAS_TEAM,WABASH_SCHEME,DUNDAS FISR,DUNDAS FISR,,,
TEAM,1,MAPLE_TEAM,BEVERLY_SCHEME,MAPLE FISR,MAPLE FISR,,,
TEAM,1,LOS CARNEROS_TEAM,ISLA VISTA_SCHEME,LOS CARNEROS FISR,LOS CARNEROS FISR,,,
TEAM,1,BEMIS_TEAM,COLTON_SCHEME,BEMIS FISR,BEMIS FISR,,,
TEAM,1,SIENNA_TEAM,VALDEZ_SCHEME,SIENNA FISR,SIENNA FISR,,,
TEAM,1,CLAYTON_TEAM,ROSEMEAD_SCHEME,CLAYTON FISR,CLAYTON FISR,,,
TEAM,1,LOCAL_TEAM,BEVERLY_SCHEME,LOCAL FISR,LOCAL FISR,,,
TEAM,1,ALPINE_TEAM,ALPINE PT_SCHEME,ALPINE FISR,ALPINE FISR,,,
TEAM,1,GLORIA_TEAM,ARCADIA_SCHEME,GLORIA FISR,GLORIA FISR,,,
TEAM,1,SUMMERHILL_TEAM,WINDSOR HILLS_SCHEME,SUMMERHILL FISR,SUMMERHILL FISR,,,
TEAM,1,GRILLEY_TEAM,ARCHLINE_SCHEME,GRILLEY FISR,GRILLEY FISR,,,
TEAM,1,BLOSSOM_TEAM,VICTORIA_SCHEME,BLOSSOM FISR,BLOSSOM FISR,,,
TEAM,1,MAXSON_TEAM,SATICOY_SCHEME,MAXSON FISR,MAXSON FISR,,,
TEAM,1,CADENA_TEAM,POTRERO_SCHEME,CADENA FISR,CADENA FISR,,,
TEAM,1,ENCANTO_TEAM,ISLA VISTA_SCHEME,ENCANTO FISR,ENCANTO FISR,,,
TEAM,1,HAMPSHIRE_TEAM,THOUSAND OAKS_SCHEME,HAMPSHIRE FISR,HAMPSHIRE FISR,,,
TEAM,1,DEETER_TEAM,DOWNS_SCHEME,DEETER FISR,DEETER FISR,,,
TEAM,1,HORNTOAD_TEAM,VALDEZ_SCHEME,HORNTOAD FISR,HORNTOAD FISR,,,
TEAM,1,LISA_TEAM,MOBILOIL_SCHEME,LISA FISR,LISA FISR,,,
TEAM,1,HARTMAN_TEAM,PIERPONT_SCHEME,HARTMAN FISR,HARTMAN FISR,,,
TEAM,1,GLADIOLA_TEAM,ISLA VISTA_SCHEME,GLADIOLA FISR,GLADIOLA FISR,,,
TEAM,1,PONDEROSA_TEAM,COLONIA_SCHEME,PONDEROSA FISR,PONDEROSA FISR,,,
TEAM,1,GRAHAM_TEAM,MAXWELL_SCHEME,GRAHAM FISR,GRAHAM FISR,,,
TEAM,1,HILLGREEN_TEAM,HILLGREEN PT_SCHEME,HILLGREEN FISR,HILLGREEN FISR,,,
TEAM,1,KOALA_TEAM,VICTOR_SCHEME,KOALA FISR,KOALA FISR,,,
TEAM,1,GREEN_TEAM,BLISS_SCHEME,GREEN FISR,GREEN FISR,,,
TEAM,1,PARCO_TEAM,GLEN AVON_SCHEME,PARCO FISR,PARCO FISR,,,
TEAM,1,KIRKPATRICK_TEAM,MOBILOIL_SCHEME,KIRKPATRICK FISR,KIRKPATRICK FISR,,,
TEAM,1,HARMONY_TEAM,BLISS_SCHEME,HARMONY FISR,HARMONY FISR,,,
TEAM,1,VETERANS_TEAM,SAN FERNANDO_SCHEME,VETERANS FISR,VETERANS FISR,,,
TEAM,1,FLAKE_TEAM,MAXWELL_SCHEME,FLAKE FISR,FLAKE FISR,,,
TEAM,1,TILDEN_TEAM,WIMBLEDON_SCHEME,TILDEN FISR,TILDEN FISR,,,
TEAM,1,PEARLAND_TEAM,PALMDALE_SCHEME,PEARLAND FISR,PEARLAND FISR,,,
TEAM,1,HELM_TEAM,NEWMARK_SCHEME,HELM FISR,HELM FISR,,,
TEAM,1,REDICK_TEAM,STODDARD_SCHEME,REDICK FISR,REDICK FISR,,,
TEAM,1,MANOR_TEAM,ANITA_SCHEME,MANOR FISR,MANOR FISR,,,
TEAM,1,WILLOW SPRINGS_TEAM,ROSAMOND_SCHEME,WILLOW SPRINGS FISR,WILLOW SPRINGS FISR,,,
TEAM,1,MERVIN_TEAM,AMADOR_SCHEME,MERVIN FISR,MERVIN FISR,,,
TEAM,1,FEDERAL_TEAM,SAWTELLE_SCHEME,FEDERAL FISR,FEDERAL FISR,,,
TEAM,1,TEMPEST_TEAM,MIDWIND_SCHEME,TEMPEST FISR,TEMPEST FISR,,,
TEAM,1,STUBBY_TEAM,BANNING_SCHEME,STUBBY FISR,STUBBY FISR,,,
TEAM,1,RICKENBACK_TEAM,EDWARDS_SCHEME,RICKENBACK FISR,RICKENBACK FISR,,,
TEAM,1,ELECTRIC_TEAM,CULVER_SCHEME,ELECTRIC FISR,ELECTRIC FISR,,,
TEAM,1,HOOLIGAN_TEAM,NEWBURY_SCHEME,HOOLIGAN FISR,HOOLIGAN FISR,,,
TEAM,1,MOWDER_TEAM,WINDSOR HILLS_SCHEME,MOWDER FISR,MOWDER FISR,,,
TEAM,1,COLLINS_TEAM,MOORPARK_SCHEME,COLLINS FISR,COLLINS FISR,,,
TEAM,1,VARSITY_TEAM,SHANDIN_SCHEME,VARSITY FISR,VARSITY FISR,,,
TEAM,1,PRADO_TEAM,POTRERO_SCHEME,PRADO FISR,PRADO FISR,,,
TEAM,1,INVENTION_TEAM,QUARTZ HILL_SCHEME,INVENTION FISR,INVENTION FISR,,,
TEAM,1,ERRINGER_TEAM,ROYAL_SCHEME,ERRINGER FISR,ERRINGER FISR,,,
TEAM,1,HOOK CREEK_TEAM,HOOK CREEK PT_SCHEME,HOOK CREEK FISR,HOOK CREEK FISR,,,
TEAM,1,ANACAPA_TEAM,SANTA BARBARA_SCHEME,ANACAPA FISR,ANACAPA FISR,,,
TEAM,1,HURON_TEAM,GREAT LAKES_SCHEME,HURON FISR,HURON FISR,,,
TEAM,1,FAIR ACRES_TEAM,SANTA BARBARA_SCHEME,FAIR ACRES FISR,FAIR ACRES FISR,,,
TEAM,1,BALCOM_TEAM,FILLMORE_SCHEME,BALCOM FISR,BALCOM FISR,,,
TEAM,1,CALIMESA_TEAM,YUCAIPA_SCHEME,CALIMESA FISR,CALIMESA FISR,,,
TEAM,1,SWEETWATER_TEAM,SHANDIN_SCHEME,SWEETWATER FISR,SWEETWATER FISR,,,
TEAM,1,C B S_TEAM,DELANO_SCHEME,C B S FISR,C B S FISR,,,
TEAM,1,PLYMOUTH_TEAM,INGLEWOOD_SCHEME,PLYMOUTH FISR,PLYMOUTH FISR,,,
TEAM,1,MCENROE_TEAM,WIMBLEDON_SCHEME,MCENROE FISR,MCENROE FISR,,,
TEAM,1,BAYSE_TEAM,AMADOR_SCHEME,BAYSE FISR,BAYSE FISR,,,
TEAM,1,STING_TEAM,PALMDALE_SCHEME,STING FISR,STING FISR,,,
TEAM,1,MONTGOMERY_TEAM,ROYAL_SCHEME,MONTGOMERY FISR,MONTGOMERY FISR,,,
TEAM,1,VAL VERDE_TEAM,SAUGUS_SCHEME,VAL VERDE FISR,VAL VERDE FISR,,,
TEAM,1,GEM_TEAM,TOPAZ_SCHEME,GEM FISR,GEM FISR,,,
TEAM,1,DEAUVILLE_TEAM,SANTA MONICA_SCHEME,DEAUVILLE FISR,DEAUVILLE FISR,,,
TEAM,1,OLSON_TEAM,LEVY_SCHEME,OLSON FISR,OLSON FISR,,,
TEAM,1,SCHOONER_TEAM,CHANNEL ISLANDS_SCHEME,SCHOONER FISR,SCHOONER FISR,,,
TEAM,1,SITKA_TEAM,YUKON_SCHEME,SITKA FISR,SITKA FISR,,,
TEAM,1,KIOWA_TEAM,APPLE VALLEY_SCHEME,KIOWA FISR,KIOWA FISR,,,
TEAM,1,MANUEL_TEAM,HAVEDA_SCHEME,MANUEL FISR,MANUEL FISR,,,
TEAM,1,KUMQUAT_TEAM,CITRUS_SCHEME,KUMQUAT FISR,KUMQUAT FISR,,,
TEAM,1,CASMALIA_TEAM,ALDER_SCHEME,CASMALIA FISR,CASMALIA FISR,,,
TEAM,1,NISQUALLY_TEAM,VICTORVILLE_SCHEME,NISQUALLY FISR,NISQUALLY FISR,,,
TEAM,1,KANSAS_TEAM,PEARL_SCHEME,KANSAS FISR,KANSAS FISR,,,
TEAM,1,RILEY_TEAM,CARDIFF_SCHEME,RILEY FISR,RILEY FISR,,,
TEAM,1,RATTLER_TEAM,NORTH OAKS_SCHEME,RATTLER FISR,RATTLER FISR,,,
TEAM,1,ALVARADO_TEAM,GONZALES_SCHEME,ALVARADO FISR,ALVARADO FISR,,,
TEAM,1,LEIA_TEAM,SHUTTLE_SCHEME,LEIA FISR,LEIA FISR,,,
TEAM,1,BIO_TEAM,PHARMACY_SCHEME,BIO FISR,BIO FISR,,,
TEAM,1,LADERA_TEAM,WINDSOR HILLS_SCHEME,LADERA FISR,LADERA FISR,,,
TEAM,1,SPANADA_TEAM,CITRUS_SCHEME,SPANADA FISR,SPANADA FISR,,,
TEAM,1,HILL_TEAM,MANHATTAN_SCHEME,HILL FISR,HILL FISR,,,
TEAM,1,MENLO_TEAM,YUKON_SCHEME,MENLO FISR,MENLO FISR,,,
TEAM,1,MOONGLOW_TEAM,QUARTZ HILL_SCHEME,MOONGLOW FISR,MOONGLOW FISR,,,
TEAM,1,HEATHER_TEAM,ALDER_SCHEME,HEATHER FISR,HEATHER FISR,,,
TEAM,1,CAMP ANGELUS_TEAM,CAMP ANGELUS PT_SCHEME,CAMP ANGELUS FISR,CAMP ANGELUS FISR,,,
TEAM,1,VENUS_TEAM,BLUFF COVE_SCHEME,VENUS FISR,VENUS FISR,,,
TEAM,1,RAISIN_TEAM,SIXTEENTH STREET_SCHEME,RAISIN FISR,RAISIN FISR,,,
TEAM,1,LARIAT_TEAM,QUARTZ HILL_SCHEME,LARIAT FISR,LARIAT FISR,,,
TEAM,1,DALESIDE_TEAM,BRIGHTON_SCHEME,DALESIDE FISR,DALESIDE FISR,,,
TEAM,1,PUFF_TEAM,MIDWIND_SCHEME,PUFF FISR,PUFF FISR,,,
TEAM,1,DANIELS_TEAM,BEVERLY_SCHEME,DANIELS FISR,DANIELS FISR,,,
TEAM,1,CONCEPCION_TEAM,GAVIOTA_SCHEME,CONCEPCION FISR,CONCEPCION FISR,,,
TEAM,1,CEDAR GLEN_TEAM,BURNT MILL_SCHEME,CEDAR GLEN FISR,CEDAR GLEN FISR,,,
TEAM,1,BOOTLEGGER_TEAM,ACTON_SCHEME,BOOTLEGGER FISR,BOOTLEGGER FISR,,,
TEAM,1,DEBORAH_TEAM,FELTON_SCHEME,DEBORAH FISR,DEBORAH FISR,,,
TEAM,1,ROBBIE_TEAM,ARCADIA_SCHEME,ROBBIE FISR,ROBBIE FISR,,,
TEAM,1,BADGER_TEAM,SHANDIN_SCHEME,BADGER FISR,BADGER FISR,,,
TEAM,1,ROSEGLEN_TEAM,AMADOR_SCHEME,ROSEGLEN FISR,ROSEGLEN FISR,,,
TEAM,1,SHERMAN_TEAM,FAIRFAX_SCHEME,SHERMAN FISR,SHERMAN FISR,,,
TEAM,1,VENTU_TEAM,PHARMACY_SCHEME,VENTU FISR,VENTU FISR,,,
TEAM,1,MOONBEAM_TEAM,REPETTO_SCHEME,MOONBEAM FISR,MOONBEAM FISR,,,
TEAM,1,TITAN_TEAM,LITTLE ROCK_SCHEME,TITAN FISR,TITAN FISR,,,
TEAM,1,GERTRUDE_TEAM,LARK ELLEN_SCHEME,GERTRUDE FISR,GERTRUDE FISR,,,
TEAM,1,BLINKER_TEAM,PIXLEY_SCHEME,BLINKER FISR,BLINKER FISR,,,
TEAM,1,MINNOW_TEAM,EL NIDO_SCHEME,MINNOW FISR,MINNOW FISR,,,
TEAM,1,GEARLINE_TEAM,FELTON_SCHEME,GEARLINE FISR,GEARLINE FISR,,,
TEAM,1,CASTRO_TEAM,WAKEFIELD_SCHEME,CASTRO FISR,CASTRO FISR,,,
TEAM,1,PEERLESS_TEAM,BEVERLY_SCHEME,PEERLESS FISR,PEERLESS FISR,,,
TEAM,1,GNATCATCHER_TEAM,BANDUCCI_SCHEME,GNATCATCHER FISR,GNATCATCHER FISR,,,
TEAM,1,GREGG_TEAM,ANITA_SCHEME,GREGG FISR,GREGG FISR,,,
TEAM,1,JESS_TEAM,APPLE VALLEY_SCHEME,JESS FISR,JESS FISR,,,
TEAM,1,BLOODSTONE_TEAM,TOPAZ_SCHEME,BLOODSTONE FISR,BLOODSTONE FISR,,,
TEAM,1,WEESHA_TEAM,WEESHA PT_SCHEME,WEESHA FISR,WEESHA FISR,,,
TEAM,1,CASALS_TEAM,WIMBLEDON_SCHEME,CASALS FISR,CASALS FISR,,,
TEAM,1,BIG ROCK_TEAM,CHATSWORTH_SCHEME,BIG ROCK FISR,BIG ROCK FISR,,,
TEAM,1,EXECUTIVE_TEAM,BEVERLY_SCHEME,EXECUTIVE FISR,EXECUTIVE FISR,,,
TEAM,1,PENCIL_TEAM,HIGHLAND_SCHEME,PENCIL FISR,PENCIL FISR,,,
TEAM,1,ARBORVITAE_TEAM,INGLEWOOD_SCHEME,ARBORVITAE FISR,ARBORVITAE FISR,,,
TEAM,1,DON_TEAM,VICTORVILLE_SCHEME,DON FISR,DON FISR,,,
TEAM,1,RIM_TEAM,BURNT MILL_SCHEME,RIM FISR,RIM FISR,,,
TEAM,1,BEARDSLEY_TEAM,COLONIA_SCHEME,BEARDSLEY FISR,BEARDSLEY FISR,,,
TEAM,1,BUTTE_TEAM,ROSAMOND_SCHEME,BUTTE FISR,BUTTE FISR,,,
TEAM,1,ALBACORE_TEAM,EL NIDO_SCHEME,ALBACORE FISR,ALBACORE FISR,,,
TEAM,1,HANES_TEAM,BROWNING_SCHEME,HANES FISR,HANES FISR,,,
TEAM,1,PADDOCK_TEAM,ANITA_SCHEME,PADDOCK FISR,PADDOCK FISR,,,
TEAM,1,DEERFIELD_TEAM,RAVENDALE_SCHEME,DEERFIELD FISR,DEERFIELD FISR,,,
TEAM,1,SKINKLE_TEAM,TERRA BELLA_SCHEME,SKINKLE FISR,SKINKLE FISR,,,
TEAM,1,SAWPIT_TEAM,ARROWHEAD_SCHEME,SAWPIT FISR,SAWPIT FISR,,,
TEAM,1,YUCCA LOMA_TEAM,RANCHO_SCHEME,YUCCA LOMA FISR,YUCCA LOMA FISR,,,
TEAM,1,CONDOR_TEAM,BANDUCCI_SCHEME,CONDOR FISR,CONDOR FISR,,,
TEAM,1,SHOPS_TEAM,CARDIFF_SCHEME,SHOPS FISR,SHOPS FISR,,,
TEAM,1,AMAZON_TEAM,RIO HONDO_SCHEME,AMAZON FISR,AMAZON FISR,,,
TEAM,1,FAIRMONT_TEAM,DEL SUR_SCHEME,FAIRMONT FISR,FAIRMONT FISR,,,
TEAM,1,MERIDIAN_TEAM,ANITA_SCHEME,MERIDIAN FISR,MERIDIAN FISR,,,
TEAM,1,WAUKENA_TEAM,OCTOL_SCHEME,WAUKENA FISR,WAUKENA FISR,,,
TEAM,1,BARRATT_TEAM,MAXWELL_SCHEME,BARRATT FISR,BARRATT FISR,,,
TEAM,1,OCCIDENTAL_TEAM,LA FRESA_SCHEME,OCCIDENTAL FISR,OCCIDENTAL FISR,,,
TEAM,1,PICK_TEAM,ACTON_SCHEME,PICK FISR,PICK FISR,,,
TEAM,1,CHEMICAL_TEAM,SEPULVEDA_SCHEME,CHEMICAL FISR,CHEMICAL FISR,,,
TEAM,1,SILO_TEAM,GENAMIC_SCHEME,SILO FISR,SILO FISR,,,
TEAM,1,CALIENTE_TEAM,CUMMINGS_SCHEME,CALIENTE FISR,CALIENTE FISR,,,
TEAM,1,CALGROVE_TEAM,NEWHALL_SCHEME,CALGROVE FISR,CALGROVE FISR,,,
TEAM,1,CHEVELLE_TEAM,FALCON RIDGE_SCHEME,CHEVELLE FISR,CHEVELLE FISR,,,
TEAM,1,CLUB OAKS_TEAM,CARDIFF_SCHEME,CLUB OAKS FISR,CLUB OAKS FISR,,,
TEAM,1,DAROCA_TEAM,AMADOR_SCHEME,DAROCA FISR,DAROCA FISR,,,
TEAM,1,JOT_TEAM,DELANO_SCHEME,JOT FISR,JOT FISR,,,
TEAM,1,ANGELES_TEAM,GOULD_SCHEME,ANGELES FISR,ANGELES FISR,,,
TEAM,1,BENEDICT_TEAM,BEVERLY_SCHEME,BENEDICT FISR,BENEDICT FISR,,,
TEAM,1,COURTLAND_TEAM,MARINE_SCHEME,COURTLAND FISR,COURTLAND FISR,,,
TEAM,1,SANDRA_TEAM,FELTON_SCHEME,SANDRA FISR,SANDRA FISR,,,
TEAM,1,WAHLSTROM_TEAM,RANDALL_SCHEME,WAHLSTROM FISR,WAHLSTROM FISR,,,
TEAM,1,MONTREAL_TEAM,CANADIAN_SCHEME,MONTREAL FISR,MONTREAL FISR,,,
TEAM,1,NELSON_TEAM,VICTORIA_SCHEME,NELSON FISR,NELSON FISR,,,
TEAM,1,NORTHSIDE_TEAM,OCEAN PARK_SCHEME,NORTHSIDE FISR,NORTHSIDE FISR,,,
TEAM,1,ACALA_TEAM,PIXLEY_SCHEME,ACALA FISR,ACALA FISR,,,
TEAM,1,HIGHWAY_TEAM,SATICOY_SCHEME,HIGHWAY FISR,HIGHWAY FISR,,,
TEAM,1,BARWICK_TEAM,BARWICK PT_SCHEME,BARWICK FISR,BARWICK FISR,,,
TEAM,1,WISTARIA_TEAM,ANITA_SCHEME,WISTARIA FISR,WISTARIA FISR,,,
TEAM,1,JEEP_TEAM,ARROWHEAD_SCHEME,JEEP FISR,JEEP FISR,,,
TEAM,1,WINARK_TEAM,DALTON_SCHEME,WINARK FISR,WINARK FISR,,,
TEAM,1,LUGONIA_TEAM,REDLANDS_SCHEME,LUGONIA FISR,LUGONIA FISR,,,
TEAM,1,FARGO_TEAM,HESPERIA_SCHEME,FARGO FISR,FARGO FISR,,,
TEAM,1,VACUUM_TEAM,MOBILOIL_SCHEME,VACUUM FISR,VACUUM FISR,,,
TEAM,1,PENGUIN_TEAM,EL NIDO_SCHEME,PENGUIN FISR,PENGUIN FISR,,,
TEAM,1,CATALINA_TEAM,REDONDO_SCHEME,CATALINA FISR,CATALINA FISR,,,
TEAM,1,COLLEEN_TEAM,RANDALL_SCHEME,COLLEEN FISR,COLLEEN FISR,,,
TEAM,1,ROSEWOOD_TEAM,RIALTO_SCHEME,ROSEWOOD FISR,ROSEWOOD FISR,,,
TEAM,1,JANSS_TEAM,MOORPARK_SCHEME,JANSS FISR,JANSS FISR,,,
TEAM,1,GREENHOUSE_TEAM,ESTERO_SCHEME,GREENHOUSE FISR,GREENHOUSE FISR,,,
TEAM,1,WHITECLIFF_TEAM,THOUSAND OAKS_SCHEME,WHITECLIFF FISR,WHITECLIFF FISR,,,
TEAM,1,CLEMSON_TEAM,SOMIS_SCHEME,CLEMSON FISR,CLEMSON FISR,,,
TEAM,1,PENTHOUSE_TEAM,BRIGHTON_SCHEME,PENTHOUSE FISR,PENTHOUSE FISR,,,
TEAM,1,FAIRHAVEN_TEAM,INGLEWOOD_SCHEME,FAIRHAVEN FISR,FAIRHAVEN FISR,,,
TEAM,1,CANALINO_TEAM,CANALINO PT_SCHEME,CANALINO FISR,CANALINO FISR,,,
TEAM,1,RUGGLES_TEAM,SMILEY_SCHEME,RUGGLES FISR,RUGGLES FISR,,,
TEAM,1,SOLEDAD_TEAM,REPETTO_SCHEME,SOLEDAD FISR,SOLEDAD FISR,,,
TEAM,1,RYE_TEAM,SIXTEENTH STREET_SCHEME,RYE FISR,RYE FISR,,,
TEAM,1,GUIDANCE_TEAM,GENAMIC_SCHEME,GUIDANCE FISR,GUIDANCE FISR,,,
TEAM,1,ROSEMARY_TEAM,PERRY_SCHEME,ROSEMARY FISR,ROSEMARY FISR,,,
TEAM,1,HATFIELD_TEAM,PORTERVILLE_SCHEME,HATFIELD FISR,HATFIELD FISR,,,
TEAM,1,SHOUP_TEAM,LAWNDALE_SCHEME,SHOUP FISR,SHOUP FISR,,,
TEAM,1,SUNNY VISTA_TEAM,VICTOR_SCHEME,SUNNY VISTA FISR,SUNNY VISTA FISR,,,
TEAM,1,SPINNING_TEAM,LENNOX_SCHEME,SPINNING FISR,SPINNING FISR,,,
TEAM,1,TAWNA_TEAM,HELIJET_SCHEME,TAWNA FISR,TAWNA FISR,,,
TEAM,1,EXLINE_TEAM,AMADOR_SCHEME,EXLINE FISR,EXLINE FISR,,,
TEAM,1,HASTINGS_TEAM,REDLANDS_SCHEME,HASTINGS FISR,HASTINGS FISR,,,
TEAM,1,PAMPAS_TEAM,POTRERO_SCHEME,PAMPAS FISR,PAMPAS FISR,,,
TEAM,1,DEARBORN_TEAM,REDLANDS_SCHEME,DEARBORN FISR,DEARBORN FISR,,,
TEAM,1,OSNER_TEAM,DELANO_SCHEME,OSNER FISR,OSNER FISR,,,
TEAM,1,LA PAZ_TEAM,VICTORVILLE_SCHEME,LA PAZ FISR,LA PAZ FISR,,,
TEAM,1,FRISBIE_TEAM,ALDER_SCHEME,FRISBIE FISR,FRISBIE FISR,,,
TEAM,1,MAGUA_TEAM,VICTOR_SCHEME,MAGUA FISR,MAGUA FISR,,,
TEAM,1,ASTOR_TEAM,VICTOR_SCHEME,ASTOR FISR,ASTOR FISR,,,
TEAM,1,RECHE_TEAM,MAXWELL_SCHEME,RECHE FISR,RECHE FISR,,,
TEAM,1,DEBUG_TEAM,SANTA MONICA_SCHEME,DEBUG FISR,DEBUG FISR,,,
TEAM,1,PRATT_TEAM,WOODVILLE_SCHEME,PRATT FISR,PRATT FISR,,,
TEAM,1,BARNES_TEAM,DEL SUR_SCHEME,BARNES FISR,BARNES FISR,,,
TEAM,1,MACK_TEAM,ROADWAY_SCHEME,MACK FISR,MACK FISR,,,
TEAM,1,LOMBARD_TEAM,MOVIE_SCHEME,LOMBARD FISR,LOMBARD FISR,,,
TEAM,1,TOWNSGATE_TEAM,POTRERO_SCHEME,TOWNSGATE FISR,TOWNSGATE FISR,,,
TEAM,1,MCFARLAND_TEAM,BROWNING_SCHEME,MCFARLAND FISR,MCFARLAND FISR,,,
TEAM,1,TIPS_TEAM,SAUGUS_SCHEME,TIPS FISR,TIPS FISR,,,
TEAM,1,PRESTON_TEAM,COLTON_SCHEME,PRESTON FISR,PRESTON FISR,,,
TEAM,1,MESA GRANDE_TEAM,YUCAIPA_SCHEME,MESA GRANDE FISR,MESA GRANDE FISR,,,
TEAM,1,TWENTY TWO ST_TEAM,TWENTY TWO ST PT_SCHEME,TWENTY TWO ST FISR,TWENTY TWO ST FISR,,,
TEAM,1,ELEANOR_TEAM,LARK ELLEN_SCHEME,ELEANOR FISR,ELEANOR FISR,,,
TEAM,1,COLUMBIA_TEAM,AMADOR_SCHEME,COLUMBIA FISR,COLUMBIA FISR,,,
TEAM,1,EAGLE RANCH_TEAM,VICTOR_SCHEME,EAGLE RANCH FISR,EAGLE RANCH FISR,,,
TEAM,1,RAINBOW_TEAM,SOMIS_SCHEME,RAINBOW FISR,RAINBOW FISR,,,
TEAM,1,BERKSHIRE_TEAM,ARROYO_SCHEME,BERKSHIRE FISR,BERKSHIRE FISR,,,
TEAM,1,BEAVER_TEAM,WHEATLAND_SCHEME,BEAVER FISR,BEAVER FISR,,,
TEAM,1,FANTAIL_TEAM,TAHITI_SCHEME,FANTAIL FISR,FANTAIL FISR,,,
TEAM,1,AMBERSKY_TEAM,MARYMOUNT_SCHEME,AMBERSKY FISR,AMBERSKY FISR,,,
TEAM,1,COPPERHEAD_TEAM,NORTH OAKS_SCHEME,COPPERHEAD FISR,COPPERHEAD FISR,,,
TEAM,1,REDGUM_TEAM,TORRANCE_SCHEME,REDGUM FISR,REDGUM FISR,,,
TEAM,1,FARMS_TEAM,OASIS_SCHEME,FARMS FISR,FARMS FISR,,,
TEAM,1,ASTON_TEAM,NARROWS_SCHEME,ASTON FISR,ASTON FISR,,,
TEAM,1,ROITAN_TEAM,SHANDIN_SCHEME,ROITAN FISR,ROITAN FISR,,,
TEAM,1,BLOCKER_TEAM,WALTERIA_SCHEME,BLOCKER FISR,BLOCKER FISR,,,
TEAM,1,VALVE_TEAM,DITMAR_SCHEME,VALVE FISR,VALVE FISR,,,
TEAM,1,PRIMROSE_TEAM,BRADBURY_SCHEME,PRIMROSE FISR,PRIMROSE FISR,,,
TEAM,1,RIVET_TEAM,BRIDGE_SCHEME,RIVET FISR,RIVET FISR,,,
TEAM,1,MAMBA_TEAM,NORTH OAKS_SCHEME,MAMBA FISR,MAMBA FISR,,,
TEAM,1,BARBEE_TEAM,MAXWELL_SCHEME,BARBEE FISR,BARBEE FISR,,,
TEAM,1,TANGERINE_TEAM,CITRUS_SCHEME,TANGERINE FISR,TANGERINE FISR,,,
TEAM,1,CRESTLINE_TEAM,HUSTON_SCHEME,CRESTLINE FISR,CRESTLINE FISR,,,
TEAM,1,AGASSI_TEAM,WIMBLEDON_SCHEME,AGASSI FISR,AGASSI FISR,,,
TEAM,1,NORTHPARK_TEAM,SHANDIN_SCHEME,NORTHPARK FISR,NORTHPARK FISR,,,
TEAM,1,PEACOCK_TEAM,PEACOCK UGS_SCHEME,PEACOCK FISR,PEACOCK FISR,,,
TEAM,1,SERENITY_TEAM,BLISS_SCHEME,SERENITY FISR,SERENITY FISR,,,
TEAM,1,AIR_TEAM,MOBILOIL_SCHEME,AIR FISR,AIR FISR,,,
TEAM,1,ROWLAND_TEAM,ANITA_SCHEME,ROWLAND FISR,ROWLAND FISR,,,
TEAM,1,SARGENT_TEAM,OCTOL_SCHEME,SARGENT FISR,SARGENT FISR,,,
TEAM,1,VALNETT_TEAM,ANITA_SCHEME,VALNETT FISR,VALNETT FISR,,,
TEAM,1,MARAUDER_TEAM,MASCOT_SCHEME,MARAUDER FISR,MARAUDER FISR,,,
TEAM,1,NICKLIN_TEAM,RANDALL_SCHEME,NICKLIN FISR,NICKLIN FISR,,,
TEAM,1,GRAYSON_TEAM,MORNINGSIDE_SCHEME,GRAYSON FISR,GRAYSON FISR,,,
TEAM,1,CALLI VALLI_TEAM,LITTLE ROCK_SCHEME,CALLI VALLI FISR,CALLI VALLI FISR,,,
TEAM,1,TURNTABLE_TEAM,BLOOMINGTON_SCHEME,TURNTABLE FISR,TURNTABLE FISR,,,
TEAM,1,TOURMALINE_TEAM,TOPAZ_SCHEME,TOURMALINE FISR,TOURMALINE FISR,,,
TEAM,1,NAVY_TEAM,MARINE_SCHEME,NAVY FISR,NAVY FISR,,,
TEAM,1,CEDAR PINES_TEAM,CEDAR PINES PT_SCHEME,CEDAR PINES FISR,CEDAR PINES FISR,,,
TEAM,1,FIESTA_TEAM,ANITA_SCHEME,FIESTA FISR,FIESTA FISR,,,
TEAM,1,LITTLE MOUNTAIN_TEAM,CALECTRIC_SCHEME,LITTLE MOUNTAIN FISR,LITTLE MOUNTAIN FISR,,,
TEAM,1,TOKAY_TEAM,DECLEZ_SCHEME,TOKAY FISR,TOKAY FISR,,,
TEAM,1,TRAILBLAZER_TEAM,MASCOT_SCHEME,TRAILBLAZER FISR,TRAILBLAZER FISR,,,
TEAM,1,BURTON_TEAM,PORTERVILLE_SCHEME,BURTON FISR,BURTON FISR,,,
TEAM,1,VIOLET_TEAM,ROLLING HILLS_SCHEME,VIOLET FISR,VIOLET FISR,,,
TEAM,1,SURPRISE_TEAM,TIPTON_SCHEME,SURPRISE FISR,SURPRISE FISR,,,
TEAM,1,JACKSON_TEAM,CULVER_SCHEME,JACKSON FISR,JACKSON FISR,,,
TEAM,1,DURANGO_TEAM,CULVER_SCHEME,DURANGO FISR,DURANGO FISR,,,
TEAM,1,GORGE_TEAM,ARROYO_SCHEME,GORGE FISR,GORGE FISR,,,
TEAM,1,DUCOR_TEAM,TERRA BELLA_SCHEME,DUCOR FISR,DUCOR FISR,,,
TEAM,1,TERRAZZO_TEAM,PALOS VERDES_SCHEME,TERRAZZO FISR,TERRAZZO FISR,,,
TEAM,1,THAMES_TEAM,RIO HONDO_SCHEME,THAMES FISR,THAMES FISR,,,
TEAM,1,NOGAL_TEAM,NOGAL PT_SCHEME,NOGAL FISR,NOGAL FISR,,,
TEAM,1,DENISE_TEAM,LARK ELLEN_SCHEME,DENISE FISR,DENISE FISR,,,
TEAM,1,LOCK_TEAM,LENNOX_SCHEME,LOCK FISR,LOCK FISR,,,
TEAM,1,BURR_TEAM,LINDSAY_SCHEME,BURR FISR,BURR FISR,,,
TEAM,1,DUROX_TEAM,TIMOTEO_SCHEME,DUROX FISR,DUROX FISR,,,
TEAM,1,NEARGATE_TEAM,NEWHALL_SCHEME,NEARGATE FISR,NEARGATE FISR,,,
TEAM,1,KAUFFMAN_TEAM,ANITA_SCHEME,KAUFFMAN FISR,KAUFFMAN FISR,,,
TEAM,1,CALABASAS_TEAM,VALDEZ_SCHEME,CALABASAS FISR,CALABASAS FISR,,,
TEAM,1,NINTH ST_TEAM,SANTA MONICA_SCHEME,NINTH ST FISR,NINTH ST FISR,,,
TEAM,1,RIGGS_TEAM,WIMBLEDON_SCHEME,RIGGS FISR,RIGGS FISR,,,
TEAM,1,LASKY_TEAM,OLYMPIC_SCHEME,LASKY FISR,LASKY FISR,,,
TEAM,1,BEAR VALLEY_TEAM,ZANJA_SCHEME,BEAR VALLEY FISR,BEAR VALLEY FISR,,,
TEAM,1,MINT CANYON_TEAM,SAUGUS_SCHEME,MINT CANYON FISR,MINT CANYON FISR,,,
TEAM,1,NASTASE_TEAM,WIMBLEDON_SCHEME,NASTASE FISR,NASTASE FISR,,,
TEAM,1,BATEMAN_TEAM,BRADBURY_SCHEME,BATEMAN FISR,BATEMAN FISR,,,
TEAM,1,SANBER_TEAM,DECLEZ_SCHEME,SANBER FISR,SANBER FISR,,,
TEAM,1,MIRROR_TEAM,SAVAGE_SCHEME,MIRROR FISR,MIRROR FISR,,,
TEAM,1,SIROCCO_TEAM,BREEZE_SCHEME,SIROCCO FISR,SIROCCO FISR,,,
TEAM,1,COTTON_TEAM,POPLAR_SCHEME,COTTON FISR,COTTON FISR,,,
TEAM,1,RABBIT_TEAM,LUCERNE_SCHEME,RABBIT FISR,RABBIT FISR,,,
TEAM,1,GUTIERREZ_TEAM,SANTA BARBARA_SCHEME,GUTIERREZ FISR,GUTIERREZ FISR,,,
TEAM,1,PHEASANT_TEAM,PHEASANT PT_SCHEME,PHEASANT FISR,PHEASANT FISR,,,
TEAM,1,PEAR_TEAM,CITRUS_SCHEME,PEAR FISR,PEAR FISR,,,
TEAM,1,TENOR_TEAM,PERRY_SCHEME,TENOR FISR,TENOR FISR,,,
TEAM,1,COMPUTER_TEAM,SEPULVEDA_SCHEME,COMPUTER FISR,COMPUTER FISR,,,
TEAM,1,ARVANA_TEAM,VICTORIA_SCHEME,ARVANA FISR,ARVANA FISR,,,
TEAM,1,ANTIQUE_TEAM,TIMOTEO_SCHEME,ANTIQUE FISR,ANTIQUE FISR,,,
TEAM,1,MUROC_TEAM,REDMAN_SCHEME,MUROC FISR,MUROC FISR,,,
TEAM,1,MEBANE_TEAM,MEBANE PT_SCHEME,MEBANE FISR,MEBANE FISR,,,
TEAM,1,DEANNA_TEAM,LARK ELLEN_SCHEME,DEANNA FISR,DEANNA FISR,,,
TEAM,1,ELLIOT_TEAM,ARRO_SCHEME,ELLIOT FISR,ELLIOT FISR,,,
TEAM,1,EUPHRATES_TEAM,RIO HONDO_SCHEME,EUPHRATES FISR,EUPHRATES FISR,,,
TEAM,1,HATCHERY_TEAM,SAVAGE_SCHEME,HATCHERY FISR,HATCHERY FISR,,,
TEAM,1,HACKLER_TEAM,MAXWELL_SCHEME,HACKLER FISR,HACKLER FISR,,,
TEAM,1,TARGET_TEAM,LANCASTER_SCHEME,TARGET FISR,TARGET FISR,,,
TEAM,1,SKIP_TEAM,ROSAMOND_SCHEME,SKIP FISR,SKIP FISR,,,
TEAM,1,SUNDOWN_TEAM,HELENDALE_SCHEME,SUNDOWN FISR,SUNDOWN FISR,,,
TEAM,1,BOX SPRING_TEAM,CALECTRIC_SCHEME,BOX SPRING FISR,BOX SPRING FISR,,,
TEAM,1,VALMONTE_TEAM,PALOS VERDES_SCHEME,VALMONTE FISR,VALMONTE FISR,,,
TEAM,1,DRIVER_TEAM,DELANO_SCHEME,DRIVER FISR,DRIVER FISR,,,
TEAM,1,EDINBURG_TEAM,FAIRFAX_SCHEME,EDINBURG FISR,EDINBURG FISR,,,
TEAM,1,BLUEBELL_TEAM,DEL SUR_SCHEME,BLUEBELL FISR,BLUEBELL FISR,,,
TEAM,1,MAGOO_TEAM,ETIWANDA_SCHEME,MAGOO FISR,MAGOO FISR,,,
TEAM,1,FLANDERS_TEAM,LA CANADA_SCHEME,FLANDERS FISR,FLANDERS FISR,,,
TEAM,1,SAD_TEAM,CALECTRIC_SCHEME,SAD FISR,SAD FISR,,,
TEAM,1,FLORAL_TEAM,REPETTO_SCHEME,FLORAL FISR,FLORAL FISR,,,
TEAM,1,WHITWORTH_TEAM,BEVERLY_SCHEME,WHITWORTH FISR,WHITWORTH FISR,,,
TEAM,1,LOMITA_TEAM,ROLLING HILLS_SCHEME,LOMITA FISR,LOMITA FISR,,,
TEAM,1,DELORO_TEAM,APPLE VALLEY_SCHEME,DELORO FISR,DELORO FISR,,,
TEAM,1,SEABOARD_TEAM,TAPIA_SCHEME,SEABOARD FISR,SEABOARD FISR,,,
TEAM,1,FLYING D_TEAM,HAVILAH_SCHEME,FLYING D FISR,FLYING D FISR,,,
TEAM,1,OCTANE_TEAM,YUKON_SCHEME,OCTANE FISR,OCTANE FISR,,,
,,,,,,,,
TEAMSWITCH,0,ID_TEAMSW,TEAM_TEAMSW,NAME_TEAMSW,SECONDID_TEAMSW,STATION1_TEAMSW,STATION2_TEAMSW,ROLE_TEAMSW
TEAMSWITCH,1,4876348E:RAR4726,PLAYBOY_TEAM,na,na,BEVERLY,,PRIMARY
TEAMSWITCH,1,5038922:RCS0443-3,PLAYBOY_TEAM,na,na,BEVERLY,,PRIMARY
TEAMSWITCH,1,5039801:RCS0594-1,PLAYBOY_TEAM,na,na,BEVERLY,,PRIMARY
TEAMSWITCH,1,5038610:RCS0262-4,PLAYBOY_TEAM,na,na,BEVERLY,,PRIMARY
TEAMSWITCH,1,5304088:RCS4500-1,PLAYBOY_TEAM,na,na,BEVERLY,,PRIMARY
TEAMSWITCH,1,5304463:RCS1111-4_CS,PLAYBOY_TEAM,na,na,BEVERLY,,PRIMARY
TEAMSWITCH,1,5019028E:RCS0145,PLAYBOY_TEAM,na,na,BEVERLY,,PRIMARY
TEAMSWITCH,1,5038921:RCS0310-2_CS,PLAYBOY_TEAM,na,na,BEVERLY,,PRIMARY
TEAMSWITCH,1,5304070:RCS4997-4_CS,PLAYBOY_TEAM,na,na,BEVERLY,,PRIMARY
TEAMSWITCH,1,_C6D4DD70-D5F3-4E8C-818D-3779016494D9,PLAYBOY_TEAM,na,na,BEVERLY,,PRIMARY
TEAMSWITCH,1,_6FA50979-F47A-47EC-9021-D59F22F2E10B,PLAYBOY_TEAM,na,na,BEVERLY,,PRIMARY
TEAMSWITCH,1,_9495D012-83A2-4039-A118-9CAF97CFCD94,DOLGEVILLE_TEAM,na,na,ALHAMBRA,,PRIMARY
TEAMSWITCH,1,_0647EB53-9252-4ED6-B6C2-BE4E8C9A6F61,HERBERT_TEAM,na,na,BELVEDERE,,PRIMARY
TEAMSWITCH,1,1591382E:RCS0470,HAMMELL_TEAM,na,na,REPETTO,,PRIMARY
TEAMSWITCH,1,1949913E:RSR0093,HAMMELL_TEAM,na,na,REPETTO,,PRIMARY
TEAMSWITCH,1,4901204E:RAR6466,LEVECHE_TEAM,na,na,MONOLITH,,PRIMARY
TEAMSWITCH,1,1201852E:RCS0637,LEVECHE_TEAM,na,na,MONOLITH,,PRIMARY
TEAMSWITCH,1,4569879E:RCS0876,LEVECHE_TEAM,na,na,MONOLITH,,PRIMARY
TEAMSWITCH,1,373414E:RCS0924,LEVECHE_TEAM,na,na,MONOLITH,,PRIMARY
TEAMSWITCH,1,2174637E:RCS0840,LEVECHE_TEAM,na,na,MONOLITH,,PRIMARY
TEAMSWITCH,1,5367251:RCS9606-2,LEVECHE_TEAM,na,na,MONOLITH,,PRIMARY
TEAMSWITCH,1,5567576:RCS7576-4,LEVECHE_TEAM,na,na,MONOLITH,,PRIMARY
TEAMSWITCH,1,5567576:RCS7576-3,LEVECHE_TEAM,na,na,MONOLITH,,PRIMARY
TEAMSWITCH,1,938271E:RCS7583,LEVECHE_TEAM,na,na,MONOLITH,,PRIMARY
TEAMSWITCH,1,825762E:RSR0204,LEVECHE_TEAM,na,na,MONOLITH,,PRIMARY
TEAMSWITCH,1,_0C2CF961-5BCC-4095-92CD-CA92BAF86EA1,LEVECHE_TEAM,na,na,MONOLITH,,PRIMARY
TEAMSWITCH,1,4412831E:RAR0618,STORKE_TEAM,na,na,VEGAS,,PRIMARY
TEAMSWITCH,1,4495632E:RCS5190,STORKE_TEAM,na,na,VEGAS,,PRIMARY
TEAMSWITCH,1,1675672E:RCS1904,STORKE_TEAM,na,na,VEGAS,,PRIMARY
TEAMSWITCH,1,1372035E:RCS0010,STORKE_TEAM,na,na,VEGAS,,PRIMARY
TEAMSWITCH,1,108109E:RCS0143,STORKE_TEAM,na,na,VEGAS,,PRIMARY
TEAMSWITCH,1,4855209E:RSR4236,STORKE_TEAM,na,na,VEGAS,,PRIMARY
TEAMSWITCH,1,_C43E2663-C5C3-4EE0-B4A1-01DA96122138,STORKE_TEAM,na,na,VEGAS,,PRIMARY
TEAMSWITCH,1,_7AA15B82-640E-4687-84A1-EC2812625F08,KENDELL_TEAM,na,na,STODDARD,,PRIMARY
TEAMSWITCH,1,5349970:RCS1325-1,LUNA_TEAM,na,na,POTRERO,,PRIMARY
TEAMSWITCH,1,5024255:RCS0141-1_CS,LUNA_TEAM,na,na,POTRERO,,PRIMARY
TEAMSWITCH,1,_5504B335-A540-46ED-9657-C1D830785757,LUNA_TEAM,na,na,POTRERO,,PRIMARY
TEAMSWITCH,1,_AFCF187F-F597-407D-A432-032E428396F0,PIT_TEAM,na,na,RIO HONDO,,PRIMARY
TEAMSWITCH,1,_0C7FEC67-9A5C-4817-BC7C-4599EA0C7D81,CORAL_TEAM,na,na,TOPAZ,,PRIMARY
TEAMSWITCH,1,_F4FD1517-EC79-492A-B9EF-80FA6F25DF74,FUEL GAS 4_TEAM,na,na,COMPRESS,,PRIMARY
TEAMSWITCH,1,4872388E:RAR0246,SNOWDEN_TEAM,na,na,DEL SUR,,PRIMARY
TEAMSWITCH,1,1421447E:RCS0930,SNOWDEN_TEAM,na,na,DEL SUR,,PRIMARY
TEAMSWITCH,1,5618083:RCSG886-3,SNOWDEN_TEAM,na,na,DEL SUR,,PRIMARY
TEAMSWITCH,1,5618083:RCSG886-4,SNOWDEN_TEAM,na,na,DEL SUR,,PRIMARY
TEAMSWITCH,1,5577677:RCSG884-3,SNOWDEN_TEAM,na,na,DEL SUR,,PRIMARY
TEAMSWITCH,1,_6BBB97EE-955C-4CF8-B488-587FF7FBD3C5,SNOWDEN_TEAM,na,na,DEL SUR,,PRIMARY
TEAMSWITCH,1,2310085E:RAR0816,BLUE CUT_TEAM,na,na,BLUE CUT PT,,PRIMARY
TEAMSWITCH,1,2310082E:RAR0817,BLUE CUT_TEAM,na,na,BLUE CUT PT,,PRIMARY
TEAMSWITCH,1,1629652E:RCS0385,BLUE CUT_TEAM,na,na,BLUE CUT PT,,PRIMARY
TEAMSWITCH,1,4858168E:RCS2523,BLUE CUT_TEAM,na,na,BLUE CUT PT,,PRIMARY
TEAMSWITCH,1,4858169E:RCS2524,BLUE CUT_TEAM,na,na,BLUE CUT PT,,PRIMARY
TEAMSWITCH,1,4329723E:RSR0669,BLUE CUT_TEAM,na,na,BLUE CUT PT,,PRIMARY
TEAMSWITCH,1,4858167E:RSR2535,BLUE CUT_TEAM,na,na,BLUE CUT PT,,PRIMARY
TEAMSWITCH,1,4787765E:RSR0679,BLUE CUT_TEAM,na,na,BLUE CUT PT,,PRIMARY
TEAMSWITCH,1,7068:BLUE CUT P.T.-L1,BLUE CUT_TEAM,na,na,BLUE CUT PT,,PRIMARY
TEAMSWITCH,1,7068:BLUE CUT P.T.-H1,BLUE CUT_TEAM,na,na,BLUE CUT PT,,PRIMARY
TEAMSWITCH,1,4727395E:RCS0463,NIGHTHAWK_TEAM,na,na,LOCKHEED,,PRIMARY
TEAMSWITCH,1,_4D68AC52-180F-4244-A9CB-B027EFC36080,NIGHTHAWK_TEAM,na,na,LOCKHEED,,PRIMARY
TEAMSWITCH,1,4538496E:RAR3897,ROMANUS_TEAM,na,na,HASKELL,,PRIMARY
TEAMSWITCH,1,4257205E:RCS1585,ROMANUS_TEAM,na,na,HASKELL,,PRIMARY
TEAMSWITCH,1,5481692:RCS5294-2,ROMANUS_TEAM,na,na,HASKELL,,PRIMARY
TEAMSWITCH,1,5310463:RCS4261-1,ROMANUS_TEAM,na,na,HASKELL,,PRIMARY
TEAMSWITCH,1,5349134:RCS9134-3,ROMANUS_TEAM,na,na,HASKELL,,PRIMARY
TEAMSWITCH,1,5326029:RCS6029-1,ROMANUS_TEAM,na,na,HASKELL,,PRIMARY
TEAMSWITCH,1,5349134:RCS9134-1,ROMANUS_TEAM,na,na,HASKELL,,PRIMARY
TEAMSWITCH,1,5500044:RCS0044-1_CS,ROMANUS_TEAM,na,na,HASKELL,,PRIMARY
TEAMSWITCH,1,5500044:RCS0044-4_CS,ROMANUS_TEAM,na,na,HASKELL,,PRIMARY
TEAMSWITCH,1,_EC5051E0-A9DF-435F-805E-DD87EE809EA9,ROMANUS_TEAM,na,na,HASKELL,,PRIMARY
TEAMSWITCH,1,4520278E:RAR1056,DOGWOOD_TEAM,na,na,TORRANCE,,PRIMARY
TEAMSWITCH,1,4432483E:RCS1052,DOGWOOD_TEAM,na,na,TORRANCE,,PRIMARY
TEAMSWITCH,1,1803569E:RCS0655,DOGWOOD_TEAM,na,na,TORRANCE,,PRIMARY
TEAMSWITCH,1,5150693:RCS5132-4_CS,DOGWOOD_TEAM,na,na,TORRANCE,,PRIMARY
TEAMSWITCH,1,5150697:RCS5134-4_CS,DOGWOOD_TEAM,na,na,TORRANCE,,PRIMARY
TEAMSWITCH,1,5465310:RCS5953-2_CS,DOGWOOD_TEAM,na,na,TORRANCE,,PRIMARY
TEAMSWITCH,1,4462408E:RSR0341,DOGWOOD_TEAM,na,na,TORRANCE,,PRIMARY
TEAMSWITCH,1,_80393198-5C07-411D-AEBE-902B4DD41D08,DOGWOOD_TEAM,na,na,TORRANCE,,PRIMARY
TEAMSWITCH,1,4871511E:RAR6979,BOONE_TEAM,na,na,COLUMBINE,,PRIMARY
TEAMSWITCH,1,1019240E:RCS1210,BOONE_TEAM,na,na,COLUMBINE,,PRIMARY
TEAMSWITCH,1,652503E:RSR0482,BOONE_TEAM,na,na,COLUMBINE,,PRIMARY
TEAMSWITCH,1,_543AFAF7-C023-404F-92C2-A1A3079F006B,BOONE_TEAM,na,na,COLUMBINE,,PRIMARY
TEAMSWITCH,1,5038367:RCS0880-5,CAGNEY_TEAM,na,na,MOVIE,,PRIMARY
TEAMSWITCH,1,5041084:RCS1199-2_CS,CAGNEY_TEAM,na,na,MOVIE,,PRIMARY
TEAMSWITCH,1,1435924E:RSR0461,CAGNEY_TEAM,na,na,MOVIE,,PRIMARY
TEAMSWITCH,1,_89D42B16-33B7-42D6-83F8-42D1023AFE99,CAGNEY_TEAM,na,na,MOVIE,,PRIMARY
TEAMSWITCH,1,122071S:RCS0277,HIGHBALL_TEAM,na,na,BLOOMINGTON,,PRIMARY
TEAMSWITCH,1,4308475E:RCS0361,HIGHBALL_TEAM,na,na,BLOOMINGTON,,PRIMARY
TEAMSWITCH,1,5704046:RCSG186-3,HIGHBALL_TEAM,na,na,BLOOMINGTON,,PRIMARY
TEAMSWITCH,1,5756858:RCS0142-4,HIGHBALL_TEAM,na,na,BLOOMINGTON,,PRIMARY
TEAMSWITCH,1,5756858:RCS0142-1,HIGHBALL_TEAM,na,na,BLOOMINGTON,,PRIMARY
TEAMSWITCH,1,4464049E:RCS0473,HIGHBALL_TEAM,na,na,BLOOMINGTON,,PRIMARY
TEAMSWITCH,1,1532142E:RCS0289,HIGHBALL_TEAM,na,na,BLOOMINGTON,,PRIMARY
TEAMSWITCH,1,827442E:RCS0060,HIGHBALL_TEAM,na,na,BLOOMINGTON,,PRIMARY
TEAMSWITCH,1,4168864E:RSR2218,HIGHBALL_TEAM,na,na,BLOOMINGTON,,PRIMARY
TEAMSWITCH,1,1745161E:RSR5164,HIGHBALL_TEAM,na,na,BLOOMINGTON,,PRIMARY
TEAMSWITCH,1,422757E:RSR2548,HIGHBALL_TEAM,na,na,BLOOMINGTON,,PRIMARY
TEAMSWITCH,1,_A14CBE42-105F-40C3-9F21-2F8B43F3C21A,HIGHBALL_TEAM,na,na,BLOOMINGTON,,PRIMARY
TEAMSWITCH,1,4201763E:RAR1532,GOLDBUCKLE_TEAM,na,na,HIGHLAND,,PRIMARY
TEAMSWITCH,1,1080148E:RCS0682,GOLDBUCKLE_TEAM,na,na,HIGHLAND,,PRIMARY
TEAMSWITCH,1,2042297E:RCS0945,GOLDBUCKLE_TEAM,na,na,HIGHLAND,,PRIMARY
TEAMSWITCH,1,5550412:RCS1533-1,GOLDBUCKLE_TEAM,na,na,HIGHLAND,,PRIMARY
TEAMSWITCH,1,514066E:RSR0591,GOLDBUCKLE_TEAM,na,na,HIGHLAND,,PRIMARY
TEAMSWITCH,1,_1B842AB1-395C-4C82-B2C2-6832A95053B9,GOLDBUCKLE_TEAM,na,na,HIGHLAND,,PRIMARY
TEAMSWITCH,1,5517368:RCS9507-1,PILGRIM_TEAM,na,na,ARCADIA,,PRIMARY
TEAMSWITCH,1,_A2C35FF3-8115-403C-9CDA-4FE02E154B50,PILGRIM_TEAM,na,na,ARCADIA,,PRIMARY
TEAMSWITCH,1,4270181E:RAR5026,BLACKHILLS_TEAM,na,na,GLEN AVON,,PRIMARY
TEAMSWITCH,1,4612920E:RCS2423,BLACKHILLS_TEAM,na,na,GLEN AVON,,PRIMARY
TEAMSWITCH,1,4818355E:RCS2429,BLACKHILLS_TEAM,na,na,GLEN AVON,,PRIMARY
TEAMSWITCH,1,4908650E:RCS2491,BLACKHILLS_TEAM,na,na,GLEN AVON,,PRIMARY
TEAMSWITCH,1,4930259E:RCS6809,BLACKHILLS_TEAM,na,na,GLEN AVON,,PRIMARY
TEAMSWITCH,1,5581926:RCS5924-2,BLACKHILLS_TEAM,na,na,GLEN AVON,,PRIMARY
TEAMSWITCH,1,4918015E:RSR2543,BLACKHILLS_TEAM,na,na,GLEN AVON,,PRIMARY
TEAMSWITCH,1,4918016E:RSR2544,BLACKHILLS_TEAM,na,na,GLEN AVON,,PRIMARY
TEAMSWITCH,1,4103249E:RSR4330,BLACKHILLS_TEAM,na,na,GLEN AVON,,PRIMARY
TEAMSWITCH,1,2263047E:RSR0660,BLACKHILLS_TEAM,na,na,GLEN AVON,,PRIMARY
TEAMSWITCH,1,_30EF908D-F68E-41A5-9BA6-8F7BEC90C2BB,BLACKHILLS_TEAM,na,na,GLEN AVON,,PRIMARY
TEAMSWITCH,1,4470329E:RCS0185,RIPTIDE_TEAM,na,na,SANTA MONICA,,PRIMARY
TEAMSWITCH,1,1759372E:RCS0765,RIPTIDE_TEAM,na,na,SANTA MONICA,,PRIMARY
TEAMSWITCH,1,5040205:RCS0971-1,RIPTIDE_TEAM,na,na,SANTA MONICA,,PRIMARY
TEAMSWITCH,1,1596660E:RSR4542,RIPTIDE_TEAM,na,na,SANTA MONICA,,PRIMARY
TEAMSWITCH,1,1487151E:RSR0318,RIPTIDE_TEAM,na,na,SANTA MONICA,,PRIMARY
TEAMSWITCH,1,1335853E:RSR4261,RIPTIDE_TEAM,na,na,SANTA MONICA,,PRIMARY
TEAMSWITCH,1,_947ED76E-0D8C-4135-AF61-B3EC1DBF650A,RIPTIDE_TEAM,na,na,SANTA MONICA,,PRIMARY
TEAMSWITCH,1,_7F277F5E-4B5F-44DC-AC0D-C6F0FD43563B,RIPTIDE_TEAM,na,na,SANTA MONICA,,PRIMARY
TEAMSWITCH,1,1319641E:RAR1192,CRESTWIND_TEAM,na,na,CRESTWIND UGS,,PRIMARY
TEAMSWITCH,1,7147:CRESTWIND U.G.S.-L1,CRESTWIND_TEAM,na,na,CRESTWIND UGS,,PRIMARY
TEAMSWITCH,1,7147:CRESTWIND U.G.S.-H1,CRESTWIND_TEAM,na,na,CRESTWIND UGS,,PRIMARY
TEAMSWITCH,1,4743238E:RAR0913,MULHOLLAND_TEAM,na,na,CRATER,,PRIMARY
TEAMSWITCH,1,3005332E:RAR0108,MULHOLLAND_TEAM,na,na,CRATER,,PRIMARY
TEAMSWITCH,1,825005E:RCS0039,MULHOLLAND_TEAM,na,na,CRATER,,PRIMARY
TEAMSWITCH,1,4858407E:RCS0041,MULHOLLAND_TEAM,na,na,CRATER,,PRIMARY
TEAMSWITCH,1,5812595:RCS1492-4,MULHOLLAND_TEAM,na,na,CRATER,,PRIMARY
TEAMSWITCH,1,_6F37E2ED-104C-4BB5-838A-1560B5886987,MULHOLLAND_TEAM,na,na,CRATER,,PRIMARY
TEAMSWITCH,1,5517674:RCS7674-2,CITY RANCH_TEAM,na,na,ANAVERDE,,PRIMARY
TEAMSWITCH,1,5000595E:RCS0304,CITY RANCH_TEAM,na,na,ANAVERDE,,PRIMARY
TEAMSWITCH,1,_143A7A02-AD4D-441D-BEC2-CA4F2E50D4FF,CITY RANCH_TEAM,na,na,ANAVERDE,,PRIMARY
TEAMSWITCH,1,4890819E:RAR1945,SCHENLEY_TEAM,na,na,COLUMBINE,,PRIMARY
TEAMSWITCH,1,818331E:RCS1885,SCHENLEY_TEAM,na,na,COLUMBINE,,PRIMARY
TEAMSWITCH,1,4477735E:RCS1724,SCHENLEY_TEAM,na,na,COLUMBINE,,PRIMARY
TEAMSWITCH,1,1368624E:RCS3921,SCHENLEY_TEAM,na,na,COLUMBINE,,PRIMARY
TEAMSWITCH,1,4658424E:RSR0306,SCHENLEY_TEAM,na,na,COLUMBINE,,PRIMARY
TEAMSWITCH,1,_2D12B973-B073-4E5E-BB10-411EA29A4A86,SCHENLEY_TEAM,na,na,COLUMBINE,,PRIMARY
TEAMSWITCH,1,935026E:RCS0129,SAGO_TEAM,na,na,TORRANCE,,PRIMARY
TEAMSWITCH,1,1393694E:RSR0008,SAGO_TEAM,na,na,TORRANCE,,PRIMARY
TEAMSWITCH,1,4899710E:RSR0244,SAGO_TEAM,na,na,TORRANCE,,PRIMARY
TEAMSWITCH,1,4899717E:RSR0660,SAGO_TEAM,na,na,TORRANCE,,PRIMARY
TEAMSWITCH,1,_BB449AF4-8AA5-4C84-A1FC-1899FF38DDC3,SAGO_TEAM,na,na,TORRANCE,,PRIMARY
TEAMSWITCH,1,2116203E:RAR0225,TUBA_TEAM,na,na,ELIZABETH LAKE,,PRIMARY
TEAMSWITCH,1,4379831E:RCS1655,TUBA_TEAM,na,na,ELIZABETH LAKE,,PRIMARY
TEAMSWITCH,1,1937287E:RCS0333,TUBA_TEAM,na,na,ELIZABETH LAKE,,PRIMARY
TEAMSWITCH,1,_054CC867-646E-48A0-808E-D58E4EFDD8A3,TUBA_TEAM,na,na,ELIZABETH LAKE,,PRIMARY
TEAMSWITCH,1,4701064E:RAR0114,SEACLIFF_TEAM,na,na,CARPINTERIA,,PRIMARY
TEAMSWITCH,1,4547136E:RAR0050,SEACLIFF_TEAM,na,na,CARPINTERIA,,PRIMARY
TEAMSWITCH,1,4335567E:RAR1653,SEACLIFF_TEAM,na,na,CARPINTERIA,,PRIMARY
TEAMSWITCH,1,2074030E:RAR0111,SEACLIFF_TEAM,na,na,CARPINTERIA,,PRIMARY
TEAMSWITCH,1,4753752E:RAR0695,SEACLIFF_TEAM,na,na,CARPINTERIA,,PRIMARY
TEAMSWITCH,1,2303868E:RCS0751,SEACLIFF_TEAM,na,na,CARPINTERIA,,PRIMARY
TEAMSWITCH,1,4883247E:RCS0042,SEACLIFF_TEAM,na,na,CARPINTERIA,,PRIMARY
TEAMSWITCH,1,5752492:RCSG943-1,SEACLIFF_TEAM,na,na,CARPINTERIA,,PRIMARY
TEAMSWITCH,1,1718721E:RCS0464,SEACLIFF_TEAM,na,na,CARPINTERIA,,PRIMARY
TEAMSWITCH,1,_9B8986D5-EFD7-48C2-9790-FAD4F59B1D01,SEACLIFF_TEAM,na,na,CARPINTERIA,,PRIMARY
TEAMSWITCH,1,_44E2C55B-68AD-4F42-A894-65CD17969168,FUEL GAS 2_TEAM,na,na,COMPRESS,,PRIMARY
TEAMSWITCH,1,622953E:RAR0728,PADRE_TEAM,na,na,SANTA BARBARA,,PRIMARY
TEAMSWITCH,1,5029355:RCS9355-1,PADRE_TEAM,na,na,SANTA BARBARA,,PRIMARY
TEAMSWITCH,1,5032844:RCS0231-1,PADRE_TEAM,na,na,SANTA BARBARA,,PRIMARY
TEAMSWITCH,1,5031585:RCS0723-4,PADRE_TEAM,na,na,SANTA BARBARA,,PRIMARY
TEAMSWITCH,1,5029348:RCS0504-1,PADRE_TEAM,na,na,SANTA BARBARA,,PRIMARY
TEAMSWITCH,1,1345928E:RSR0116,PADRE_TEAM,na,na,SANTA BARBARA,,PRIMARY
TEAMSWITCH,1,1345907E:RSR0343,PADRE_TEAM,na,na,SANTA BARBARA,,PRIMARY
TEAMSWITCH,1,_6C18B0FF-295A-45E4-9419-240658A16666,PADRE_TEAM,na,na,SANTA BARBARA,,PRIMARY
TEAMSWITCH,1,_49FB9506-11C8-4E12-8FAC-9670069CED28,PADRE_TEAM,na,na,SANTA BARBARA,,PRIMARY
TEAMSWITCH,1,1378346E:RCS0085,REPUBLIC_TEAM,na,na,LENNOX,,PRIMARY
TEAMSWITCH,1,1560721E:RCS1057,REPUBLIC_TEAM,na,na,LENNOX,,PRIMARY
TEAMSWITCH,1,4854029E:RCS0337,REPUBLIC_TEAM,na,na,LENNOX,,PRIMARY
TEAMSWITCH,1,5463711:RCS5977-6,REPUBLIC_TEAM,na,na,LENNOX,,PRIMARY
TEAMSWITCH,1,5741375:RCS7017-2_CS,REPUBLIC_TEAM,na,na,LENNOX,,PRIMARY
TEAMSWITCH,1,_5F18CDC7-CD05-444E-8A6D-7669D69B1727,REPUBLIC_TEAM,na,na,LENNOX,,PRIMARY
TEAMSWITCH,1,5482063:RCS4583-1,IMPALA_TEAM,na,na,FALCON RIDGE,,PRIMARY
TEAMSWITCH,1,_0B0C867F-7FB5-4C73-A953-6E7A9EF9DE3F,IMPALA_TEAM,na,na,FALCON RIDGE,,PRIMARY
TEAMSWITCH,1,362337E:RAR0046,MCBEAN_TEAM,na,na,NEWHALL,,PRIMARY
TEAMSWITCH,1,2139902E:RCS0411,MCBEAN_TEAM,na,na,NEWHALL,,PRIMARY
TEAMSWITCH,1,4305035E:RCS0126,MCBEAN_TEAM,na,na,NEWHALL,,PRIMARY
TEAMSWITCH,1,5306076:RCS3964-1,MCBEAN_TEAM,na,na,NEWHALL,,PRIMARY
TEAMSWITCH,1,2308331E:RCS0664,MCBEAN_TEAM,na,na,NEWHALL,,PRIMARY
TEAMSWITCH,1,5715219:RCS5196-3_CS,MCBEAN_TEAM,na,na,NEWHALL,,PRIMARY
TEAMSWITCH,1,_EAA8FE6F-25E1-49F0-8DD7-AE13BDAA82BE,MCBEAN_TEAM,na,na,NEWHALL,,PRIMARY
TEAMSWITCH,1,2252627E:RCS0320,LAKOTA_TEAM,na,na,RANCHO,,PRIMARY
TEAMSWITCH,1,4042294E:RCS1154,LAKOTA_TEAM,na,na,RANCHO,,PRIMARY
TEAMSWITCH,1,2085243E:RCS0115,LAKOTA_TEAM,na,na,RANCHO,,PRIMARY
TEAMSWITCH,1,4714747E:RSR1220,LAKOTA_TEAM,na,na,RANCHO,,PRIMARY
TEAMSWITCH,1,4714744E:RSR1219,LAKOTA_TEAM,na,na,RANCHO,,PRIMARY
TEAMSWITCH,1,_B8AF70CF-A352-450A-8B0E-F6138D53374D,LAKOTA_TEAM,na,na,RANCHO,,PRIMARY
TEAMSWITCH,1,_1AD99A24-6B36-4A4F-A476-412D65DC0FCB,CORTA_TEAM,na,na,VICTORVILLE,,PRIMARY
TEAMSWITCH,1,4770975E:RAR3474,DONLON_TEAM,na,na,SOMIS,,PRIMARY
TEAMSWITCH,1,1437754E:RAR0011,DONLON_TEAM,na,na,SOMIS,,PRIMARY
TEAMSWITCH,1,1500470E:RAR0231,DONLON_TEAM,na,na,SOMIS,,PRIMARY
TEAMSWITCH,1,570625E:RCS1181,DONLON_TEAM,na,na,SOMIS,,PRIMARY
TEAMSWITCH,1,4081480E:RCS2384,DONLON_TEAM,na,na,SOMIS,,PRIMARY
TEAMSWITCH,1,1437808E:RSR1879,DONLON_TEAM,na,na,SOMIS,,PRIMARY
TEAMSWITCH,1,_E7B41713-FB18-4296-88E1-A4B02D72E8A4,DONLON_TEAM,na,na,SOMIS,,PRIMARY
TEAMSWITCH,1,_5DAA8ABF-41C2-4B08-86AE-96C1B3635DCE,DONLON_TEAM,na,na,SOMIS,,PRIMARY
TEAMSWITCH,1,1568047E:RCS0544,TAFT_TEAM,na,na,COLORADO,,PRIMARY
TEAMSWITCH,1,5140231:RCS1204-5,TAFT_TEAM,na,na,COLORADO,,PRIMARY
TEAMSWITCH,1,5041218:RCS0890-3,TAFT_TEAM,na,na,COLORADO,,PRIMARY
TEAMSWITCH,1,_9A33E9D4-140C-4B8A-91D3-39DD95F9FFCF,TAFT_TEAM,na,na,COLORADO,,PRIMARY
TEAMSWITCH,1,4156748E:RAR0900,VERDUGO_TEAM,na,na,LA CANADA,,PRIMARY
TEAMSWITCH,1,1798765E:RAR4205,VERDUGO_TEAM,na,na,LA CANADA,,PRIMARY
TEAMSWITCH,1,1948971E:RCS0544,VERDUGO_TEAM,na,na,LA CANADA,,PRIMARY
TEAMSWITCH,1,4845108E:RCS0576,VERDUGO_TEAM,na,na,LA CANADA,,PRIMARY
TEAMSWITCH,1,4799850E:RCS0124,VERDUGO_TEAM,na,na,LA CANADA,,PRIMARY
TEAMSWITCH,1,4848048E:RCS1975,VERDUGO_TEAM,na,na,LA CANADA,,PRIMARY
TEAMSWITCH,1,4847494E:RCS1980,VERDUGO_TEAM,na,na,LA CANADA,,PRIMARY
TEAMSWITCH,1,5460855:RCS1704-3,VERDUGO_TEAM,na,na,LA CANADA,,PRIMARY
TEAMSWITCH,1,5460846:RCS1714-2_CS,VERDUGO_TEAM,na,na,LA CANADA,,PRIMARY
TEAMSWITCH,1,5460846:RCS1714-3_CS,VERDUGO_TEAM,na,na,LA CANADA,,PRIMARY
TEAMSWITCH,1,4612072E:RSR0618,VERDUGO_TEAM,na,na,LA CANADA,,PRIMARY
TEAMSWITCH,1,4966853E:RSR0637,VERDUGO_TEAM,na,na,LA CANADA,,PRIMARY
TEAMSWITCH,1,_CC302687-36B1-4AD6-BA6F-CF1B63267306,VERDUGO_TEAM,na,na,LA CANADA,,PRIMARY
TEAMSWITCH,1,5305207:RCS5207-2,BOA_TEAM,na,na,NORTH OAKS,,PRIMARY
TEAMSWITCH,1,_39C7C20B-980A-41F9-B1E9-DCC4FEE6A648,BOA_TEAM,na,na,NORTH OAKS,,PRIMARY
TEAMSWITCH,1,5714957:RCSG276-4,REDBALL_TEAM,na,na,BLOOMINGTON,,PRIMARY
TEAMSWITCH,1,5777695:RCSG002-3,REDBALL_TEAM,na,na,BLOOMINGTON,,PRIMARY
TEAMSWITCH,1,5612577:RCS5604-1,REDBALL_TEAM,na,na,BLOOMINGTON,,PRIMARY
TEAMSWITCH,1,_AA6AF49E-236F-42D5-891C-1657C204B16F,REDBALL_TEAM,na,na,BLOOMINGTON,,PRIMARY
TEAMSWITCH,1,5349656:RCS3727-2,WOODHAVEN_TEAM,na,na,OAK PARK,,PRIMARY
TEAMSWITCH,1,5190448:RCS1366-3_CS,WOODHAVEN_TEAM,na,na,OAK PARK,,PRIMARY
TEAMSWITCH,1,_AE7B6063-6687-4201-AF2A-51DAC29D7975,WOODHAVEN_TEAM,na,na,OAK PARK,,PRIMARY
TEAMSWITCH,1,_77F5F1E3-C2B6-4459-B3FB-D717D5D63431,EL PASEO_TEAM,na,na,REDONDO,,PRIMARY
TEAMSWITCH,1,_6FBB5CCB-7192-458B-9E16-3E30BD746DFC,FIGUEROA_TEAM,na,na,SANTA BARBARA,,PRIMARY
TEAMSWITCH,1,1158845E:RCS1021,INTERSTATE_TEAM,na,na,SEPULVEDA,,PRIMARY
TEAMSWITCH,1,1378426E:RCS0393,INTERSTATE_TEAM,na,na,SEPULVEDA,,PRIMARY
TEAMSWITCH,1,789879E:RSR0198,INTERSTATE_TEAM,na,na,SEPULVEDA,,PRIMARY
TEAMSWITCH,1,_691850E3-F707-4655-B4BA-E3AC21791A55,INTERSTATE_TEAM,na,na,SEPULVEDA,,PRIMARY
TEAMSWITCH,1,4732817E:RCS1696,SHOEMAKER_TEAM,na,na,ARCADIA,,PRIMARY
TEAMSWITCH,1,5008435:RCS0095-1,SHOEMAKER_TEAM,na,na,ARCADIA,,PRIMARY
TEAMSWITCH,1,5008392:RCS0086-4,SHOEMAKER_TEAM,na,na,ARCADIA,,PRIMARY
TEAMSWITCH,1,1041676E:RCS1438,SHOEMAKER_TEAM,na,na,ARCADIA,,PRIMARY
TEAMSWITCH,1,_6D754E54-21FE-4DA9-A0B6-700DD18DAF3A,SHOEMAKER_TEAM,na,na,ARCADIA,,PRIMARY
TEAMSWITCH,1,_03F56F1F-DC22-45B5-B543-A2CDE8AD4692,CORD_TEAM,na,na,BEVERLY,,PRIMARY
TEAMSWITCH,1,5041317:RCS0920-3,CYRUS_TEAM,na,na,COLORADO,,PRIMARY
TEAMSWITCH,1,5529521:RCS4308-1,CYRUS_TEAM,na,na,COLORADO,,PRIMARY
TEAMSWITCH,1,_B7612C60-2569-4162-BA8D-079C6923D331,CYRUS_TEAM,na,na,COLORADO,,PRIMARY
TEAMSWITCH,1,4662721E:RCS0315,MAYS_TEAM,na,na,LANCASTER,,PRIMARY
TEAMSWITCH,1,5157633:RCS1824-1,MAYS_TEAM,na,na,LANCASTER,,PRIMARY
TEAMSWITCH,1,_B55D9852-B131-4272-9808-7CED9A2D3A4D,MAYS_TEAM,na,na,LANCASTER,,PRIMARY
TEAMSWITCH,1,5408425:RCS1366-2,KAY_TEAM,na,na,ALHAMBRA,,PRIMARY
TEAMSWITCH,1,5408414:RCS1369-3_CS,KAY_TEAM,na,na,ALHAMBRA,,PRIMARY
TEAMSWITCH,1,2279132E:RCS1575,KAY_TEAM,na,na,ALHAMBRA,,PRIMARY
TEAMSWITCH,1,4857619E:RSR2052,KAY_TEAM,na,na,ALHAMBRA,,PRIMARY
TEAMSWITCH,1,_815FD420-CED7-45C5-8234-1EC6B3496D5C,KAY_TEAM,na,na,ALHAMBRA,,PRIMARY
TEAMSWITCH,1,_8340591F-FDE9-4041-8E56-C2E693A692CC,KAY_TEAM,na,na,ALHAMBRA,,PRIMARY
TEAMSWITCH,1,4603850E:RCS4203,AMBERCREST_TEAM,na,na,OAK PARK,,PRIMARY
TEAMSWITCH,1,5025772:RCS5132-3,AMBERCREST_TEAM,na,na,OAK PARK,,PRIMARY
TEAMSWITCH,1,_FEB4A5A8-0EAF-4891-ABFF-CEFF90BE051F,AMBERCREST_TEAM,na,na,OAK PARK,,PRIMARY
TEAMSWITCH,1,5040487:RCS0074-1,OVERLAND_TEAM,na,na,CULVER,,PRIMARY
TEAMSWITCH,1,5040485:RCS0073-1_CS,OVERLAND_TEAM,na,na,CULVER,,PRIMARY
TEAMSWITCH,1,_90D44BFB-A759-4170-B92E-297CE865691E,OVERLAND_TEAM,na,na,CULVER,,PRIMARY
TEAMSWITCH,1,1664749E:RAR0353,VALLECITO_TEAM,na,na,CARPINTERIA,,PRIMARY
TEAMSWITCH,1,4758428E:RCS0299,VALLECITO_TEAM,na,na,CARPINTERIA,,PRIMARY
TEAMSWITCH,1,4198828E:RCS0717,VALLECITO_TEAM,na,na,CARPINTERIA,,PRIMARY
TEAMSWITCH,1,1133612E:RCS0419,VALLECITO_TEAM,na,na,CARPINTERIA,,PRIMARY
TEAMSWITCH,1,4965894E:RCS0669,VALLECITO_TEAM,na,na,CARPINTERIA,,PRIMARY
TEAMSWITCH,1,4340209E:RCS9707,VALLECITO_TEAM,na,na,CARPINTERIA,,PRIMARY
TEAMSWITCH,1,2303949E:RCS9708,VALLECITO_TEAM,na,na,CARPINTERIA,,PRIMARY
TEAMSWITCH,1,5031130:RCS0560-4,VALLECITO_TEAM,na,na,CARPINTERIA,,PRIMARY
TEAMSWITCH,1,5031123:RCS0557-1,VALLECITO_TEAM,na,na,CARPINTERIA,,PRIMARY
TEAMSWITCH,1,5317891:RCS1908-3,VALLECITO_TEAM,na,na,CARPINTERIA,,PRIMARY
TEAMSWITCH,1,4910664E:RSR3404,VALLECITO_TEAM,na,na,CARPINTERIA,,PRIMARY
TEAMSWITCH,1,1749664E:RSR0024,VALLECITO_TEAM,na,na,CARPINTERIA,,PRIMARY
TEAMSWITCH,1,4371456E:RSR9414,VALLECITO_TEAM,na,na,CARPINTERIA,,PRIMARY
TEAMSWITCH,1,4981861E:RSR0730,VALLECITO_TEAM,na,na,CARPINTERIA,,PRIMARY
TEAMSWITCH,1,_5B9E57E5-91AC-428B-9ED0-8CF2230EFA74,VALLECITO_TEAM,na,na,CARPINTERIA,,PRIMARY
TEAMSWITCH,1,4685216E:RAR3110,OAKLAND_TEAM,na,na,OCTOL,,PRIMARY
TEAMSWITCH,1,229351E:RAR1268,OAKLAND_TEAM,na,na,OCTOL,,PRIMARY
TEAMSWITCH,1,4901161E:RAR1313,OAKLAND_TEAM,na,na,OCTOL,,PRIMARY
TEAMSWITCH,1,4683477E:RCS1107,OAKLAND_TEAM,na,na,OCTOL,,PRIMARY
TEAMSWITCH,1,1966084E:RCS1311,OAKLAND_TEAM,na,na,OCTOL,,PRIMARY
TEAMSWITCH,1,5776110:RCSG001-1,OAKLAND_TEAM,na,na,OCTOL,,PRIMARY
TEAMSWITCH,1,1807515E:RSR3793,OAKLAND_TEAM,na,na,OCTOL,,PRIMARY
TEAMSWITCH,1,775345E:RSR1310,OAKLAND_TEAM,na,na,OCTOL,,PRIMARY
TEAMSWITCH,1,_E429A2B5-A76D-4D69-AF09-6FD4B7A5C3BC,OAKLAND_TEAM,na,na,OCTOL,,PRIMARY
TEAMSWITCH,1,1376871E:RCS0138,GRHARTMAN_TEAM,na,na,BRADBURY,,PRIMARY
TEAMSWITCH,1,4860132E:RCS0171,GRHARTMAN_TEAM,na,na,BRADBURY,,PRIMARY
TEAMSWITCH,1,5371937:RCS9771-1,GRHARTMAN_TEAM,na,na,BRADBURY,,PRIMARY
TEAMSWITCH,1,5663255:RCS9978-2_CS,GRHARTMAN_TEAM,na,na,BRADBURY,,PRIMARY
TEAMSWITCH,1,5640498:RCS9766-4,GRHARTMAN_TEAM,na,na,BRADBURY,,PRIMARY
TEAMSWITCH,1,1376868E:RSR0216,GRHARTMAN_TEAM,na,na,BRADBURY,,PRIMARY
TEAMSWITCH,1,_3DCAF471-409D-4436-BDFE-E1AF694D9856,GRHARTMAN_TEAM,na,na,BRADBURY,,PRIMARY
TEAMSWITCH,1,_BA898494-1DE0-479B-AEDA-A68E551E6726,CHANDLER_TEAM,na,na,REDLANDS,,PRIMARY
TEAMSWITCH,1,2293210E:RAR0130,SKY HI_TEAM,na,na,LUCERNE,,PRIMARY
TEAMSWITCH,1,4328262E:RAR0131,SKY HI_TEAM,na,na,LUCERNE,,PRIMARY
TEAMSWITCH,1,4225751E:RAR0182,SKY HI_TEAM,na,na,LUCERNE,,PRIMARY
TEAMSWITCH,1,2184790E:RAR1323,SKY HI_TEAM,na,na,LUCERNE,,PRIMARY
TEAMSWITCH,1,4646223E:RAR1322,SKY HI_TEAM,na,na,LUCERNE,,PRIMARY
TEAMSWITCH,1,4328264E:RAR0978,SKY HI_TEAM,na,na,LUCERNE,,PRIMARY
TEAMSWITCH,1,4852551E:RCS0176,SKY HI_TEAM,na,na,LUCERNE,,PRIMARY
TEAMSWITCH,1,89238S:RCS0759,SKY HI_TEAM,na,na,LUCERNE,,PRIMARY
TEAMSWITCH,1,4698131E:RCS0471,SKY HI_TEAM,na,na,LUCERNE,,PRIMARY
TEAMSWITCH,1,4747472E:RCS0469,SKY HI_TEAM,na,na,LUCERNE,,PRIMARY
TEAMSWITCH,1,1601440E:RCS0132,SKY HI_TEAM,na,na,LUCERNE,,PRIMARY
TEAMSWITCH,1,227656E:RCS0911,SKY HI_TEAM,na,na,LUCERNE,,PRIMARY
TEAMSWITCH,1,1721473E:RCS0744,SKY HI_TEAM,na,na,LUCERNE,,PRIMARY
TEAMSWITCH,1,_3D5DED69-1957-456C-A7AD-003AF3DB8E12,SKY HI_TEAM,na,na,LUCERNE,,PRIMARY
TEAMSWITCH,1,5342138:RCS5369-1,ZINSER_TEAM,na,na,ARCHLINE,,PRIMARY
TEAMSWITCH,1,_AE9554B0-E7BD-44D4-A3C6-96E5F042E6A9,ZINSER_TEAM,na,na,ARCHLINE,,PRIMARY
TEAMSWITCH,1,4647698E:RAR1601,TREMAINE_TEAM,na,na,MONTECITO,,PRIMARY
TEAMSWITCH,1,4238827E:RAR1602,TREMAINE_TEAM,na,na,MONTECITO,,PRIMARY
TEAMSWITCH,1,4129842E:RCS0515,TREMAINE_TEAM,na,na,MONTECITO,,PRIMARY
TEAMSWITCH,1,4691270E:RCS1789,TREMAINE_TEAM,na,na,MONTECITO,,PRIMARY
TEAMSWITCH,1,_6E2B410E-F494-42AD-8AFA-6A823ABD5EA7,TREMAINE_TEAM,na,na,MONTECITO,,PRIMARY
TEAMSWITCH,1,4526191E:RCS0444,TAMPICO_TEAM,na,na,CARDIFF,,PRIMARY
TEAMSWITCH,1,2198655E:RCS0804,TAMPICO_TEAM,na,na,CARDIFF,,PRIMARY
TEAMSWITCH,1,5014624:RCS1287-3,TAMPICO_TEAM,na,na,CARDIFF,,PRIMARY
TEAMSWITCH,1,4919766E:RSR0212,TAMPICO_TEAM,na,na,CARDIFF,,PRIMARY
TEAMSWITCH,1,_3FB6EB80-3747-4C41-AB08-9089E6E77112,TAMPICO_TEAM,na,na,CARDIFF,,PRIMARY
TEAMSWITCH,1,5746129:RAR2626,SURFSIDE_TEAM,na,na,CHANNEL ISLANDS,,PRIMARY
TEAMSWITCH,1,4907136E:RCS2114,SURFSIDE_TEAM,na,na,CHANNEL ISLANDS,,PRIMARY
TEAMSWITCH,1,4591586E:RCS1976,SURFSIDE_TEAM,na,na,CHANNEL ISLANDS,,PRIMARY
TEAMSWITCH,1,4754482E:RCS3865,SURFSIDE_TEAM,na,na,CHANNEL ISLANDS,,PRIMARY
TEAMSWITCH,1,5504455:RCS8473-4,SURFSIDE_TEAM,na,na,CHANNEL ISLANDS,,PRIMARY
TEAMSWITCH,1,5020108:RCS2440-2,SURFSIDE_TEAM,na,na,CHANNEL ISLANDS,,PRIMARY
TEAMSWITCH,1,5019575:RCS1180-3,SURFSIDE_TEAM,na,na,CHANNEL ISLANDS,,PRIMARY
TEAMSWITCH,1,5019571:RCS1176-1,SURFSIDE_TEAM,na,na,CHANNEL ISLANDS,,PRIMARY
TEAMSWITCH,1,5019570:RCS3203-2,SURFSIDE_TEAM,na,na,CHANNEL ISLANDS,,PRIMARY
TEAMSWITCH,1,1585412E:RSR3004,SURFSIDE_TEAM,na,na,CHANNEL ISLANDS,,PRIMARY
TEAMSWITCH,1,1383853E:RSR3054,SURFSIDE_TEAM,na,na,CHANNEL ISLANDS,,PRIMARY
TEAMSWITCH,1,_4BC25784-6581-4F87-B0C9-6CDEBEFAFC9A,SURFSIDE_TEAM,na,na,CHANNEL ISLANDS,,PRIMARY
TEAMSWITCH,1,4880499E:RAR1176,DOCTORS_TEAM,na,na,TIMOTEO,,PRIMARY
TEAMSWITCH,1,1588516E:RCS0207,DOCTORS_TEAM,na,na,TIMOTEO,,PRIMARY
TEAMSWITCH,1,4923422E:RCS0706,DOCTORS_TEAM,na,na,TIMOTEO,,PRIMARY
TEAMSWITCH,1,1262155E:RCS0399,DOCTORS_TEAM,na,na,TIMOTEO,,PRIMARY
TEAMSWITCH,1,4006591E:RCS0531,DOCTORS_TEAM,na,na,TIMOTEO,,PRIMARY
TEAMSWITCH,1,5805666:RCSG005-1,DOCTORS_TEAM,na,na,TIMOTEO,,PRIMARY
TEAMSWITCH,1,5765497:RCS1295-1,DOCTORS_TEAM,na,na,TIMOTEO,,PRIMARY
TEAMSWITCH,1,5012545:RCS0935-2_CS,DOCTORS_TEAM,na,na,TIMOTEO,,PRIMARY
TEAMSWITCH,1,4026657E:RSR0470,DOCTORS_TEAM,na,na,TIMOTEO,,PRIMARY
TEAMSWITCH,1,_241C39EE-76E9-44DE-A0B2-59775C985F08,DOCTORS_TEAM,na,na,TIMOTEO,,PRIMARY
TEAMSWITCH,1,4134997E:RCS0806,GOSS_TEAM,na,na,VICTOR,,PRIMARY
TEAMSWITCH,1,4829203E:RCS1090,GOSS_TEAM,na,na,VICTOR,,PRIMARY
TEAMSWITCH,1,5520887:RCS2148-2,GOSS_TEAM,na,na,VICTOR,,PRIMARY
TEAMSWITCH,1,_2AFA4A8D-6E17-4ACF-A38B-061DEFFC3312,GOSS_TEAM,na,na,VICTOR,,PRIMARY
TEAMSWITCH,1,4209231E:RCS0049,LOCKSLEY_TEAM,na,na,RAVENDALE,,PRIMARY
TEAMSWITCH,1,5008728:RCS9933-4,LOCKSLEY_TEAM,na,na,RAVENDALE,,PRIMARY
TEAMSWITCH,1,5590096:RCS9640-1,LOCKSLEY_TEAM,na,na,RAVENDALE,,PRIMARY
TEAMSWITCH,1,5008098:RCS0058-5_CS,LOCKSLEY_TEAM,na,na,RAVENDALE,,PRIMARY
TEAMSWITCH,1,291088E:RSR0017,LOCKSLEY_TEAM,na,na,RAVENDALE,,PRIMARY
TEAMSWITCH,1,4808280E:RSR0241,LOCKSLEY_TEAM,na,na,RAVENDALE,,PRIMARY
TEAMSWITCH,1,_2C5B31D8-A1BA-4109-8276-0CE5FCCC8F1C,LOCKSLEY_TEAM,na,na,RAVENDALE,,PRIMARY
TEAMSWITCH,1,_EDDB4CF9-71A0-4695-8F3C-2C6336A35F3D,LOCKSLEY_TEAM,na,na,RAVENDALE,,PRIMARY
TEAMSWITCH,1,4298209E:RAR0081,HEAVY_TEAM,na,na,RANDSBURG,,PRIMARY
TEAMSWITCH,1,4175574E:RAR0055,HEAVY_TEAM,na,na,RANDSBURG,,PRIMARY
TEAMSWITCH,1,4869027E:RAR0975,HEAVY_TEAM,na,na,RANDSBURG,,PRIMARY
TEAMSWITCH,1,2291963E:RCS0498,HEAVY_TEAM,na,na,RANDSBURG,,PRIMARY
TEAMSWITCH,1,2110332E:RCS0499,HEAVY_TEAM,na,na,RANDSBURG,,PRIMARY
TEAMSWITCH,1,_EFC4F476-8E72-43C4-889D-676E8061EF2A,HEAVY_TEAM,na,na,RANDSBURG,,PRIMARY
TEAMSWITCH,1,_2A7D21D4-2892-4E14-9ACE-C2DF5172FA44,HARKNESS_TEAM,na,na,DITMAR,,PRIMARY
TEAMSWITCH,1,4292919E:RCS1851,LOGAN_TEAM,na,na,EARLIMART,,PRIMARY
TEAMSWITCH,1,786157E:RCS3947,LOGAN_TEAM,na,na,EARLIMART,,PRIMARY
TEAMSWITCH,1,1018602E:RCS3945,LOGAN_TEAM,na,na,EARLIMART,,PRIMARY
TEAMSWITCH,1,995297E:RSR0091,LOGAN_TEAM,na,na,EARLIMART,,PRIMARY
TEAMSWITCH,1,4957400E:RSR6879,LOGAN_TEAM,na,na,EARLIMART,,PRIMARY
TEAMSWITCH,1,_F92C8C3E-4BA6-41B4-82B2-589EB4392940,LOGAN_TEAM,na,na,EARLIMART,,PRIMARY
TEAMSWITCH,1,1588516E:RCS0207,PETTIS_TEAM,na,na,TIMOTEO,,PRIMARY
TEAMSWITCH,1,201957S:RCS0178,PETTIS_TEAM,na,na,TIMOTEO,,PRIMARY
TEAMSWITCH,1,5611590:RCS1710-2,PETTIS_TEAM,na,na,TIMOTEO,,PRIMARY
TEAMSWITCH,1,5012545:RCS0935-2_CS,PETTIS_TEAM,na,na,TIMOTEO,,PRIMARY
TEAMSWITCH,1,4892848E:RSR0121,PETTIS_TEAM,na,na,TIMOTEO,,PRIMARY
TEAMSWITCH,1,4932151E:RSR0430,PETTIS_TEAM,na,na,TIMOTEO,,PRIMARY
TEAMSWITCH,1,1589110E:RSR1144,PETTIS_TEAM,na,na,TIMOTEO,,PRIMARY
TEAMSWITCH,1,_22C2D8D3-D4F6-4678-B12B-38FA004655F2,PETTIS_TEAM,na,na,TIMOTEO,,PRIMARY
TEAMSWITCH,1,4541133E:RAR0056,HOUSTON_TEAM,na,na,POPLAR,,PRIMARY
TEAMSWITCH,1,802066E:RAR1370,HOUSTON_TEAM,na,na,POPLAR,,PRIMARY
TEAMSWITCH,1,506553E:RAR3905,HOUSTON_TEAM,na,na,POPLAR,,PRIMARY
TEAMSWITCH,1,4512652E:RAR0259,HOUSTON_TEAM,na,na,POPLAR,,PRIMARY
TEAMSWITCH,1,5777T:RCS1367,HOUSTON_TEAM,na,na,POPLAR,,PRIMARY
TEAMSWITCH,1,_04AAF494-F195-4CA7-A0F7-2A214E7ABB3F,HOUSTON_TEAM,na,na,POPLAR,,PRIMARY
TEAMSWITCH,1,1508933E:RAR0753,SAN NICHOLAS_TEAM,na,na,CASITAS,,PRIMARY
TEAMSWITCH,1,4204614E:RCS0025,SAN NICHOLAS_TEAM,na,na,CASITAS,,PRIMARY
TEAMSWITCH,1,1795645E:RCS0038,SAN NICHOLAS_TEAM,na,na,CASITAS,,PRIMARY
TEAMSWITCH,1,1616409E:RCS0368,SAN NICHOLAS_TEAM,na,na,CASITAS,,PRIMARY
TEAMSWITCH,1,5195167:RCS3642-1,SAN NICHOLAS_TEAM,na,na,CASITAS,,PRIMARY
TEAMSWITCH,1,_AA392EF7-5319-4CC2-B835-B5DDAD7F98B4,SAN NICHOLAS_TEAM,na,na,CASITAS,,PRIMARY
TEAMSWITCH,1,5471672:RCS1672-2,OBOE_TEAM,na,na,ELIZABETH LAKE,,PRIMARY
TEAMSWITCH,1,5778101:RCS5086-4_CS,OBOE_TEAM,na,na,ELIZABETH LAKE,,PRIMARY
TEAMSWITCH,1,_5CBB5F90-F908-40EF-BF7F-8DCFB42714AB,OBOE_TEAM,na,na,ELIZABETH LAKE,,PRIMARY
TEAMSWITCH,1,_3082F746-8CEE-4100-B5F4-69E56EF9F1A3,YORK_TEAM,na,na,YUKON,,PRIMARY
TEAMSWITCH,1,2283766E:RCS1681,TELSTAR_TEAM,na,na,ROSEMEAD,,PRIMARY
TEAMSWITCH,1,4806012E:RCS1682,TELSTAR_TEAM,na,na,ROSEMEAD,,PRIMARY
TEAMSWITCH,1,4671088E:RSR1422,TELSTAR_TEAM,na,na,ROSEMEAD,,PRIMARY
TEAMSWITCH,1,4470298E:RSR1613,TELSTAR_TEAM,na,na,ROSEMEAD,,PRIMARY
TEAMSWITCH,1,1551607E:RSR1597,TELSTAR_TEAM,na,na,ROSEMEAD,,PRIMARY
TEAMSWITCH,1,_4EDD09E8-C6B9-4707-80F9-07F07C421EF3,TELSTAR_TEAM,na,na,ROSEMEAD,,PRIMARY
TEAMSWITCH,1,1378073E:RCS0261,MARLENE_TEAM,na,na,CULVER,,PRIMARY
TEAMSWITCH,1,5040978:RCS4359-4_CS,MARLENE_TEAM,na,na,CULVER,,PRIMARY
TEAMSWITCH,1,_53DBBCA6-98DA-42BD-B67B-D33F25E3AE33,MARLENE_TEAM,na,na,CULVER,,PRIMARY
TEAMSWITCH,1,_B63C928B-A45B-4E14-8A21-8117F12BDFAE,MARLENE_TEAM,na,na,CULVER,,PRIMARY
TEAMSWITCH,1,4857682E:RCS0460,SLALOM_TEAM,na,na,SKILAND,,PRIMARY
TEAMSWITCH,1,_2786EDA7-DF48-4213-BD80-541587F4928E,SLALOM_TEAM,na,na,SKILAND,,PRIMARY
TEAMSWITCH,1,4586188E:RCS5316,FERON_TEAM,na,na,ARCHLINE,,PRIMARY
TEAMSWITCH,1,5315389:RCS5895-1,FERON_TEAM,na,na,ARCHLINE,,PRIMARY
TEAMSWITCH,1,1794583E:RSR2521,FERON_TEAM,na,na,ARCHLINE,,PRIMARY
TEAMSWITCH,1,_74368572-99F1-4C11-8A14-422724CD47F3,FERON_TEAM,na,na,ARCHLINE,,PRIMARY
TEAMSWITCH,1,4972050E:RAR5653,FRATERNITY_TEAM,na,na,ISLA VISTA,,PRIMARY
TEAMSWITCH,1,4604862E:RCS5321,FRATERNITY_TEAM,na,na,ISLA VISTA,,PRIMARY
TEAMSWITCH,1,4797509E:RCS0590,FRATERNITY_TEAM,na,na,ISLA VISTA,,PRIMARY
TEAMSWITCH,1,5567834:RCS5375-2,FRATERNITY_TEAM,na,na,ISLA VISTA,,PRIMARY
TEAMSWITCH,1,_4E8D0DC4-2B47-4EC0-B833-388D4E3CB4EC,FRATERNITY_TEAM,na,na,ISLA VISTA,,PRIMARY
TEAMSWITCH,1,4167845E:RAR0990,JARVIS_TEAM,na,na,DALTON,,PRIMARY
TEAMSWITCH,1,4161350E:RAR0991,JARVIS_TEAM,na,na,DALTON,,PRIMARY
TEAMSWITCH,1,1969125E:RAR0992,JARVIS_TEAM,na,na,DALTON,,PRIMARY
TEAMSWITCH,1,1969126E:RAR0993,JARVIS_TEAM,na,na,DALTON,,PRIMARY
TEAMSWITCH,1,4160252E:RCS1338,JARVIS_TEAM,na,na,DALTON,,PRIMARY
TEAMSWITCH,1,4219943E:RCS1869,JARVIS_TEAM,na,na,DALTON,,PRIMARY
TEAMSWITCH,1,1060249E:RCS1449,JARVIS_TEAM,na,na,DALTON,,PRIMARY
TEAMSWITCH,1,1483000E:RCS0456,JARVIS_TEAM,na,na,DALTON,,PRIMARY
TEAMSWITCH,1,4511643E:RCS1486,JARVIS_TEAM,na,na,DALTON,,PRIMARY
TEAMSWITCH,1,1541129E:RCS1640,JARVIS_TEAM,na,na,DALTON,,PRIMARY
TEAMSWITCH,1,1033986E:RSR1241,JARVIS_TEAM,na,na,DALTON,,PRIMARY
TEAMSWITCH,1,1541124E:RSR1451,JARVIS_TEAM,na,na,DALTON,,PRIMARY
TEAMSWITCH,1,1073815E:RSR0377,JARVIS_TEAM,na,na,DALTON,,PRIMARY
TEAMSWITCH,1,_75974090-F2C6-46FB-92C3-2DEB70BC6C93,JARVIS_TEAM,na,na,DALTON,,PRIMARY
TEAMSWITCH,1,4006529E:RCS0032,PAHUTE_TEAM,na,na,APPLE VALLEY,,PRIMARY
TEAMSWITCH,1,2291002E:RCS0135,PAHUTE_TEAM,na,na,APPLE VALLEY,,PRIMARY
TEAMSWITCH,1,4750803E:RCS0893,PAHUTE_TEAM,na,na,APPLE VALLEY,,PRIMARY
TEAMSWITCH,1,2291019E:RCS0669,PAHUTE_TEAM,na,na,APPLE VALLEY,,PRIMARY
TEAMSWITCH,1,4135571E:RAR0761,SYMERON_TEAM,na,na,RANCHO,,PRIMARY
TEAMSWITCH,1,4735565E:RAR0257,SYMERON_TEAM,na,na,RANCHO,,PRIMARY
TEAMSWITCH,1,4404896E:RCS0030,SYMERON_TEAM,na,na,RANCHO,,PRIMARY
TEAMSWITCH,1,4042294E:RCS1154,SYMERON_TEAM,na,na,RANCHO,,PRIMARY
TEAMSWITCH,1,4714744E:RSR1219,SYMERON_TEAM,na,na,RANCHO,,PRIMARY
TEAMSWITCH,1,_02E7A2BB-F888-453B-A0E4-A78FB434831B,SYMERON_TEAM,na,na,RANCHO,,PRIMARY
TEAMSWITCH,1,2373860E:RAR7107,HOPE_TEAM,na,na,ETIWANDA,,PRIMARY
TEAMSWITCH,1,5456953:RCS4704-1,HOPE_TEAM,na,na,ETIWANDA,,PRIMARY
TEAMSWITCH,1,_30C1887B-57CC-4338-9F05-A4783CFD1A3A,HOPE_TEAM,na,na,ETIWANDA,,PRIMARY
TEAMSWITCH,1,900282E:RSR4468,DUSTY_TEAM,na,na,RIO HONDO,,PRIMARY
TEAMSWITCH,1,_F264DE39-F21C-4241-8868-7FBADDB731CC,DUSTY_TEAM,na,na,RIO HONDO,,PRIMARY
TEAMSWITCH,1,761613E:RCS4133,BLUEBERRY_TEAM,na,na,CITRUS,,PRIMARY
TEAMSWITCH,1,4365677E:RCS0713,BLUEBERRY_TEAM,na,na,CITRUS,,PRIMARY
TEAMSWITCH,1,4973244E:RSR0475,BLUEBERRY_TEAM,na,na,CITRUS,,PRIMARY
TEAMSWITCH,1,_2A326A1E-121B-4AAB-8153-DB16FE9289DF,BLUEBERRY_TEAM,na,na,CITRUS,,PRIMARY
TEAMSWITCH,1,2147471E:RAR3510,ABBEY_TEAM,na,na,BLISS,,PRIMARY
TEAMSWITCH,1,756683E:RAR3511,ABBEY_TEAM,na,na,BLISS,,PRIMARY
TEAMSWITCH,1,592059E:RCS1784,ABBEY_TEAM,na,na,BLISS,,PRIMARY
TEAMSWITCH,1,4171259E:RCS0074,ABBEY_TEAM,na,na,BLISS,,PRIMARY
TEAMSWITCH,1,1572575E:RSR1827,ABBEY_TEAM,na,na,BLISS,,PRIMARY
TEAMSWITCH,1,_58DDDF87-8994-4DEF-8489-B9053CF19E73,ABBEY_TEAM,na,na,BLISS,,PRIMARY
TEAMSWITCH,1,1161726E:RCS0554,CANDLEBERRY_TEAM,na,na,ANAVERDE,,PRIMARY
TEAMSWITCH,1,1161734E:RCS5155,CANDLEBERRY_TEAM,na,na,ANAVERDE,,PRIMARY
TEAMSWITCH,1,4099303E:RCS0905,CANDLEBERRY_TEAM,na,na,ANAVERDE,,PRIMARY
TEAMSWITCH,1,4099281E:RCS1014,CANDLEBERRY_TEAM,na,na,ANAVERDE,,PRIMARY
TEAMSWITCH,1,1875967E:RCS6449,CANDLEBERRY_TEAM,na,na,ANAVERDE,,PRIMARY
TEAMSWITCH,1,_6CE2508E-2EB7-46AE-8798-2C93F564ADD8,CANDLEBERRY_TEAM,na,na,ANAVERDE,,PRIMARY
TEAMSWITCH,1,4526191E:RCS0444,MEADOWBROOK_TEAM,na,na,CARDIFF,,PRIMARY
TEAMSWITCH,1,4424183E:RCS0529,MEADOWBROOK_TEAM,na,na,CARDIFF,,PRIMARY
TEAMSWITCH,1,62566E:RCS0613,MEADOWBROOK_TEAM,na,na,CARDIFF,,PRIMARY
TEAMSWITCH,1,5611511:RCS1820-4,MEADOWBROOK_TEAM,na,na,CARDIFF,,PRIMARY
TEAMSWITCH,1,4914058E:RSR1010,MEADOWBROOK_TEAM,na,na,CARDIFF,,PRIMARY
TEAMSWITCH,1,4916282E:RSR1009,MEADOWBROOK_TEAM,na,na,CARDIFF,,PRIMARY
TEAMSWITCH,1,_D950D42A-6FC2-4B32-825B-AB91BB8FD69E,MEADOWBROOK_TEAM,na,na,CARDIFF,,PRIMARY
TEAMSWITCH,1,4907240E:RAR2230,WINDJAMMER_TEAM,na,na,CHANNEL ISLANDS,,PRIMARY
TEAMSWITCH,1,5019663:RCS1268-4_CS,WINDJAMMER_TEAM,na,na,CHANNEL ISLANDS,,PRIMARY
TEAMSWITCH,1,4743372E:RCS3016,WINDJAMMER_TEAM,na,na,CHANNEL ISLANDS,,PRIMARY
TEAMSWITCH,1,4907241E:RSR8008,WINDJAMMER_TEAM,na,na,CHANNEL ISLANDS,,PRIMARY
TEAMSWITCH,1,1472972E:RSR1929,WINDJAMMER_TEAM,na,na,CHANNEL ISLANDS,,PRIMARY
TEAMSWITCH,1,4734972E:RSR6386,WINDJAMMER_TEAM,na,na,CHANNEL ISLANDS,,PRIMARY
TEAMSWITCH,1,1415401E:RSR2057,WINDJAMMER_TEAM,na,na,CHANNEL ISLANDS,,PRIMARY
TEAMSWITCH,1,1513391E:RSR2059,WINDJAMMER_TEAM,na,na,CHANNEL ISLANDS,,PRIMARY
TEAMSWITCH,1,_7D10DAC9-ABF3-4F7B-BA10-E881A0CE544F,WINDJAMMER_TEAM,na,na,CHANNEL ISLANDS,,PRIMARY
TEAMSWITCH,1,4425031E:RAR0069,TURNPIKE_TEAM,na,na,SANTA BARBARA,,PRIMARY
TEAMSWITCH,1,4793864E:RCS0585,TURNPIKE_TEAM,na,na,SANTA BARBARA,,PRIMARY
TEAMSWITCH,1,1371826E:RCS0354,TURNPIKE_TEAM,na,na,SANTA BARBARA,,PRIMARY
TEAMSWITCH,1,4743305E:RCS0355,TURNPIKE_TEAM,na,na,SANTA BARBARA,,PRIMARY
TEAMSWITCH,1,5031210:RCS0169-1,TURNPIKE_TEAM,na,na,SANTA BARBARA,,PRIMARY
TEAMSWITCH,1,5031585:RCS0723-4,TURNPIKE_TEAM,na,na,SANTA BARBARA,,PRIMARY
TEAMSWITCH,1,5031612:RCS0729-4,TURNPIKE_TEAM,na,na,SANTA BARBARA,,PRIMARY
TEAMSWITCH,1,2073900E:RCS0074,TURNPIKE_TEAM,na,na,SANTA BARBARA,,PRIMARY
TEAMSWITCH,1,1453404E:RSR4229,TURNPIKE_TEAM,na,na,SANTA BARBARA,,PRIMARY
TEAMSWITCH,1,_9EB62DDF-1BC9-449F-A1A7-DB7B0E0E442F,TURNPIKE_TEAM,na,na,SANTA BARBARA,,PRIMARY
TEAMSWITCH,1,_91C4BFF7-87BF-482D-91B2-EDE021E1BF5B,TURNPIKE_TEAM,na,na,SANTA BARBARA,,PRIMARY
TEAMSWITCH,1,4512169E:RCS0873,FAMOUS_TEAM,na,na,CALECTRIC,,PRIMARY
TEAMSWITCH,1,_26F6651D-862F-4E90-86EC-B0F175AFE9A7,FAMOUS_TEAM,na,na,CALECTRIC,,PRIMARY
TEAMSWITCH,1,4890579E:RAR0154,LA CUMBRE_TEAM,na,na,LA CUMBRE PT,,PRIMARY
TEAMSWITCH,1,903140E:RCS0508,LA CUMBRE_TEAM,na,na,LA CUMBRE PT,,PRIMARY
TEAMSWITCH,1,7452:LA CUMBRE P.T.-L1,LA CUMBRE_TEAM,na,na,LA CUMBRE PT,,PRIMARY
TEAMSWITCH,1,7452:LA CUMBRE P.T.-H1,LA CUMBRE_TEAM,na,na,LA CUMBRE PT,,PRIMARY
TEAMSWITCH,1,4870850E:RAR1604,ANGELINA_TEAM,na,na,VICTORIA,,PRIMARY
TEAMSWITCH,1,5148365:RCS5820-2,ANGELINA_TEAM,na,na,VICTORIA,,PRIMARY
TEAMSWITCH,1,2000028E:RCS0579,ANGELINA_TEAM,na,na,VICTORIA,,PRIMARY
TEAMSWITCH,1,1040657E:RCS0436,ANGELINA_TEAM,na,na,VICTORIA,,PRIMARY
TEAMSWITCH,1,_7BE1CFC9-9B2F-4EE3-A208-7A3C930F3419,ANGELINA_TEAM,na,na,VICTORIA,,PRIMARY
TEAMSWITCH,1,_9BEF9224-954D-4B28-929C-A0A3989A277D,BELLTOWN_TEAM,na,na,WEST RIVERSIDE,,PRIMARY
TEAMSWITCH,1,_CB6B9D52-F862-4BEA-881E-81E160CD634C,ESTATES_TEAM,na,na,REPETTO,,PRIMARY
TEAMSWITCH,1,4175110E:RCS0509,STOCKCAR_TEAM,na,na,BLOOMINGTON,,PRIMARY
TEAMSWITCH,1,2377803E:RCS0418,STOCKCAR_TEAM,na,na,BLOOMINGTON,,PRIMARY
TEAMSWITCH,1,4880085E:RCS0083,STOCKCAR_TEAM,na,na,BLOOMINGTON,,PRIMARY
TEAMSWITCH,1,4448144E:RCS2511,STOCKCAR_TEAM,na,na,BLOOMINGTON,,PRIMARY
TEAMSWITCH,1,1770470E:RCS2692,STOCKCAR_TEAM,na,na,BLOOMINGTON,,PRIMARY
TEAMSWITCH,1,2356968E:RCS0474,STOCKCAR_TEAM,na,na,BLOOMINGTON,,PRIMARY
TEAMSWITCH,1,4448114E:RCS0077,STOCKCAR_TEAM,na,na,BLOOMINGTON,,PRIMARY
TEAMSWITCH,1,4254140E:RCS2359,STOCKCAR_TEAM,na,na,BLOOMINGTON,,PRIMARY
TEAMSWITCH,1,2377807E:RSR0476,STOCKCAR_TEAM,na,na,BLOOMINGTON,,PRIMARY
TEAMSWITCH,1,_10D886EC-F03A-4B69-8EBF-2989DCCFD14F,STOCKCAR_TEAM,na,na,BLOOMINGTON,,PRIMARY
TEAMSWITCH,1,4176151E:RAR1019,KNOLLS_TEAM,na,na,RANCHO,,PRIMARY
TEAMSWITCH,1,2156984E:RCS0545,KNOLLS_TEAM,na,na,RANCHO,,PRIMARY
TEAMSWITCH,1,4234949E:RCS0016,KNOLLS_TEAM,na,na,RANCHO,,PRIMARY
TEAMSWITCH,1,_61181188-4F0F-4EF0-B4D7-3B5A73A136DD,KNOLLS_TEAM,na,na,RANCHO,,PRIMARY
TEAMSWITCH,1,1247920E:RAR7446,ESTABAN_TEAM,na,na,SOMIS,,PRIMARY
TEAMSWITCH,1,1147337E:RAR9580,ESTABAN_TEAM,na,na,SOMIS,,PRIMARY
TEAMSWITCH,1,1515511E:RCS1959,ESTABAN_TEAM,na,na,SOMIS,,PRIMARY
TEAMSWITCH,1,949257E:RCS2173,ESTABAN_TEAM,na,na,SOMIS,,PRIMARY
TEAMSWITCH,1,1147433E:RSR8012,ESTABAN_TEAM,na,na,SOMIS,,PRIMARY
TEAMSWITCH,1,_FE08E7C1-5C3A-4583-82AB-FE0FF648FB70,ESTABAN_TEAM,na,na,SOMIS,,PRIMARY
TEAMSWITCH,1,_18B39C48-6B7B-4D90-8678-24A38954DD23,ESTABAN_TEAM,na,na,SOMIS,,PRIMARY
TEAMSWITCH,1,5530072:RCS5217-1,DYNAMICS_TEAM,na,na,GENAMIC,,PRIMARY
TEAMSWITCH,1,_42DEBB04-CBCA-44E2-BB1E-6EB810C9E165,DYNAMICS_TEAM,na,na,GENAMIC,,PRIMARY
TEAMSWITCH,1,_C2EC2FB5-6E44-442B-B8E9-24D376082B11,PICKERING_TEAM,na,na,SANTA MONICA,,PRIMARY
TEAMSWITCH,1,1464096E:RAR4626,ALBATROSS_TEAM,na,na,SANTA MONICA,,PRIMARY
TEAMSWITCH,1,1335857E:RCS0650,ALBATROSS_TEAM,na,na,SANTA MONICA,,PRIMARY
TEAMSWITCH,1,1759254E:RCS0787,ALBATROSS_TEAM,na,na,SANTA MONICA,,PRIMARY
TEAMSWITCH,1,1759293E:RSR0346,ALBATROSS_TEAM,na,na,SANTA MONICA,,PRIMARY
TEAMSWITCH,1,1596660E:RSR4542,ALBATROSS_TEAM,na,na,SANTA MONICA,,PRIMARY
TEAMSWITCH,1,1408612E:RSR4625,ALBATROSS_TEAM,na,na,SANTA MONICA,,PRIMARY
TEAMSWITCH,1,4854011E:RSR4624,ALBATROSS_TEAM,na,na,SANTA MONICA,,PRIMARY
TEAMSWITCH,1,_7B50743F-A96D-439A-8B90-778DF788EA02,ALBATROSS_TEAM,na,na,SANTA MONICA,,PRIMARY
TEAMSWITCH,1,_CFBB59D5-9C9F-4B02-B2CD-6317F8DEAFCE,ALBATROSS_TEAM,na,na,SANTA MONICA,,PRIMARY
TEAMSWITCH,1,5509453:RCS2293-1,JONAGOLD_TEAM,na,na,EL CASCO,,PRIMARY
TEAMSWITCH,1,5553685:RCS0471-1,JONAGOLD_TEAM,na,na,EL CASCO,,PRIMARY
TEAMSWITCH,1,5630045:RCS1313-4_CS,JONAGOLD_TEAM,na,na,EL CASCO,,PRIMARY
TEAMSWITCH,1,_046E4AEC-7EB2-43A1-BDF5-6B1250B39C33,JONAGOLD_TEAM,na,na,EL CASCO,,PRIMARY
TEAMSWITCH,1,_D01E2410-ACCC-434B-BFCC-0398E59E2C2F,AMESTOY_TEAM,na,na,MONETA,,PRIMARY
TEAMSWITCH,1,1635229E:RCS2217,JOSTEN_TEAM,na,na,PORTERVILLE,,PRIMARY
TEAMSWITCH,1,1635236E:RCS2374,JOSTEN_TEAM,na,na,PORTERVILLE,,PRIMARY
TEAMSWITCH,1,_1B4F777B-F93E-4F18-9E4F-63D0760E5A88,JOSTEN_TEAM,na,na,PORTERVILLE,,PRIMARY
TEAMSWITCH,1,1112400E:RCS0290,WALGROVE_TEAM,na,na,MARINE,,PRIMARY
TEAMSWITCH,1,5304003:RCS1127-4,WALGROVE_TEAM,na,na,MARINE,,PRIMARY
TEAMSWITCH,1,283752M:RCS0265,WALGROVE_TEAM,na,na,MARINE,,PRIMARY
TEAMSWITCH,1,_2EC5B581-6FCC-4745-B7D3-65D551EBD538,WALGROVE_TEAM,na,na,MARINE,,PRIMARY
TEAMSWITCH,1,1823257E:RAR3935,CAMPBELL_TEAM,na,na,PORTERVILLE,,PRIMARY
TEAMSWITCH,1,1482483E:RCS0416,CAMPBELL_TEAM,na,na,PORTERVILLE,,PRIMARY
TEAMSWITCH,1,4621281E:RCS2007,CAMPBELL_TEAM,na,na,PORTERVILLE,,PRIMARY
TEAMSWITCH,1,1482494E:RCS1320,CAMPBELL_TEAM,na,na,PORTERVILLE,,PRIMARY
TEAMSWITCH,1,4621066E:RCS2787,CAMPBELL_TEAM,na,na,PORTERVILLE,,PRIMARY
TEAMSWITCH,1,1823251E:RCS2048,CAMPBELL_TEAM,na,na,PORTERVILLE,,PRIMARY
TEAMSWITCH,1,4815357E:RCS2784,CAMPBELL_TEAM,na,na,PORTERVILLE,,PRIMARY
TEAMSWITCH,1,4247678E:RSR1317,CAMPBELL_TEAM,na,na,PORTERVILLE,,PRIMARY
TEAMSWITCH,1,5653470:RCSG899-3,CAMPBELL_TEAM,na,na,PORTERVILLE,,PRIMARY
TEAMSWITCH,1,5653470:RCSG899-4,CAMPBELL_TEAM,na,na,PORTERVILLE,,PRIMARY
TEAMSWITCH,1,_10F14FEA-39E0-44AE-9681-1A88225232B5,CAMPBELL_TEAM,na,na,PORTERVILLE,,PRIMARY
TEAMSWITCH,1,65112S:RAR1161,PRAYER_TEAM,na,na,SAVAGE,,PRIMARY
TEAMSWITCH,1,4662576E:RCS0105,PRAYER_TEAM,na,na,SAVAGE,,PRIMARY
TEAMSWITCH,1,5403021:RCS1423-4,PRAYER_TEAM,na,na,SAVAGE,,PRIMARY
TEAMSWITCH,1,4042615E:RCS1178,PRAYER_TEAM,na,na,SAVAGE,,PRIMARY
TEAMSWITCH,1,5631624:RCS2888-1,PRAYER_TEAM,na,na,SAVAGE,,PRIMARY
TEAMSWITCH,1,5576704:RCS2986-1,PRAYER_TEAM,na,na,SAVAGE,,PRIMARY
TEAMSWITCH,1,_83F1E4D9-7969-4063-800D-B4E8AF29DA7B,PRAYER_TEAM,na,na,SAVAGE,,PRIMARY
TEAMSWITCH,1,_B13DF9B6-1ACF-4476-A1B9-E1D62C2598C0,GREENWELL_TEAM,na,na,ORTEGA,,PRIMARY
TEAMSWITCH,1,1344881E:RCS0803,JOHNBOY_TEAM,na,na,NEWBURY,,PRIMARY
TEAMSWITCH,1,5404292:RCS0168-2,JOHNBOY_TEAM,na,na,NEWBURY,,PRIMARY
TEAMSWITCH,1,5437639:RCS0170-1,JOHNBOY_TEAM,na,na,NEWBURY,,PRIMARY
TEAMSWITCH,1,5310648:RCS0882-2,JOHNBOY_TEAM,na,na,NEWBURY,,PRIMARY
TEAMSWITCH,1,5438151:RCSG001-3,JOHNBOY_TEAM,na,na,NEWBURY,,PRIMARY
TEAMSWITCH,1,5438151:RCSG001-4,JOHNBOY_TEAM,na,na,NEWBURY,,PRIMARY
TEAMSWITCH,1,_F1F3B162-CE0B-4DB6-A7CE-FA5C1482C43E,JOHNBOY_TEAM,na,na,NEWBURY,,PRIMARY
TEAMSWITCH,1,4041402E:RAR0317,HURST_TEAM,na,na,SAN MARCOS,,PRIMARY
TEAMSWITCH,1,4381048E:RAR0611,HURST_TEAM,na,na,SAN MARCOS,,PRIMARY
TEAMSWITCH,1,4453124E:RAR0452,HURST_TEAM,na,na,SAN MARCOS,,PRIMARY
TEAMSWITCH,1,849204E:RCS0378,HURST_TEAM,na,na,SAN MARCOS,,PRIMARY
TEAMSWITCH,1,849206E:RCS0216,HURST_TEAM,na,na,SAN MARCOS,,PRIMARY
TEAMSWITCH,1,_B6217DF3-9E7C-40FF-BD7D-E06A979A7DC2,HURST_TEAM,na,na,SAN MARCOS,,PRIMARY
TEAMSWITCH,1,_FA6BCA69-D0EF-415D-901A-89E038775AD8,JACK RABBIT_TEAM,na,na,BEAUMONT,,PRIMARY
TEAMSWITCH,1,_C65DEC0A-919B-4F0E-807E-2A35385AA689,COMMONWEALTH_TEAM,na,na,ALHAMBRA,,PRIMARY
TEAMSWITCH,1,5648846:RCS6768-5_CS,MENDOZA_TEAM,na,na,LENNOX,,PRIMARY
TEAMSWITCH,1,5741375:RCS7017-2_CS,MENDOZA_TEAM,na,na,LENNOX,,PRIMARY
TEAMSWITCH,1,_CD4715E3-5ED6-45DB-89D5-30038F2A3D3D,MENDOZA_TEAM,na,na,LENNOX,,PRIMARY
TEAMSWITCH,1,804168E:RCS2077,ARNEILL_TEAM,na,na,COLONIA,,PRIMARY
TEAMSWITCH,1,4032526E:RCS3866,ARNEILL_TEAM,na,na,COLONIA,,PRIMARY
TEAMSWITCH,1,5744175:RCSG624-2,ARNEILL_TEAM,na,na,COLONIA,,PRIMARY
TEAMSWITCH,1,2091533E:RCS2694,ARNEILL_TEAM,na,na,COLONIA,,PRIMARY
TEAMSWITCH,1,1662491E:RCS3155,ARNEILL_TEAM,na,na,COLONIA,,PRIMARY
TEAMSWITCH,1,_A6FCDEC6-16AD-49F7-A66A-C2D08252809C,ARNEILL_TEAM,na,na,COLONIA,,PRIMARY
TEAMSWITCH,1,1766067E:RCS0078,ZEBRA_TEAM,na,na,EL NIDO,,PRIMARY
TEAMSWITCH,1,4745493E:RCS1602,ZEBRA_TEAM,na,na,EL NIDO,,PRIMARY
TEAMSWITCH,1,2247966E:RSR0690,ZEBRA_TEAM,na,na,EL NIDO,,PRIMARY
TEAMSWITCH,1,_5EF52825-4909-41F2-B758-B71E7E942667,ZEBRA_TEAM,na,na,EL NIDO,,PRIMARY
TEAMSWITCH,1,_3E6C15D4-20B9-4D2D-A67B-92E18EB798C3,ZEBRA_TEAM,na,na,EL NIDO,,PRIMARY
TEAMSWITCH,1,_2F453AC7-1DCD-4A87-BF00-4269F06CAEAF,SHOAL_TEAM,na,na,CAPITAN,,PRIMARY
TEAMSWITCH,1,1082933E:RCS0561,FIRETHORN_TEAM,na,na,TORRANCE,,PRIMARY
TEAMSWITCH,1,1867334E:RCS0531,FIRETHORN_TEAM,na,na,TORRANCE,,PRIMARY
TEAMSWITCH,1,4388187E:RCS0222,FIRETHORN_TEAM,na,na,TORRANCE,,PRIMARY
TEAMSWITCH,1,5806724:RCS0264-3_CS,FIRETHORN_TEAM,na,na,TORRANCE,,PRIMARY
TEAMSWITCH,1,5806724:RCS0264-2_CS,FIRETHORN_TEAM,na,na,TORRANCE,,PRIMARY
TEAMSWITCH,1,2318626E:RSR1475,FIRETHORN_TEAM,na,na,TORRANCE,,PRIMARY
TEAMSWITCH,1,_CB4200AE-27E6-4777-B89D-B641F9E2FEBE,FIRETHORN_TEAM,na,na,TORRANCE,,PRIMARY
TEAMSWITCH,1,1516810E:RAR5082,BRENNAN_TEAM,na,na,MOORPARK,,PRIMARY
TEAMSWITCH,1,4141346E:RCS0629,BRENNAN_TEAM,na,na,MOORPARK,,PRIMARY
TEAMSWITCH,1,2115934E:RCS0811,BRENNAN_TEAM,na,na,MOORPARK,,PRIMARY
TEAMSWITCH,1,5513898:RCS9879-1,BRENNAN_TEAM,na,na,MOORPARK,,PRIMARY
TEAMSWITCH,1,5513898:RCS9879-2,BRENNAN_TEAM,na,na,MOORPARK,,PRIMARY
TEAMSWITCH,1,2115929E:RCS1728,BRENNAN_TEAM,na,na,MOORPARK,,PRIMARY
TEAMSWITCH,1,5190245:RCS0809-3_CS,BRENNAN_TEAM,na,na,MOORPARK,,PRIMARY
TEAMSWITCH,1,_FF1070DB-AD71-4DA2-B070-8C81D6E536BA,BRENNAN_TEAM,na,na,MOORPARK,,PRIMARY
TEAMSWITCH,1,_741AEC94-1381-41D2-91AB-DCEB7C7AF494,GEORGIAN_TEAM,na,na,SANTA MONICA,,PRIMARY
TEAMSWITCH,1,920589E:RAR4736,PANCAKE_TEAM,na,na,CULVER,,PRIMARY
TEAMSWITCH,1,_7DE598FA-D410-47F0-8B3A-A340D43A2556,PANCAKE_TEAM,na,na,CULVER,,PRIMARY
TEAMSWITCH,1,5753148:RCS1318-3_CS,OZARK_TEAM,na,na,EL CASCO,,PRIMARY
TEAMSWITCH,1,5630045:RCS1313-4_CS,OZARK_TEAM,na,na,EL CASCO,,PRIMARY
TEAMSWITCH,1,_2E83C9CF-FBBA-4696-ADE6-C167A1788D3C,OZARK_TEAM,na,na,EL CASCO,,PRIMARY
TEAMSWITCH,1,1345102E:RCS0051,TRUMP_TEAM,na,na,GOLETA,,PRIMARY
TEAMSWITCH,1,1345171E:RCS0613,TRUMP_TEAM,na,na,GOLETA,,PRIMARY
TEAMSWITCH,1,_4F1ADC1A-DE54-4B81-A15C-E68AF9F6F207,TRUMP_TEAM,na,na,GOLETA,,PRIMARY
TEAMSWITCH,1,_9CE9BE64-DBB9-43BB-9E13-B0C0E34A3496,BARGE_TEAM,na,na,BRIDGE,,PRIMARY
TEAMSWITCH,1,_9AEFF016-A2A8-4466-ADC1-9223002E33DD,PULLMAN_TEAM,na,na,DITMAR,,PRIMARY
TEAMSWITCH,1,4012451E:RCS1051,PORT_TEAM,na,na,DELANO,,PRIMARY
TEAMSWITCH,1,1019156E:RCS1998,PORT_TEAM,na,na,DELANO,,PRIMARY
TEAMSWITCH,1,2100273E:RCS2033,PORT_TEAM,na,na,DELANO,,PRIMARY
TEAMSWITCH,1,_B88AAC4D-B94C-49B8-81BE-8846863AB652,PORT_TEAM,na,na,DELANO,,PRIMARY
TEAMSWITCH,1,5611380:RCS1674-2,BADA_TEAM,na,na,MARASCHINO,,PRIMARY
TEAMSWITCH,1,5380371:RCSG727-1_CS,BADA_TEAM,na,na,MARASCHINO,,PRIMARY
TEAMSWITCH,1,_44BC8ABD-98A6-44E9-A192-CD11A5216964,BADA_TEAM,na,na,MARASCHINO,,PRIMARY
TEAMSWITCH,1,4262847E:RAR0408,BUCKHORN_TEAM,na,na,FILLMORE,,PRIMARY
TEAMSWITCH,1,4495725E:RAR0403,BUCKHORN_TEAM,na,na,FILLMORE,,PRIMARY
TEAMSWITCH,1,2248644E:RAR0404,BUCKHORN_TEAM,na,na,FILLMORE,,PRIMARY
TEAMSWITCH,1,901519E:RCS0538,BUCKHORN_TEAM,na,na,FILLMORE,,PRIMARY
TEAMSWITCH,1,4729151E:RCS8479,BUCKHORN_TEAM,na,na,FILLMORE,,PRIMARY
TEAMSWITCH,1,4625184E:RCS1501,BUCKHORN_TEAM,na,na,FILLMORE,,PRIMARY
TEAMSWITCH,1,799257E:RSR0225,BUCKHORN_TEAM,na,na,FILLMORE,,PRIMARY
TEAMSWITCH,1,4928242E:RSR9623,BUCKHORN_TEAM,na,na,FILLMORE,,PRIMARY
TEAMSWITCH,1,4262759E:RSR3065,BUCKHORN_TEAM,na,na,FILLMORE,,PRIMARY
TEAMSWITCH,1,_712753AB-1D5A-4AF7-9E3D-3C638BE94CDE,BUCKHORN_TEAM,na,na,FILLMORE,,PRIMARY
TEAMSWITCH,1,4723474E:RAR1940,ELMO_TEAM,na,na,BROWNING,,PRIMARY
TEAMSWITCH,1,4432122E:RCS0370,ELMO_TEAM,na,na,BROWNING,,PRIMARY
TEAMSWITCH,1,852666E:RSR1960,ELMO_TEAM,na,na,BROWNING,,PRIMARY
TEAMSWITCH,1,_E640C412-5EFD-485A-B595-FA15A2536336,ELMO_TEAM,na,na,BROWNING,,PRIMARY
TEAMSWITCH,1,_EE900F50-F3E0-42F5-AC2A-967BB54B7397,OAKWOOD_TEAM,na,na,ARCADIA,,PRIMARY
TEAMSWITCH,1,4375298E:RCS5057,ADOLFO_TEAM,na,na,CAMARILLO,,PRIMARY
TEAMSWITCH,1,5183219:RCS0028-2_CS,ADOLFO_TEAM,na,na,CAMARILLO,,PRIMARY
TEAMSWITCH,1,_C4621365-8747-4FAA-8AC8-F16775E2B5C7,ADOLFO_TEAM,na,na,CAMARILLO,,PRIMARY
TEAMSWITCH,1,1944488E:RAR1372,MADERA_TEAM,na,na,WALTERIA,,PRIMARY
TEAMSWITCH,1,_6179C24A-AD65-4DFA-A6F7-0F163ADDB1D4,MADERA_TEAM,na,na,WALTERIA,,PRIMARY
TEAMSWITCH,1,4516211E:RAR0517,HASKELL_TEAM,na,na,ARROYO,,PRIMARY
TEAMSWITCH,1,X7689E:RAR0510,HASKELL_TEAM,na,na,ARROYO,,PRIMARY
TEAMSWITCH,1,988786E:RAR4203,HASKELL_TEAM,na,na,ARROYO,,PRIMARY
TEAMSWITCH,1,4405129E:RAR0472,HASKELL_TEAM,na,na,ARROYO,,PRIMARY
TEAMSWITCH,1,4141742E:RCS0129,HASKELL_TEAM,na,na,ARROYO,,PRIMARY
TEAMSWITCH,1,4635059E:RCS1738,HASKELL_TEAM,na,na,ARROYO,,PRIMARY
TEAMSWITCH,1,4171677E:RCS1897,HASKELL_TEAM,na,na,ARROYO,,PRIMARY
TEAMSWITCH,1,5586226:RCS9969-1,HASKELL_TEAM,na,na,ARROYO,,PRIMARY
TEAMSWITCH,1,5008238:RCS0817-4,HASKELL_TEAM,na,na,ARROYO,,PRIMARY
TEAMSWITCH,1,5581433:RCS9682-3_CS,HASKELL_TEAM,na,na,ARROYO,,PRIMARY
TEAMSWITCH,1,5581433:RCS9682-2_CS,HASKELL_TEAM,na,na,ARROYO,,PRIMARY
TEAMSWITCH,1,_353959C0-F275-4246-9BD6-0EE94030E37D,HASKELL_TEAM,na,na,ARROYO,,PRIMARY
TEAMSWITCH,1,1584977E:RCS2257,ENTERPRISE_TEAM,na,na,LEVY,,PRIMARY
TEAMSWITCH,1,5338849:RCS8061-1,ENTERPRISE_TEAM,na,na,LEVY,,PRIMARY
TEAMSWITCH,1,5349416:RCS2153-2,ENTERPRISE_TEAM,na,na,LEVY,,PRIMARY
TEAMSWITCH,1,635690E:RSR1829,ENTERPRISE_TEAM,na,na,LEVY,,PRIMARY
TEAMSWITCH,1,4425316E:RSR8070,ENTERPRISE_TEAM,na,na,LEVY,,PRIMARY
TEAMSWITCH,1,1620901E:RSR2096,ENTERPRISE_TEAM,na,na,LEVY,,PRIMARY
TEAMSWITCH,1,_235A3F44-8CB9-4A9B-9525-E9268EA4B0AD,ENTERPRISE_TEAM,na,na,LEVY,,PRIMARY
TEAMSWITCH,1,4193896E:RAR2219,LASKER_TEAM,na,na,PALMDALE,,PRIMARY
TEAMSWITCH,1,4720105E:RAR1326,LASKER_TEAM,na,na,PALMDALE,,PRIMARY
TEAMSWITCH,1,1699798E:RCS0819,LASKER_TEAM,na,na,PALMDALE,,PRIMARY
TEAMSWITCH,1,_F0F1132D-F4CD-46D4-8E41-498065DB50E1,LASKER_TEAM,na,na,PALMDALE,,PRIMARY
TEAMSWITCH,1,_D2B084EB-2C72-4E7B-A3E6-34683A651E41,CHARLEVILLE_TEAM,na,na,OLYMPIC,,PRIMARY
TEAMSWITCH,1,4804669E:RCS0330,BING_TEAM,na,na,MARASCHINO,,PRIMARY
TEAMSWITCH,1,2210643E:RCS0484,BING_TEAM,na,na,MARASCHINO,,PRIMARY
TEAMSWITCH,1,5659641:RCS2756-1,BING_TEAM,na,na,MARASCHINO,,PRIMARY
TEAMSWITCH,1,_CBA4DA61-F985-4E14-BDE6-59625581F0CE,BING_TEAM,na,na,MARASCHINO,,PRIMARY
TEAMSWITCH,1,4659941E:RCS0794,RAZOR_TEAM,na,na,PALMDALE,,PRIMARY
TEAMSWITCH,1,5500067:RCS0067-4,RAZOR_TEAM,na,na,PALMDALE,,PRIMARY
TEAMSWITCH,1,5305547:RCS0281-1_CS,RAZOR_TEAM,na,na,PALMDALE,,PRIMARY
TEAMSWITCH,1,_7891CC93-BB24-467A-B683-A0FE149B2D9E,RAZOR_TEAM,na,na,PALMDALE,,PRIMARY
TEAMSWITCH,1,4503584E:RCS1259,SEGOVIA_TEAM,na,na,ROSEMEAD,,PRIMARY
TEAMSWITCH,1,1547110E:RCS1255,SEGOVIA_TEAM,na,na,ROSEMEAD,,PRIMARY
TEAMSWITCH,1,85204E:RCS1172,SEGOVIA_TEAM,na,na,ROSEMEAD,,PRIMARY
TEAMSWITCH,1,5003635:RCS0647-2,SEGOVIA_TEAM,na,na,ROSEMEAD,,PRIMARY
TEAMSWITCH,1,4671084E:RSR1480,SEGOVIA_TEAM,na,na,ROSEMEAD,,PRIMARY
TEAMSWITCH,1,_7BC8BAA8-5AD6-4B75-AC8B-E470EC3E7B4B,SEGOVIA_TEAM,na,na,ROSEMEAD,,PRIMARY
TEAMSWITCH,1,5744235:RCSG823-4,HALLMARK_TEAM,na,na,SHANDIN,,PRIMARY
TEAMSWITCH,1,_73492DB2-1F05-46E5-BB88-8D188FB44301,HALLMARK_TEAM,na,na,SHANDIN,,PRIMARY
TEAMSWITCH,1,_C2134380-6236-40C7-AAAD-53488AC35580,LA PEER_TEAM,na,na,BEVERLY,,PRIMARY
TEAMSWITCH,1,_A2E710B3-042E-494B-AAC0-0A3F9DD930E3,LA PEER_TEAM,na,na,BEVERLY,,PRIMARY
TEAMSWITCH,1,5016442:RCS0034-4,NORDIC_TEAM,na,na,SKILAND,,PRIMARY
TEAMSWITCH,1,5062629:RCS0079-1,NORDIC_TEAM,na,na,SKILAND,,PRIMARY
TEAMSWITCH,1,5062629:RCS0079-2,NORDIC_TEAM,na,na,SKILAND,,PRIMARY
TEAMSWITCH,1,5719753:RCS0477-3_CS,NORDIC_TEAM,na,na,SKILAND,,PRIMARY
TEAMSWITCH,1,_888C23C3-9520-47B8-864C-68F39A5E9465,NORDIC_TEAM,na,na,SKILAND,,PRIMARY
TEAMSWITCH,1,827482E:RCS0144,BERKLEY_TEAM,na,na,ARRO,,PRIMARY
TEAMSWITCH,1,_2D7143DB-C862-4C72-A5EE-4D50E64F5154,BERKLEY_TEAM,na,na,ARRO,,PRIMARY
TEAMSWITCH,1,4437081E:RCS0446,RUNWAY_TEAM,na,na,CULVER,,PRIMARY
TEAMSWITCH,1,1408965E:RCS0453,RUNWAY_TEAM,na,na,CULVER,,PRIMARY
TEAMSWITCH,1,_63AF2CFA-D79E-4918-AC3B-3FC75C320746,RUNWAY_TEAM,na,na,CULVER,,PRIMARY
TEAMSWITCH,1,_E9275AF0-3B17-430D-BCE3-1B34C6708632,RUNWAY_TEAM,na,na,CULVER,,PRIMARY
TEAMSWITCH,1,_B9E0B84D-B6E0-45CB-A0F6-B9ECD9FDD4B6,TIPPER_TEAM,na,na,ROADWAY,,PRIMARY
TEAMSWITCH,1,_C6BCEE81-3A37-4A75-AC0A-51CE397FBB4A,ANCHORAGE_TEAM,na,na,YUKON,,PRIMARY
TEAMSWITCH,1,_A8CD989E-C5B8-4D8B-BE07-54A32C244AE2,ANCHORAGE_TEAM,na,na,YUKON,,PRIMARY
TEAMSWITCH,1,4224866E:RCS0414,CISTERN_TEAM,na,na,AQUEDUCT,,PRIMARY
TEAMSWITCH,1,_148FC933-78E3-4122-914D-88E3DC9D238B,CISTERN_TEAM,na,na,AQUEDUCT,,PRIMARY
TEAMSWITCH,1,_E4B8D7B2-9050-49D4-8DF0-82EBB2237CD6,VILLA_TEAM,na,na,PERRY,,PRIMARY
TEAMSWITCH,1,4729774E:RAR0488,BEONE_TEAM,na,na,OASIS,,PRIMARY
TEAMSWITCH,1,1864828E:RCS0831,BEONE_TEAM,na,na,OASIS,,PRIMARY
TEAMSWITCH,1,1355652E:RCS0829,BEONE_TEAM,na,na,OASIS,,PRIMARY
TEAMSWITCH,1,1864860E:RCS1260,BEONE_TEAM,na,na,OASIS,,PRIMARY
TEAMSWITCH,1,2288002E:RCS0225,BEONE_TEAM,na,na,OASIS,,PRIMARY
TEAMSWITCH,1,_C46B8AF1-3173-48BB-B2F4-48703FFFFDED,BEONE_TEAM,na,na,OASIS,,PRIMARY
TEAMSWITCH,1,4170537E:RCS2202,KONOBIE_TEAM,na,na,SHUTTLE,,PRIMARY
TEAMSWITCH,1,5365701:RCS5701-4,KONOBIE_TEAM,na,na,SHUTTLE,,PRIMARY
TEAMSWITCH,1,5382764:RCS2764-1,KONOBIE_TEAM,na,na,SHUTTLE,,PRIMARY
TEAMSWITCH,1,_EF6E73F4-9679-4FE4-AB45-714D31061227,KONOBIE_TEAM,na,na,SHUTTLE,,PRIMARY
TEAMSWITCH,1,921721E:RAR1332,NORTH BEACH_TEAM,na,na,MANHATTAN,,PRIMARY
TEAMSWITCH,1,_95E2CC65-8707-455E-BAFB-803F9464542B,NORTH BEACH_TEAM,na,na,MANHATTAN,,PRIMARY
TEAMSWITCH,1,4131545E:RAR0980,POPPET FLATS_TEAM,na,na,CABAZON,,PRIMARY
TEAMSWITCH,1,4438147E:RCS0356,POPPET FLATS_TEAM,na,na,CABAZON,,PRIMARY
TEAMSWITCH,1,4036225E:RCS0907,POPPET FLATS_TEAM,na,na,CABAZON,,PRIMARY
TEAMSWITCH,1,1556549E:RCS0902,POPPET FLATS_TEAM,na,na,CABAZON,,PRIMARY
TEAMSWITCH,1,2228648E:RCS0990,POPPET FLATS_TEAM,na,na,CABAZON,,PRIMARY
TEAMSWITCH,1,4726548E:RCS0680,POPPET FLATS_TEAM,na,na,CABAZON,,PRIMARY
TEAMSWITCH,1,_286513F1-2E2E-4855-94DB-DB768670B6FB,POPPET FLATS_TEAM,na,na,CABAZON,,PRIMARY
TEAMSWITCH,1,_00975025-BED9-4585-B2B3-091DB9677F61,SURFRIDER_TEAM,na,na,SANTA MONICA,,PRIMARY
TEAMSWITCH,1,_3D565CC5-E0A6-4ABD-98B2-59DF736E271F,SURFRIDER_TEAM,na,na,SANTA MONICA,,PRIMARY
TEAMSWITCH,1,2202303E:RCS0363,SPEEDWAY_TEAM,na,na,DECLEZ,,PRIMARY
TEAMSWITCH,1,_D147FD26-A527-42D6-9913-7664557F27A7,SPEEDWAY_TEAM,na,na,DECLEZ,,PRIMARY
TEAMSWITCH,1,4355629E:RAR0140,GOLDPAN_TEAM,na,na,AQUEDUCT,,PRIMARY
TEAMSWITCH,1,4694640E:RAR0966,GOLDPAN_TEAM,na,na,AQUEDUCT,,PRIMARY
TEAMSWITCH,1,4527009E:RAR0001,GOLDPAN_TEAM,na,na,AQUEDUCT,,PRIMARY
TEAMSWITCH,1,4780178E:RCS0002,GOLDPAN_TEAM,na,na,AQUEDUCT,,PRIMARY
TEAMSWITCH,1,4402668E:RCS0577,GOLDPAN_TEAM,na,na,AQUEDUCT,,PRIMARY
TEAMSWITCH,1,4006309E:RCS0801,GOLDPAN_TEAM,na,na,AQUEDUCT,,PRIMARY
TEAMSWITCH,1,4776076E:RCS1111,GOLDPAN_TEAM,na,na,AQUEDUCT,,PRIMARY
TEAMSWITCH,1,4527029E:RCS0385,GOLDPAN_TEAM,na,na,AQUEDUCT,,PRIMARY
TEAMSWITCH,1,4877228E:RCS1202,GOLDPAN_TEAM,na,na,AQUEDUCT,,PRIMARY
TEAMSWITCH,1,4988220E:RCS1779,GOLDPAN_TEAM,na,na,AQUEDUCT,,PRIMARY
TEAMSWITCH,1,_EED0FC87-E380-43FD-B5A4-241BEA3520EB,GOLDPAN_TEAM,na,na,AQUEDUCT,,PRIMARY
TEAMSWITCH,1,4908532E:RAR0826,ECHO_TEAM,na,na,DEL ROSA,,PRIMARY
TEAMSWITCH,1,1198799E:RCS0525,ECHO_TEAM,na,na,DEL ROSA,,PRIMARY
TEAMSWITCH,1,4804631E:RCS0595,ECHO_TEAM,na,na,DEL ROSA,,PRIMARY
TEAMSWITCH,1,4420381E:RCS0314,ECHO_TEAM,na,na,DEL ROSA,,PRIMARY
TEAMSWITCH,1,968615E:RSR0674,ECHO_TEAM,na,na,DEL ROSA,,PRIMARY
TEAMSWITCH,1,_1A119D24-4310-49A3-907D-939D42FC46BB,ECHO_TEAM,na,na,DEL ROSA,,PRIMARY
TEAMSWITCH,1,4735672E:RCS1570,TIGRIS_TEAM,na,na,RIO HONDO,,PRIMARY
TEAMSWITCH,1,4458802E:RCS1878,TIGRIS_TEAM,na,na,RIO HONDO,,PRIMARY
TEAMSWITCH,1,4501579E:RCS1745,TIGRIS_TEAM,na,na,RIO HONDO,,PRIMARY
TEAMSWITCH,1,5463848:RCS9581-3,TIGRIS_TEAM,na,na,RIO HONDO,,PRIMARY
TEAMSWITCH,1,1567276E:RSR1767,TIGRIS_TEAM,na,na,RIO HONDO,,PRIMARY
TEAMSWITCH,1,1740880E:RSR1873,TIGRIS_TEAM,na,na,RIO HONDO,,PRIMARY
TEAMSWITCH,1,_1F539A2A-B018-47D6-8AA2-F888FBAEC555,TIGRIS_TEAM,na,na,RIO HONDO,,PRIMARY
TEAMSWITCH,1,4646321E:RCS1016,BULLPUP_TEAM,na,na,MASCOT,,PRIMARY
TEAMSWITCH,1,4921296E:RCS0982,BULLPUP_TEAM,na,na,MASCOT,,PRIMARY
TEAMSWITCH,1,4501290E:RCS3430,BULLPUP_TEAM,na,na,MASCOT,,PRIMARY
TEAMSWITCH,1,4696297E:RCS0921,BULLPUP_TEAM,na,na,MASCOT,,PRIMARY
TEAMSWITCH,1,5342247:RCS3178-1,BULLPUP_TEAM,na,na,MASCOT,,PRIMARY
TEAMSWITCH,1,_7F6ECCC7-2FAC-4F00-A20F-3D9112BF37A3,BULLPUP_TEAM,na,na,MASCOT,,PRIMARY
TEAMSWITCH,1,2377834E:RCS0122,DERBY_TEAM,na,na,COLTON,,PRIMARY
TEAMSWITCH,1,2348793E:RCS0504,DERBY_TEAM,na,na,COLTON,,PRIMARY
TEAMSWITCH,1,2377851E:RCS2676,DERBY_TEAM,na,na,COLTON,,PRIMARY
TEAMSWITCH,1,_FE130AA2-8F5B-4F75-9296-A5BFC27A190D,DERBY_TEAM,na,na,COLTON,,PRIMARY
TEAMSWITCH,1,4719573E:RAR0057,SCHMIDT_TEAM,na,na,MARASCHINO,,PRIMARY
TEAMSWITCH,1,4241102E:RAR0158,SCHMIDT_TEAM,na,na,MARASCHINO,,PRIMARY
TEAMSWITCH,1,5764870:RCS3012-4,SCHMIDT_TEAM,na,na,MARASCHINO,,PRIMARY
TEAMSWITCH,1,276507E:RCS2875,SCHMIDT_TEAM,na,na,MARASCHINO,,PRIMARY
TEAMSWITCH,1,4981609E:RSR3413,SCHMIDT_TEAM,na,na,MARASCHINO,,PRIMARY
TEAMSWITCH,1,4448402E:RSR1122,SCHMIDT_TEAM,na,na,MARASCHINO,,PRIMARY
TEAMSWITCH,1,_0D55EC56-9D61-445A-AA98-58913E9F58BD,SCHMIDT_TEAM,na,na,MARASCHINO,,PRIMARY
TEAMSWITCH,1,1229019E:RCS1248,WILLARD_TEAM,na,na,RAVENDALE,,PRIMARY
TEAMSWITCH,1,1541210E:RCS1134,WILLARD_TEAM,na,na,RAVENDALE,,PRIMARY
TEAMSWITCH,1,5585013:RCS0132-4_CS,WILLARD_TEAM,na,na,RAVENDALE,,PRIMARY
TEAMSWITCH,1,4860141E:RCS2270,WILLARD_TEAM,na,na,RAVENDALE,,PRIMARY
TEAMSWITCH,1,5585013:RCS0132-2_CS,WILLARD_TEAM,na,na,RAVENDALE,,PRIMARY
TEAMSWITCH,1,_3E66C546-2C8B-41B5-B811-FFAF44C31999,WILLARD_TEAM,na,na,RAVENDALE,,PRIMARY
TEAMSWITCH,1,_B59AD427-8141-421A-9B4F-874B6D2F376D,WILLARD_TEAM,na,na,RAVENDALE,,PRIMARY
TEAMSWITCH,1,_2ACFDBE0-AA67-45B9-9577-BA8BA39ADB66,TRISTAR_TEAM,na,na,HELIJET,,PRIMARY
TEAMSWITCH,1,4485641E:RAR0853,SERRA_TEAM,na,na,CRATER,,PRIMARY
TEAMSWITCH,1,4790888E:RCS0151,SERRA_TEAM,na,na,CRATER,,PRIMARY
TEAMSWITCH,1,4424263E:RCS1085,SERRA_TEAM,na,na,CRATER,,PRIMARY
TEAMSWITCH,1,5401389:RCS0145-2,SERRA_TEAM,na,na,CRATER,,PRIMARY
TEAMSWITCH,1,4859044E:RCS5423,SERRA_TEAM,na,na,CRATER,,PRIMARY
TEAMSWITCH,1,1920895E:RCS1532,SERRA_TEAM,na,na,CRATER,,PRIMARY
TEAMSWITCH,1,_298059F4-F4FB-4A18-AECA-DDF7298DA6CD,SERRA_TEAM,na,na,CRATER,,PRIMARY
TEAMSWITCH,1,4415701E:RCS0629,DRAGON_TEAM,na,na,SAN BERNARDINO,,PRIMARY
TEAMSWITCH,1,_17CE087F-798E-41B1-8FFE-6EC6DC295A30,DRAGON_TEAM,na,na,SAN BERNARDINO,,PRIMARY
TEAMSWITCH,1,1399052E:RCS0345,HILLFIELD_TEAM,na,na,SOLEMINT,,PRIMARY
TEAMSWITCH,1,X15510E:RCS0379,HILLFIELD_TEAM,na,na,SOLEMINT,,PRIMARY
TEAMSWITCH,1,1871676E:RCS0471,HILLFIELD_TEAM,na,na,SOLEMINT,,PRIMARY
TEAMSWITCH,1,5736452:RCS6452-3,HILLFIELD_TEAM,na,na,SOLEMINT,,PRIMARY
TEAMSWITCH,1,5736452:RCS6452-1,HILLFIELD_TEAM,na,na,SOLEMINT,,PRIMARY
TEAMSWITCH,1,1472634E:RCS3816,HILLFIELD_TEAM,na,na,SOLEMINT,,PRIMARY
TEAMSWITCH,1,4539583E:RCS0564,HILLFIELD_TEAM,na,na,SOLEMINT,,PRIMARY
TEAMSWITCH,1,_5B0F94F2-CF33-4FC1-987C-4C8202B6E9BF,HILLFIELD_TEAM,na,na,SOLEMINT,,PRIMARY
TEAMSWITCH,1,2360195E:RCS0959,PYRAMID_TEAM,na,na,SAVAGE,,PRIMARY
TEAMSWITCH,1,4288956E:RCS0622,PYRAMID_TEAM,na,na,SAVAGE,,PRIMARY
TEAMSWITCH,1,4692072E:RSR0479,PYRAMID_TEAM,na,na,SAVAGE,,PRIMARY
TEAMSWITCH,1,4774097E:RSR0489,PYRAMID_TEAM,na,na,SAVAGE,,PRIMARY
TEAMSWITCH,1,_284CD1DE-C27D-475E-BA8A-2E41E0A2AA37,PYRAMID_TEAM,na,na,SAVAGE,,PRIMARY
TEAMSWITCH,1,4458833E:RCS0221,OLANCHA_TEAM,na,na,VICTOR,,PRIMARY
TEAMSWITCH,1,5573329:RCS3079-1,OLANCHA_TEAM,na,na,VICTOR,,PRIMARY
TEAMSWITCH,1,_FE70805C-6E28-428B-8808-7867D949CBE5,OLANCHA_TEAM,na,na,VICTOR,,PRIMARY
TEAMSWITCH,1,5189177:RCS1061-4,CRESTHAVEN_TEAM,na,na,OAK PARK,,PRIMARY
TEAMSWITCH,1,5189177:RCS1061-2,CRESTHAVEN_TEAM,na,na,OAK PARK,,PRIMARY
TEAMSWITCH,1,5025023:RCS0444-3_CS,CRESTHAVEN_TEAM,na,na,OAK PARK,,PRIMARY
TEAMSWITCH,1,_ADF7A6E8-46B3-4E33-92C8-51F7A9733B6D,CRESTHAVEN_TEAM,na,na,OAK PARK,,PRIMARY
TEAMSWITCH,1,_1F5A002E-3758-4214-BF6D-741951BAEB51,CRAFTSMAN_TEAM,na,na,HOMART,,PRIMARY
TEAMSWITCH,1,4331892E:RAR0178,BOUQUET_TEAM,na,na,SOLEMINT,,PRIMARY
TEAMSWITCH,1,4826669E:RAR6669,BOUQUET_TEAM,na,na,SOLEMINT,,PRIMARY
TEAMSWITCH,1,1527303E:RAR7290,BOUQUET_TEAM,na,na,SOLEMINT,,PRIMARY
TEAMSWITCH,1,1527314E:RCS0355,BOUQUET_TEAM,na,na,SOLEMINT,,PRIMARY
TEAMSWITCH,1,1755644E:RCS0217,BOUQUET_TEAM,na,na,SOLEMINT,,PRIMARY
TEAMSWITCH,1,_31C5DD00-FA4F-4BE7-885A-E02DCD6493FD,BOUQUET_TEAM,na,na,SOLEMINT,,PRIMARY
TEAMSWITCH,1,2259827E:RCS0005,THORNBURG_TEAM,na,na,PALMDALE,,PRIMARY
TEAMSWITCH,1,907421E:RCS1905,THORNBURG_TEAM,na,na,PALMDALE,,PRIMARY
TEAMSWITCH,1,2320904E:RCS2105,THORNBURG_TEAM,na,na,PALMDALE,,PRIMARY
TEAMSWITCH,1,1295518E:RSR2078,THORNBURG_TEAM,na,na,PALMDALE,,PRIMARY
TEAMSWITCH,1,_56E9B2B5-867F-4236-A476-8CBECEFBD56F,THORNBURG_TEAM,na,na,PALMDALE,,PRIMARY
TEAMSWITCH,1,_CEF00704-3CD8-45BE-ABCC-2785B72E45E4,LAYE_TEAM,na,na,COMPRESS,,PRIMARY
TEAMSWITCH,1,5018741:RCS8477-1,WIGTON_TEAM,na,na,CAMARILLO,,PRIMARY
TEAMSWITCH,1,5182875:RCS3313-3,WIGTON_TEAM,na,na,CAMARILLO,,PRIMARY
TEAMSWITCH,1,5197946:RCS5207-1_CS,WIGTON_TEAM,na,na,CAMARILLO,,PRIMARY
TEAMSWITCH,1,_4A54AACC-E706-4859-870E-C8F5C798E594,WIGTON_TEAM,na,na,CAMARILLO,,PRIMARY
TEAMSWITCH,1,4188037E:RAR0249,LUCERNE_TEAM,na,na,PIUTE,,PRIMARY
TEAMSWITCH,1,771431E:RCS0825,LUCERNE_TEAM,na,na,PIUTE,,PRIMARY
TEAMSWITCH,1,771429E:RCS0147,LUCERNE_TEAM,na,na,PIUTE,,PRIMARY
TEAMSWITCH,1,1200716E:RCS1119,LUCERNE_TEAM,na,na,PIUTE,,PRIMARY
TEAMSWITCH,1,693135E:RCS0720,LUCERNE_TEAM,na,na,PIUTE,,PRIMARY
TEAMSWITCH,1,_D386F62C-565D-46A1-B4F8-AE02FDC00CCD,LUCERNE_TEAM,na,na,PIUTE,,PRIMARY
TEAMSWITCH,1,5583478:RCS3478-2,STARFIGHTER_TEAM,na,na,LOCKHEED,,PRIMARY
TEAMSWITCH,1,5521204:RCS1204-3,STARFIGHTER_TEAM,na,na,LOCKHEED,,PRIMARY
TEAMSWITCH,1,5465685:RCS5685-1,STARFIGHTER_TEAM,na,na,LOCKHEED,,PRIMARY
TEAMSWITCH,1,5465682:RCS5682-4_CS,STARFIGHTER_TEAM,na,na,LOCKHEED,,PRIMARY
TEAMSWITCH,1,_1C2D7848-9A00-41F7-9F35-D502AA72D458,STARFIGHTER_TEAM,na,na,LOCKHEED,,PRIMARY
TEAMSWITCH,1,4874343E:RCS0036,RUTHELLEN_TEAM,na,na,BRIGHTON,,PRIMARY
TEAMSWITCH,1,4708412E:RSR0538,RUTHELLEN_TEAM,na,na,BRIGHTON,,PRIMARY
TEAMSWITCH,1,2053867E:RSR0225,RUTHELLEN_TEAM,na,na,BRIGHTON,,PRIMARY
TEAMSWITCH,1,4121271E:RSR1346,RUTHELLEN_TEAM,na,na,BRIGHTON,,PRIMARY
TEAMSWITCH,1,1158924E:RSR0540,RUTHELLEN_TEAM,na,na,BRIGHTON,,PRIMARY
TEAMSWITCH,1,950330E:RSR0539,RUTHELLEN_TEAM,na,na,BRIGHTON,,PRIMARY
TEAMSWITCH,1,_9438C0E0-34E6-490F-8378-0FF5DC9F8ED2,RUTHELLEN_TEAM,na,na,BRIGHTON,,PRIMARY
TEAMSWITCH,1,_65F0929E-29B6-44E9-B9B7-E756C57D6D6D,LIDUMS_TEAM,na,na,INGLEWOOD,,PRIMARY
TEAMSWITCH,1,_2D8EB1F8-4AE9-4F0A-A440-4863548AE5AE,STEWART_TEAM,na,na,BEAUMONT,,PRIMARY
TEAMSWITCH,1,1713209E:RAR0779,MAGUIRE_TEAM,na,na,LATIGO,,PRIMARY
TEAMSWITCH,1,798268E:RAR0117,MAGUIRE_TEAM,na,na,LATIGO,,PRIMARY
TEAMSWITCH,1,2114430E:RCS0205,MAGUIRE_TEAM,na,na,LATIGO,,PRIMARY
TEAMSWITCH,1,4425302E:RCS0638,MAGUIRE_TEAM,na,na,LATIGO,,PRIMARY
TEAMSWITCH,1,_CFB5494B-F947-47D2-AEB4-0EDF4F63479C,MAGUIRE_TEAM,na,na,LATIGO,,PRIMARY
TEAMSWITCH,1,_4492FE7C-91D8-4675-96AD-9D2516212351,OZONE_TEAM,na,na,MANHATTAN,,PRIMARY
TEAMSWITCH,1,2294275E:RAR0079,HUGHES LAKE_TEAM,na,na,DEL SUR,,PRIMARY
TEAMSWITCH,1,1586757E:RAR0121,HUGHES LAKE_TEAM,na,na,DEL SUR,,PRIMARY
TEAMSWITCH,1,2199995E:RAR0442,HUGHES LAKE_TEAM,na,na,DEL SUR,,PRIMARY
TEAMSWITCH,1,2199994E:RAR1546,HUGHES LAKE_TEAM,na,na,DEL SUR,,PRIMARY
TEAMSWITCH,1,918096E:RAR0392,HUGHES LAKE_TEAM,na,na,DEL SUR,,PRIMARY
TEAMSWITCH,1,2199990E:RAR1495,HUGHES LAKE_TEAM,na,na,DEL SUR,,PRIMARY
TEAMSWITCH,1,1218537E:RAR0335,HUGHES LAKE_TEAM,na,na,DEL SUR,,PRIMARY
TEAMSWITCH,1,916189E:RCS0287,HUGHES LAKE_TEAM,na,na,DEL SUR,,PRIMARY
TEAMSWITCH,1,4313641E:RCS1109,HUGHES LAKE_TEAM,na,na,DEL SUR,,PRIMARY
TEAMSWITCH,1,4704374E:RCS1110,HUGHES LAKE_TEAM,na,na,DEL SUR,,PRIMARY
TEAMSWITCH,1,1847249E:RCS0812,HUGHES LAKE_TEAM,na,na,DEL SUR,,PRIMARY
TEAMSWITCH,1,4203112E:RCS1111,HUGHES LAKE_TEAM,na,na,DEL SUR,,PRIMARY
TEAMSWITCH,1,4432469E:RCS0811,HUGHES LAKE_TEAM,na,na,DEL SUR,,PRIMARY
TEAMSWITCH,1,4594634E:RCS0284,HUGHES LAKE_TEAM,na,na,DEL SUR,,PRIMARY
TEAMSWITCH,1,4777816E:RCS0021,HUGHES LAKE_TEAM,na,na,DEL SUR,,PRIMARY
TEAMSWITCH,1,568061E:RCS1399,HUGHES LAKE_TEAM,na,na,DEL SUR,,PRIMARY
TEAMSWITCH,1,2175731E:RCS1265,HUGHES LAKE_TEAM,na,na,DEL SUR,,PRIMARY
TEAMSWITCH,1,4651419E:RCS0277,HUGHES LAKE_TEAM,na,na,DEL SUR,,PRIMARY
TEAMSWITCH,1,5634519:RCSG202-1_CS,HUGHES LAKE_TEAM,na,na,DEL SUR,,PRIMARY
TEAMSWITCH,1,1559878E:RSR0137,HUGHES LAKE_TEAM,na,na,DEL SUR,,PRIMARY
TEAMSWITCH,1,4601870E:RSR0385,HUGHES LAKE_TEAM,na,na,DEL SUR,,PRIMARY
TEAMSWITCH,1,_8FCE3448-360C-4162-BEDC-030901186065,HUGHES LAKE_TEAM,na,na,DEL SUR,,PRIMARY
TEAMSWITCH,1,4698667E:RCS0248,PUMALO_TEAM,na,na,DEL ROSA,,PRIMARY
TEAMSWITCH,1,5159590:RCS1352-1,PUMALO_TEAM,na,na,DEL ROSA,,PRIMARY
TEAMSWITCH,1,1672649E:RCS0156,PUMALO_TEAM,na,na,DEL ROSA,,PRIMARY
TEAMSWITCH,1,1286167E:RCS0205,PUMALO_TEAM,na,na,DEL ROSA,,PRIMARY
TEAMSWITCH,1,688001E:RCS0424,PUMALO_TEAM,na,na,DEL ROSA,,PRIMARY
TEAMSWITCH,1,5014617:RCS1280-2_CS,PUMALO_TEAM,na,na,DEL ROSA,,PRIMARY
TEAMSWITCH,1,968615E:RSR0674,PUMALO_TEAM,na,na,DEL ROSA,,PRIMARY
TEAMSWITCH,1,_39B2E024-3B67-4562-885D-67F486B0FF87,PUMALO_TEAM,na,na,DEL ROSA,,PRIMARY
TEAMSWITCH,1,2032405E:RCS0440,HOPPER_TEAM,na,na,BLOOMINGTON,,PRIMARY
TEAMSWITCH,1,4586198E:RCS0730,HOPPER_TEAM,na,na,BLOOMINGTON,,PRIMARY
TEAMSWITCH,1,2377803E:RCS0418,HOPPER_TEAM,na,na,BLOOMINGTON,,PRIMARY
TEAMSWITCH,1,4791114E:RCS2407,HOPPER_TEAM,na,na,BLOOMINGTON,,PRIMARY
TEAMSWITCH,1,5011249:RCS1474-2,HOPPER_TEAM,na,na,BLOOMINGTON,,PRIMARY
TEAMSWITCH,1,5011248:RCS1471-1,HOPPER_TEAM,na,na,BLOOMINGTON,,PRIMARY
TEAMSWITCH,1,4880085E:RCS0083,HOPPER_TEAM,na,na,BLOOMINGTON,,PRIMARY
TEAMSWITCH,1,2082714E:RCS2510,HOPPER_TEAM,na,na,BLOOMINGTON,,PRIMARY
TEAMSWITCH,1,1770470E:RCS2692,HOPPER_TEAM,na,na,BLOOMINGTON,,PRIMARY
TEAMSWITCH,1,4561787E:RCS0356,HOPPER_TEAM,na,na,BLOOMINGTON,,PRIMARY
TEAMSWITCH,1,290707E:RSR1369,HOPPER_TEAM,na,na,BLOOMINGTON,,PRIMARY
TEAMSWITCH,1,_CE1F9D19-590C-4622-BA19-75DAFEB0E1A3,HOPPER_TEAM,na,na,BLOOMINGTON,,PRIMARY
TEAMSWITCH,1,4913033E:RCS5198,PATRIOT_TEAM,na,na,NEWBURY,,PRIMARY
TEAMSWITCH,1,5618717:RCS8717-1,PATRIOT_TEAM,na,na,NEWBURY,,PRIMARY
TEAMSWITCH,1,5310648:RCS0882-2,PATRIOT_TEAM,na,na,NEWBURY,,PRIMARY
TEAMSWITCH,1,5027093:RCS0298-3_CS,PATRIOT_TEAM,na,na,NEWBURY,,PRIMARY
TEAMSWITCH,1,5458696:RCS8364-5_CS,PATRIOT_TEAM,na,na,NEWBURY,,PRIMARY
TEAMSWITCH,1,5026752:RCS4025-1_CS,PATRIOT_TEAM,na,na,NEWBURY,,PRIMARY
TEAMSWITCH,1,5642526:RCS1677-1_CS,PATRIOT_TEAM,na,na,NEWBURY,,PRIMARY
TEAMSWITCH,1,4874619E:RSR1192,PATRIOT_TEAM,na,na,NEWBURY,,PRIMARY
TEAMSWITCH,1,_0EA55F77-F90E-4F99-8FBD-02EEA2DE2608,PATRIOT_TEAM,na,na,NEWBURY,,PRIMARY
TEAMSWITCH,1,1115471E:RCS0538,SLOVER_TEAM,na,na,BLOOMINGTON,,PRIMARY
TEAMSWITCH,1,2310186E:RCS2017,SLOVER_TEAM,na,na,BLOOMINGTON,,PRIMARY
TEAMSWITCH,1,2305131E:RCS2478,SLOVER_TEAM,na,na,BLOOMINGTON,,PRIMARY
TEAMSWITCH,1,4254140E:RCS2359,SLOVER_TEAM,na,na,BLOOMINGTON,,PRIMARY
TEAMSWITCH,1,1986242E:RSR0274,SLOVER_TEAM,na,na,BLOOMINGTON,,PRIMARY
TEAMSWITCH,1,2254053E:RSR2002,SLOVER_TEAM,na,na,BLOOMINGTON,,PRIMARY
TEAMSWITCH,1,_B7153440-2B42-40A8-A6DC-36145BD6C02D,SLOVER_TEAM,na,na,BLOOMINGTON,,PRIMARY
TEAMSWITCH,1,_2967F5E9-9AF9-47AA-BE05-C6C6A0E8201B,EISENMANN_TEAM,na,na,MOBILOIL,,PRIMARY
TEAMSWITCH,1,1239932E:RCS0198,SHASTA_TEAM,na,na,TENNESSEE,,PRIMARY
TEAMSWITCH,1,4241915E:RCS0226,SHASTA_TEAM,na,na,TENNESSEE,,PRIMARY
TEAMSWITCH,1,4088785E:RCS0565,SHASTA_TEAM,na,na,TENNESSEE,,PRIMARY
TEAMSWITCH,1,1239820E:RCS0562,SHASTA_TEAM,na,na,TENNESSEE,,PRIMARY
TEAMSWITCH,1,5776071:RCSG259-3,SHASTA_TEAM,na,na,TENNESSEE,,PRIMARY
TEAMSWITCH,1,4241914E:RCS0646,SHASTA_TEAM,na,na,TENNESSEE,,PRIMARY
TEAMSWITCH,1,727397E:RCS0457,SHASTA_TEAM,na,na,TENNESSEE,,PRIMARY
TEAMSWITCH,1,4246636E:RSR3226,SHASTA_TEAM,na,na,TENNESSEE,,PRIMARY
TEAMSWITCH,1,1239867E:RSR3227,SHASTA_TEAM,na,na,TENNESSEE,,PRIMARY
TEAMSWITCH,1,4246632E:RSR1133,SHASTA_TEAM,na,na,TENNESSEE,,PRIMARY
TEAMSWITCH,1,_626BA063-28E4-4758-95AA-CE3EF88E6564,SHASTA_TEAM,na,na,TENNESSEE,,PRIMARY
TEAMSWITCH,1,945697E:RCS0029,DOMINGUEZ_TEAM,na,na,LA FRESA,,PRIMARY
TEAMSWITCH,1,4711343E:RCS0071,DOMINGUEZ_TEAM,na,na,LA FRESA,,PRIMARY
TEAMSWITCH,1,350426E:RCS0277,DOMINGUEZ_TEAM,na,na,LA FRESA,,PRIMARY
TEAMSWITCH,1,5444724:RCS5834-2,DOMINGUEZ_TEAM,na,na,LA FRESA,,PRIMARY
TEAMSWITCH,1,_014A8DFD-BF06-4805-88BA-54EA47D5BF5E,DOMINGUEZ_TEAM,na,na,LA FRESA,,PRIMARY
TEAMSWITCH,1,_712BA1B9-B64F-4A7C-9AA5-BF0C3D633594,DOMINGUEZ_TEAM,na,na,LA FRESA,,PRIMARY
TEAMSWITCH,1,5374359:RCS4359-1,MENTRY_TEAM,na,na,NEWHALL,,PRIMARY
TEAMSWITCH,1,5374359:RCS4359-2,MENTRY_TEAM,na,na,NEWHALL,,PRIMARY
TEAMSWITCH,1,5333783:RCS3783-1,MENTRY_TEAM,na,na,NEWHALL,,PRIMARY
TEAMSWITCH,1,5367424:RCS7424-2,MENTRY_TEAM,na,na,NEWHALL,,PRIMARY
TEAMSWITCH,1,_2F10CD7A-D43D-49FE-9DE1-E1CBCEF5863A,MENTRY_TEAM,na,na,NEWHALL,,PRIMARY
TEAMSWITCH,1,4697933E:RAR0837,ROCKET TOWN_TEAM,na,na,DOWNS,,PRIMARY
TEAMSWITCH,1,2055249E:RAR0008,ROCKET TOWN_TEAM,na,na,DOWNS,,PRIMARY
TEAMSWITCH,1,4531665E:RCS0355,ROCKET TOWN_TEAM,na,na,DOWNS,,PRIMARY
TEAMSWITCH,1,4531664E:RCS0386,ROCKET TOWN_TEAM,na,na,DOWNS,,PRIMARY
TEAMSWITCH,1,5340414:RCS0614-3,ROCKET TOWN_TEAM,na,na,DOWNS,,PRIMARY
TEAMSWITCH,1,4175807E:RSR0046,ROCKET TOWN_TEAM,na,na,DOWNS,,PRIMARY
TEAMSWITCH,1,4840629E:RSR0897,ROCKET TOWN_TEAM,na,na,DOWNS,,PRIMARY
TEAMSWITCH,1,4871076E:RSR1010,ROCKET TOWN_TEAM,na,na,DOWNS,,PRIMARY
TEAMSWITCH,1,4871054E:RSR1009,ROCKET TOWN_TEAM,na,na,DOWNS,,PRIMARY
TEAMSWITCH,1,1924218E:RSR0984,ROCKET TOWN_TEAM,na,na,DOWNS,,PRIMARY
TEAMSWITCH,1,_4CE0ED25-366F-4C0D-9ED5-58B9E9BEFFD8,ROCKET TOWN_TEAM,na,na,DOWNS,,PRIMARY
TEAMSWITCH,1,_627F99B0-0E60-453A-9D20-45CBC7B4E66F,MAJOR_TEAM,na,na,PALOS VERDES,,PRIMARY
TEAMSWITCH,1,1798323E:RCS0561,DEVILS GATE_TEAM,na,na,ARROYO,,PRIMARY
TEAMSWITCH,1,770467E:RCS0606,DEVILS GATE_TEAM,na,na,ARROYO,,PRIMARY
TEAMSWITCH,1,1735210E:RCS0565,DEVILS GATE_TEAM,na,na,ARROYO,,PRIMARY
TEAMSWITCH,1,5306896:RCS0286-1,DEVILS GATE_TEAM,na,na,ARROYO,,PRIMARY
TEAMSWITCH,1,5008238:RCS0817-4,DEVILS GATE_TEAM,na,na,ARROYO,,PRIMARY
TEAMSWITCH,1,4969676E:RSR4117,DEVILS GATE_TEAM,na,na,ARROYO,,PRIMARY
TEAMSWITCH,1,_8DE14A46-5DCA-4A59-8E66-75A4EC120B77,DEVILS GATE_TEAM,na,na,ARROYO,,PRIMARY
TEAMSWITCH,1,1216650E:RCS0562,CENTURION_TEAM,na,na,HASKELL,,PRIMARY
TEAMSWITCH,1,5334116:RCS4116-1,CENTURION_TEAM,na,na,HASKELL,,PRIMARY
TEAMSWITCH,1,5137815:RCS5443-1,CENTURION_TEAM,na,na,HASKELL,,PRIMARY
TEAMSWITCH,1,5500048:RCS9923-4,CENTURION_TEAM,na,na,HASKELL,,PRIMARY
TEAMSWITCH,1,5500044:RCS0044-1_CS,CENTURION_TEAM,na,na,HASKELL,,PRIMARY
TEAMSWITCH,1,5500044:RCS0044-4_CS,CENTURION_TEAM,na,na,HASKELL,,PRIMARY
TEAMSWITCH,1,_C296E8E9-E0D3-49E9-B408-F8CAAFC9EE31,CENTURION_TEAM,na,na,HASKELL,,PRIMARY
TEAMSWITCH,1,4457106E:RCS0266,BRYANT_TEAM,na,na,LA FRESA,,PRIMARY
TEAMSWITCH,1,4456976E:RCS0199,BRYANT_TEAM,na,na,LA FRESA,,PRIMARY
TEAMSWITCH,1,1629087E:RCS1430,BRYANT_TEAM,na,na,LA FRESA,,PRIMARY
TEAMSWITCH,1,_99B34A1D-AA1C-41B6-8189-F7693984A75C,BRYANT_TEAM,na,na,LA FRESA,,PRIMARY
TEAMSWITCH,1,_6BAEAC2A-5B4B-4322-AD91-3642BDF1ABFD,BRYANT_TEAM,na,na,LA FRESA,,PRIMARY
TEAMSWITCH,1,4530083E:RCS0713,HOSPAT_TEAM,na,na,DEL ROSA,,PRIMARY
TEAMSWITCH,1,_2E83A2A0-083E-42DD-8379-468C0DAA2D39,HOSPAT_TEAM,na,na,DEL ROSA,,PRIMARY
TEAMSWITCH,1,2121498E:RAR0802,PLACID_TEAM,na,na,TIMOTEO,,PRIMARY
TEAMSWITCH,1,2254314E:RAR0804,PLACID_TEAM,na,na,TIMOTEO,,PRIMARY
TEAMSWITCH,1,1420535E:RCS0407,PLACID_TEAM,na,na,TIMOTEO,,PRIMARY
TEAMSWITCH,1,1420532E:RCS0323,PLACID_TEAM,na,na,TIMOTEO,,PRIMARY
TEAMSWITCH,1,1262155E:RCS0399,PLACID_TEAM,na,na,TIMOTEO,,PRIMARY
TEAMSWITCH,1,5611590:RCS1710-2,PLACID_TEAM,na,na,TIMOTEO,,PRIMARY
TEAMSWITCH,1,5536275:RCS1335-4,PLACID_TEAM,na,na,TIMOTEO,,PRIMARY
TEAMSWITCH,1,4409324E:RCS0978,PLACID_TEAM,na,na,TIMOTEO,,PRIMARY
TEAMSWITCH,1,2072679E:RCS1091,PLACID_TEAM,na,na,TIMOTEO,,PRIMARY
TEAMSWITCH,1,1420543E:RSR0975,PLACID_TEAM,na,na,TIMOTEO,,PRIMARY
TEAMSWITCH,1,1420553E:RSR0380,PLACID_TEAM,na,na,TIMOTEO,,PRIMARY
TEAMSWITCH,1,_426D2510-6751-42EF-8367-A476792194E6,PLACID_TEAM,na,na,TIMOTEO,,PRIMARY
TEAMSWITCH,1,1423898E:RCS1973,JULIUS_TEAM,na,na,HASKELL,,PRIMARY
TEAMSWITCH,1,2265596E:RCS3940,JULIUS_TEAM,na,na,HASKELL,,PRIMARY
TEAMSWITCH,1,5515270:RCS5270-3,JULIUS_TEAM,na,na,HASKELL,,PRIMARY
TEAMSWITCH,1,2321885E:RCS0382,JULIUS_TEAM,na,na,HASKELL,,PRIMARY
TEAMSWITCH,1,5515271:RCS0218-1,JULIUS_TEAM,na,na,HASKELL,,PRIMARY
TEAMSWITCH,1,_5554B175-5DBA-492F-9AD7-2E7E4FDC03A1,JULIUS_TEAM,na,na,HASKELL,,PRIMARY
TEAMSWITCH,1,4968603E:RAR3142,ETTING_TEAM,na,na,LEVY,,PRIMARY
TEAMSWITCH,1,1513430E:RCS1957,ETTING_TEAM,na,na,LEVY,,PRIMARY
TEAMSWITCH,1,1513444E:RCS1767,ETTING_TEAM,na,na,LEVY,,PRIMARY
TEAMSWITCH,1,4488173E:RCS0250,ETTING_TEAM,na,na,LEVY,,PRIMARY
TEAMSWITCH,1,_471D2979-8B46-4E2E-BE1B-AA3DC84E5771,ETTING_TEAM,na,na,LEVY,,PRIMARY
TEAMSWITCH,1,4115051E:RAR0541,JENKS LAKE_TEAM,na,na,CONVERSE FLATS,,PRIMARY
TEAMSWITCH,1,4918906E:RAR3068,JENKS LAKE_TEAM,na,na,CONVERSE FLATS,,PRIMARY
TEAMSWITCH,1,4960805E:RCS0505,JENKS LAKE_TEAM,na,na,CONVERSE FLATS,,PRIMARY
TEAMSWITCH,1,4913424E:RCS0504,JENKS LAKE_TEAM,na,na,CONVERSE FLATS,,PRIMARY
TEAMSWITCH,1,4773621E:RCS0532,JENKS LAKE_TEAM,na,na,CONVERSE FLATS,,PRIMARY
TEAMSWITCH,1,4773620E:RCS0530,JENKS LAKE_TEAM,na,na,CONVERSE FLATS,,PRIMARY
TEAMSWITCH,1,1609683E:RCS1182,JENKS LAKE_TEAM,na,na,CONVERSE FLATS,,PRIMARY
TEAMSWITCH,1,1587446E:RCS8860,RHODA_TEAM,na,na,CRATER,,PRIMARY
TEAMSWITCH,1,5314579:RCS1158-2,RHODA_TEAM,na,na,CRATER,,PRIMARY
TEAMSWITCH,1,_C40B8D73-E68C-44AA-AAAF-11AA92688EB0,RHODA_TEAM,na,na,CRATER,,PRIMARY
TEAMSWITCH,1,4385914E:RAR0267,PATRICIA_TEAM,na,na,OJAI,,PRIMARY
TEAMSWITCH,1,4744108E:RAR5140,PATRICIA_TEAM,na,na,OJAI,,PRIMARY
TEAMSWITCH,1,2096816E:RAR0360,PATRICIA_TEAM,na,na,OJAI,,PRIMARY
TEAMSWITCH,1,4607682E:RCS5175,PATRICIA_TEAM,na,na,OJAI,,PRIMARY
TEAMSWITCH,1,4660570E:RCS0283,PATRICIA_TEAM,na,na,OJAI,,PRIMARY
TEAMSWITCH,1,4431599E:RSR0382,PATRICIA_TEAM,na,na,OJAI,,PRIMARY
TEAMSWITCH,1,4643397E:RSR8011,PATRICIA_TEAM,na,na,OJAI,,PRIMARY
TEAMSWITCH,1,1255834E:RSR7364,PATRICIA_TEAM,na,na,OJAI,,PRIMARY
TEAMSWITCH,1,_F62777C3-4DE8-4351-9310-7B9728AF1F2A,PATRICIA_TEAM,na,na,OJAI,,PRIMARY
TEAMSWITCH,1,_4669668F-8CFD-42BE-80A2-EF635E845095,KENMORE_TEAM,na,na,NEWMARK,,PRIMARY
TEAMSWITCH,1,5189781:RCS0902-2,BUCKNER_TEAM,na,na,ROYAL,,PRIMARY
TEAMSWITCH,1,5189781:RCS0902-4,BUCKNER_TEAM,na,na,ROYAL,,PRIMARY
TEAMSWITCH,1,5189773:RCS0820-2,BUCKNER_TEAM,na,na,ROYAL,,PRIMARY
TEAMSWITCH,1,_117064E4-9767-406D-90E9-578A45F510E6,BUCKNER_TEAM,na,na,ROYAL,,PRIMARY
TEAMSWITCH,1,276507E:RCS2875,JUBILEE_TEAM,na,na,MARASCHINO,,PRIMARY
TEAMSWITCH,1,_B7F2BEB6-1CE3-4CDB-8353-34B5BA52046B,JUBILEE_TEAM,na,na,MARASCHINO,,PRIMARY
TEAMSWITCH,1,2116283E:RCS0070,BRAND_TEAM,na,na,SANTA SUSANA,,PRIMARY
TEAMSWITCH,1,4141418E:RCS0332,BRAND_TEAM,na,na,SANTA SUSANA,,PRIMARY
TEAMSWITCH,1,5026481:RCS8225-1,BRAND_TEAM,na,na,SANTA SUSANA,,PRIMARY
TEAMSWITCH,1,_B742DD75-0481-49A2-B1A4-F821F95B9BFF,BRAND_TEAM,na,na,SANTA SUSANA,,PRIMARY
TEAMSWITCH,1,_612ECDA9-5018-470E-B41E-C68E06B25E5A,BRAND_TEAM,na,na,SANTA SUSANA,,PRIMARY
TEAMSWITCH,1,770608E:RCS4427,STEVENS_TEAM,na,na,CULVER,,PRIMARY
TEAMSWITCH,1,_B3B2E276-AD38-495E-A302-174CFB24FDC0,STEVENS_TEAM,na,na,CULVER,,PRIMARY
TEAMSWITCH,1,_541E391A-D260-41F6-A3F3-6D831BA27497,TANK FARM 5_TEAM,na,na,COMPRESS,,PRIMARY
TEAMSWITCH,1,5309804:RCS5755-1,HASTY_TEAM,na,na,RANDALL,,PRIMARY
TEAMSWITCH,1,5309815:RCS4146-4_CS,HASTY_TEAM,na,na,RANDALL,,PRIMARY
TEAMSWITCH,1,5507935:RCS5200-1,HASTY_TEAM,na,na,RANDALL,,PRIMARY
TEAMSWITCH,1,_3D158E16-B3B6-482A-A461-3CDE188D816E,HASTY_TEAM,na,na,RANDALL,,PRIMARY
TEAMSWITCH,1,1041727E:RCS0062,SPILLWAY_TEAM,na,na,RIO HONDO,,PRIMARY
TEAMSWITCH,1,126873E:RCS0271,SPILLWAY_TEAM,na,na,RIO HONDO,,PRIMARY
TEAMSWITCH,1,1429803E:RCS0078,SPILLWAY_TEAM,na,na,RIO HONDO,,PRIMARY
TEAMSWITCH,1,_0E3E7748-B3E6-4811-A041-6708EC8A777E,SPILLWAY_TEAM,na,na,RIO HONDO,,PRIMARY
TEAMSWITCH,1,1308639E:RCS0401,MCEWAN_TEAM,na,na,MARINE,,PRIMARY
TEAMSWITCH,1,5304044:RCS1217-4,MCEWAN_TEAM,na,na,MARINE,,PRIMARY
TEAMSWITCH,1,5037302:RCS4434-1,MCEWAN_TEAM,na,na,MARINE,,PRIMARY
TEAMSWITCH,1,1277063E:RSR0669,MCEWAN_TEAM,na,na,MARINE,,PRIMARY
TEAMSWITCH,1,_2AC24D2D-595D-444F-A014-A16CDA7B9B94,MCEWAN_TEAM,na,na,MARINE,,PRIMARY
TEAMSWITCH,1,_8679A362-7BF2-4733-B7A0-80FFFB425D42,DELID_TEAM,na,na,MONETA,,PRIMARY
TEAMSWITCH,1,_11BEC446-84A7-46C8-8335-5585E5CD5B92,TROTTER_TEAM,na,na,RAVENDALE,,PRIMARY
TEAMSWITCH,1,_B295605E-8B88-454C-A816-602BB7329A78,TROTTER_TEAM,na,na,RAVENDALE,,PRIMARY
TEAMSWITCH,1,5057170:RCS6082-1,CARNELIAN_TEAM,na,na,VICTORIA,,PRIMARY
TEAMSWITCH,1,5054011:RCS4425-3,CARNELIAN_TEAM,na,na,VICTORIA,,PRIMARY
TEAMSWITCH,1,5057271:RCS4363-4,CARNELIAN_TEAM,na,na,VICTORIA,,PRIMARY
TEAMSWITCH,1,5057269:RCS4384-1,CARNELIAN_TEAM,na,na,VICTORIA,,PRIMARY
TEAMSWITCH,1,5057269:RCS4384-4,CARNELIAN_TEAM,na,na,VICTORIA,,PRIMARY
TEAMSWITCH,1,5057171:RCS4343-1,CARNELIAN_TEAM,na,na,VICTORIA,,PRIMARY
TEAMSWITCH,1,5054896:RCS5636-2,CARNELIAN_TEAM,na,na,VICTORIA,,PRIMARY
TEAMSWITCH,1,5054896:RCS5636-3,CARNELIAN_TEAM,na,na,VICTORIA,,PRIMARY
TEAMSWITCH,1,5054980:RCS4361-2_CS,CARNELIAN_TEAM,na,na,VICTORIA,,PRIMARY
TEAMSWITCH,1,5054865:RCS4617-4_CS,CARNELIAN_TEAM,na,na,VICTORIA,,PRIMARY
TEAMSWITCH,1,_35D5A7CF-B4E2-4624-85F0-82C3B9C4F7D1,CARNELIAN_TEAM,na,na,VICTORIA,,PRIMARY
TEAMSWITCH,1,4663942E:RCS0800,PERSHING_TEAM,na,na,ARRO,,PRIMARY
TEAMSWITCH,1,_894FD9AE-4BB4-4241-89F4-4B6AE525A8AB,PERSHING_TEAM,na,na,ARRO,,PRIMARY
TEAMSWITCH,1,4556900E:RCS0325,RANIER_TEAM,na,na,MARASCHINO,,PRIMARY
TEAMSWITCH,1,4420747E:RCS0729,RANIER_TEAM,na,na,MARASCHINO,,PRIMARY
TEAMSWITCH,1,4554785E:RSR1124,RANIER_TEAM,na,na,MARASCHINO,,PRIMARY
TEAMSWITCH,1,_596CBAD5-0A4C-41ED-A954-C59625A90F8F,RANIER_TEAM,na,na,MARASCHINO,,PRIMARY
TEAMSWITCH,1,2367268E:RCS3527,LEONA_TEAM,na,na,ANAVERDE,,PRIMARY
TEAMSWITCH,1,1161734E:RCS5155,LEONA_TEAM,na,na,ANAVERDE,,PRIMARY
TEAMSWITCH,1,5395276:RCS5276-2,LEONA_TEAM,na,na,ANAVERDE,,PRIMARY
TEAMSWITCH,1,5354051:RCS3969-1_CS,LEONA_TEAM,na,na,ANAVERDE,,PRIMARY
TEAMSWITCH,1,_B8D0805F-62EC-4E50-AD41-DDCF4E95D9BF,LEONA_TEAM,na,na,ANAVERDE,,PRIMARY
TEAMSWITCH,1,4356835E:RAR0470,CASSIDY_TEAM,na,na,SANTA SUSANA,,PRIMARY
TEAMSWITCH,1,1401244E:RCS0499,CASSIDY_TEAM,na,na,SANTA SUSANA,,PRIMARY
TEAMSWITCH,1,1336125E:RCS0203,CASSIDY_TEAM,na,na,SANTA SUSANA,,PRIMARY
TEAMSWITCH,1,5336517:RCS1246-2,CASSIDY_TEAM,na,na,SANTA SUSANA,,PRIMARY
TEAMSWITCH,1,5382564:RCS1348-4,CASSIDY_TEAM,na,na,SANTA SUSANA,,PRIMARY
TEAMSWITCH,1,5382557:RCS1398-4,CASSIDY_TEAM,na,na,SANTA SUSANA,,PRIMARY
TEAMSWITCH,1,_C0A26429-488F-40D6-833B-DA6680D542D0,CASSIDY_TEAM,na,na,SANTA SUSANA,,PRIMARY
TEAMSWITCH,1,4216993E:RAR2177,FLYNN_TEAM,na,na,CAMARILLO,,PRIMARY
TEAMSWITCH,1,4244981E:RCS4307,FLYNN_TEAM,na,na,CAMARILLO,,PRIMARY
TEAMSWITCH,1,5197908:RCS2977-4,FLYNN_TEAM,na,na,CAMARILLO,,PRIMARY
TEAMSWITCH,1,5549641:RCS7087-1,FLYNN_TEAM,na,na,CAMARILLO,,PRIMARY
TEAMSWITCH,1,_AB3DC0E3-1063-4508-8234-C6325636D29F,FLYNN_TEAM,na,na,CAMARILLO,,PRIMARY
TEAMSWITCH,1,4786041E:RAR1928,HILLARD_TEAM,na,na,LA CANADA,,PRIMARY
TEAMSWITCH,1,203646E:RCS0610,HILLARD_TEAM,na,na,LA CANADA,,PRIMARY
TEAMSWITCH,1,_88E0715F-6F1A-4D76-8DE5-FC3ACD4E787F,HILLARD_TEAM,na,na,LA CANADA,,PRIMARY
TEAMSWITCH,1,5347150:RCS3981-2,TERRA_TEAM,na,na,ARCHLINE,,PRIMARY
TEAMSWITCH,1,1794583E:RSR2521,TERRA_TEAM,na,na,ARCHLINE,,PRIMARY
TEAMSWITCH,1,_DAADC316-8600-4732-90E2-E2BB1683166F,TERRA_TEAM,na,na,ARCHLINE,,PRIMARY
TEAMSWITCH,1,_50C3AF7B-3A3F-4AC3-9BFB-39DCC363C7A6,PATTON_TEAM,na,na,SAWTELLE,,PRIMARY
TEAMSWITCH,1,4072252E:RCS0702,NAVEL_TEAM,na,na,MENTONE,,PRIMARY
TEAMSWITCH,1,4805550E:RCS0188,NAVEL_TEAM,na,na,MENTONE,,PRIMARY
TEAMSWITCH,1,4072265E:RCS0567,NAVEL_TEAM,na,na,MENTONE,,PRIMARY
TEAMSWITCH,1,1375694E:RSR0195,NAVEL_TEAM,na,na,MENTONE,,PRIMARY
TEAMSWITCH,1,_B3B96387-EEFD-46A9-8B9F-0114BD256505,NAVEL_TEAM,na,na,MENTONE,,PRIMARY
TEAMSWITCH,1,2175206E:RCS1145,ELROY_TEAM,na,na,LA FRESA,,PRIMARY
TEAMSWITCH,1,5383008:RCS5547-1,ELROY_TEAM,na,na,LA FRESA,,PRIMARY
TEAMSWITCH,1,1579277E:RSR0461,ELROY_TEAM,na,na,LA FRESA,,PRIMARY
TEAMSWITCH,1,_FCE8ADAB-104B-477F-AB0C-1114C4FB045A,ELROY_TEAM,na,na,LA FRESA,,PRIMARY
TEAMSWITCH,1,_712A000B-E291-4384-A2EB-B2B131F72D13,ELROY_TEAM,na,na,LA FRESA,,PRIMARY
TEAMSWITCH,1,4234769E:RCS0108,GULL LAKE_TEAM,na,na,JUNE LAKE,,PRIMARY
TEAMSWITCH,1,4766693E:RCS0161,GULL LAKE_TEAM,na,na,JUNE LAKE,,PRIMARY
TEAMSWITCH,1,_249B4583-7715-46BB-9FBC-172F9CA36909,GULL LAKE_TEAM,na,na,JUNE LAKE,,PRIMARY
TEAMSWITCH,1,4979030E:RAR3794,AQUIFER_TEAM,na,na,OCTOL,,PRIMARY
TEAMSWITCH,1,4679395E:RAR1260,AQUIFER_TEAM,na,na,OCTOL,,PRIMARY
TEAMSWITCH,1,4663087E:RCS1262,AQUIFER_TEAM,na,na,OCTOL,,PRIMARY
TEAMSWITCH,1,4572504E:RCS1258,AQUIFER_TEAM,na,na,OCTOL,,PRIMARY
TEAMSWITCH,1,4679386E:RCS3792,AQUIFER_TEAM,na,na,OCTOL,,PRIMARY
TEAMSWITCH,1,5403101:RCS8989-2,AQUIFER_TEAM,na,na,OCTOL,,PRIMARY
TEAMSWITCH,1,1807515E:RSR3793,AQUIFER_TEAM,na,na,OCTOL,,PRIMARY
TEAMSWITCH,1,_C8F33B97-B47C-4E43-B3A1-1338E6C3E149,AQUIFER_TEAM,na,na,OCTOL,,PRIMARY
TEAMSWITCH,1,5594053:RCS5529-2,SILVA_TEAM,na,na,RANDALL,,PRIMARY
TEAMSWITCH,1,5417095:RCS4481-4,SILVA_TEAM,na,na,RANDALL,,PRIMARY
TEAMSWITCH,1,5417085:RCS4638-2,SILVA_TEAM,na,na,RANDALL,,PRIMARY
TEAMSWITCH,1,_D956E84A-E180-40B1-B3ED-9FAA1D88D6A7,SILVA_TEAM,na,na,RANDALL,,PRIMARY
TEAMSWITCH,1,4816439E:RCS4612,MELROSE_TEAM,na,na,BEVERLY,,PRIMARY
TEAMSWITCH,1,_837DEA25-F637-4F37-9D63-E432E52F854C,MELROSE_TEAM,na,na,BEVERLY,,PRIMARY
TEAMSWITCH,1,_1C961762-5FF9-468B-937D-223E7A7A1AE6,MELROSE_TEAM,na,na,BEVERLY,,PRIMARY
TEAMSWITCH,1,5463679:RCS1511-2,VELMA_TEAM,na,na,AMADOR,,PRIMARY
TEAMSWITCH,1,5465268:RCS1512-1,VELMA_TEAM,na,na,AMADOR,,PRIMARY
TEAMSWITCH,1,1844699E:RSR1035,VELMA_TEAM,na,na,AMADOR,,PRIMARY
TEAMSWITCH,1,_DD2FA960-B039-41F4-A9AB-CD14652E1727,VELMA_TEAM,na,na,AMADOR,,PRIMARY
TEAMSWITCH,1,5505030:RCS6399-1,AUGUSTA_TEAM,na,na,ALDER,,PRIMARY
TEAMSWITCH,1,5583639:RCS5468-3,AUGUSTA_TEAM,na,na,ALDER,,PRIMARY
TEAMSWITCH,1,_319E884A-5485-419C-BD5B-F35BB8AF1116,AUGUSTA_TEAM,na,na,ALDER,,PRIMARY
TEAMSWITCH,1,4831342E:RCS0461,YOSEMITE_TEAM,na,na,SANTA SUSANA,,PRIMARY
TEAMSWITCH,1,4379288E:RCS6315,YOSEMITE_TEAM,na,na,SANTA SUSANA,,PRIMARY
TEAMSWITCH,1,5313906:RCS1235-1,YOSEMITE_TEAM,na,na,SANTA SUSANA,,PRIMARY
TEAMSWITCH,1,5311383:RCS0447-1,YOSEMITE_TEAM,na,na,SANTA SUSANA,,PRIMARY
TEAMSWITCH,1,5311383:RCS0447-2,YOSEMITE_TEAM,na,na,SANTA SUSANA,,PRIMARY
TEAMSWITCH,1,5750494:RCS5781-1,YOSEMITE_TEAM,na,na,SANTA SUSANA,,PRIMARY
TEAMSWITCH,1,_E5F70080-9E7C-406C-8F19-31C0F2548982,YOSEMITE_TEAM,na,na,SANTA SUSANA,,PRIMARY
TEAMSWITCH,1,1446628E:RCS0074,FILLY_TEAM,na,na,INGLEWOOD,,PRIMARY
TEAMSWITCH,1,5463706:RCS5975-1,FILLY_TEAM,na,na,INGLEWOOD,,PRIMARY
TEAMSWITCH,1,5047477:RCS6722-4,FILLY_TEAM,na,na,INGLEWOOD,,PRIMARY
TEAMSWITCH,1,559560E:RSR1404,FILLY_TEAM,na,na,INGLEWOOD,,PRIMARY
TEAMSWITCH,1,_0790FE9B-0E35-4B36-A2D1-842BC7EDD951,FILLY_TEAM,na,na,INGLEWOOD,,PRIMARY
TEAMSWITCH,1,985445E:RCS0692,READY_TEAM,na,na,SAN MIGUEL,,PRIMARY
TEAMSWITCH,1,1424632E:RCS0739,READY_TEAM,na,na,SAN MIGUEL,,PRIMARY
TEAMSWITCH,1,_40BC1104-64ED-4871-945B-977531984AE8,READY_TEAM,na,na,SAN MIGUEL,,PRIMARY
TEAMSWITCH,1,4735562E:RCS0831,FONRI_TEAM,na,na,CALECTRIC,,PRIMARY
TEAMSWITCH,1,4794235E:RCS0893,FONRI_TEAM,na,na,CALECTRIC,,PRIMARY
TEAMSWITCH,1,4785353E:RCS2360,FONRI_TEAM,na,na,CALECTRIC,,PRIMARY
TEAMSWITCH,1,4797154E:RCS2361,FONRI_TEAM,na,na,CALECTRIC,,PRIMARY
TEAMSWITCH,1,4785417E:RCS5739,FONRI_TEAM,na,na,CALECTRIC,,PRIMARY
TEAMSWITCH,1,4448113E:RCS2151,FONRI_TEAM,na,na,CALECTRIC,,PRIMARY
TEAMSWITCH,1,_8C4D6499-1016-42E6-BA96-A112D0110317,FONRI_TEAM,na,na,CALECTRIC,,PRIMARY
TEAMSWITCH,1,_2FBD3DCE-8FBE-4C65-A887-8DFD0EF1995C,BABCOCK_TEAM,na,na,MOBILOIL,,PRIMARY
TEAMSWITCH,1,_DDCC58E9-1452-4355-99C3-53EBAF470BDA,HYDE PARK_TEAM,na,na,INGLEWOOD,,PRIMARY
TEAMSWITCH,1,2020131E:RCS1937,CALDWELL_TEAM,na,na,VISALIA,,PRIMARY
TEAMSWITCH,1,4547527E:RCS2286,CALDWELL_TEAM,na,na,VISALIA,,PRIMARY
TEAMSWITCH,1,1843797E:RCS2570,CALDWELL_TEAM,na,na,VISALIA,,PRIMARY
TEAMSWITCH,1,4316440E:RCS1886,CALDWELL_TEAM,na,na,VISALIA,,PRIMARY
TEAMSWITCH,1,1557305E:RCS2278,CALDWELL_TEAM,na,na,VISALIA,,PRIMARY
TEAMSWITCH,1,_90171330-9AC2-4ADC-B355-2BDE3A941503,CALDWELL_TEAM,na,na,VISALIA,,PRIMARY
TEAMSWITCH,1,_0B1433AA-96BD-433D-AB39-0454E6E77100,SUTRO_TEAM,na,na,LAWNDALE,,PRIMARY
TEAMSWITCH,1,_CFEDFE08-D42D-444C-BF93-DA358CF15F1D,MONTY_TEAM,na,na,CARDIFF,,PRIMARY
TEAMSWITCH,1,896744E:RAR6883,NOAKES_TEAM,na,na,WOODVILLE,,PRIMARY
TEAMSWITCH,1,4976862E:RAR0272,NOAKES_TEAM,na,na,WOODVILLE,,PRIMARY
TEAMSWITCH,1,4702832E:RCS0185,NOAKES_TEAM,na,na,WOODVILLE,,PRIMARY
TEAMSWITCH,1,839697E:RCS2112,NOAKES_TEAM,na,na,WOODVILLE,,PRIMARY
TEAMSWITCH,1,635157E:RSR1227,NOAKES_TEAM,na,na,WOODVILLE,,PRIMARY
TEAMSWITCH,1,_4EB4279C-6DD0-4270-87C0-07C63B8E7978,NOAKES_TEAM,na,na,WOODVILLE,,PRIMARY
TEAMSWITCH,1,4318001E:RCS0139,LENA_TEAM,na,na,CARDIFF,,PRIMARY
TEAMSWITCH,1,1807360E:RCS0560,LENA_TEAM,na,na,CARDIFF,,PRIMARY
TEAMSWITCH,1,4318036E:RCS0891,LENA_TEAM,na,na,CARDIFF,,PRIMARY
TEAMSWITCH,1,_758E496E-43A2-4DA5-8112-BD1320470F29,LENA_TEAM,na,na,CARDIFF,,PRIMARY
TEAMSWITCH,1,_94389483-4AD3-461D-BE58-FD2A7A419FBD,BLOWER_TEAM,na,na,MOBILOIL,,PRIMARY
TEAMSWITCH,1,4446748E:RAR0066,PYTHON_TEAM,na,na,NORTH OAKS,,PRIMARY
TEAMSWITCH,1,3008941E:RAR0215,PYTHON_TEAM,na,na,NORTH OAKS,,PRIMARY
TEAMSWITCH,1,2229337E:RAR0038,PYTHON_TEAM,na,na,NORTH OAKS,,PRIMARY
TEAMSWITCH,1,4104042E:RAR0036,PYTHON_TEAM,na,na,NORTH OAKS,,PRIMARY
TEAMSWITCH,1,1848324E:RAR0251,PYTHON_TEAM,na,na,NORTH OAKS,,PRIMARY
TEAMSWITCH,1,1248623E:RCS0396,PYTHON_TEAM,na,na,NORTH OAKS,,PRIMARY
TEAMSWITCH,1,4966313E:RCS0358,PYTHON_TEAM,na,na,NORTH OAKS,,PRIMARY
TEAMSWITCH,1,5137945:RCS7945-1,PYTHON_TEAM,na,na,NORTH OAKS,,PRIMARY
TEAMSWITCH,1,5137940:RCS7940-3_CS,PYTHON_TEAM,na,na,NORTH OAKS,,PRIMARY
TEAMSWITCH,1,_D08AC431-F49F-4E6D-8E8A-77C9D154298C,PYTHON_TEAM,na,na,NORTH OAKS,,PRIMARY
TEAMSWITCH,1,2268327E:RCS0971,NORWOOD_TEAM,na,na,HIGHLAND,,PRIMARY
TEAMSWITCH,1,4601801E:RCS0711,NORWOOD_TEAM,na,na,HIGHLAND,,PRIMARY
TEAMSWITCH,1,5443136:RCS1758-1,NORWOOD_TEAM,na,na,HIGHLAND,,PRIMARY
TEAMSWITCH,1,5141742:RCS1363-1,NORWOOD_TEAM,na,na,HIGHLAND,,PRIMARY
TEAMSWITCH,1,1491573E:RCS0422,NORWOOD_TEAM,na,na,HIGHLAND,,PRIMARY
TEAMSWITCH,1,4806439E:RCS0150,NORWOOD_TEAM,na,na,HIGHLAND,,PRIMARY
TEAMSWITCH,1,4895228E:RSR1287,NORWOOD_TEAM,na,na,HIGHLAND,,PRIMARY
TEAMSWITCH,1,4329299E:RSR1286,NORWOOD_TEAM,na,na,HIGHLAND,,PRIMARY
TEAMSWITCH,1,4346781E:RSR0959,NORWOOD_TEAM,na,na,HIGHLAND,,PRIMARY
TEAMSWITCH,1,_098261E8-58A1-481E-B696-3519FD7023CB,NORWOOD_TEAM,na,na,HIGHLAND,,PRIMARY
TEAMSWITCH,1,_BD5020B4-00C4-49FE-B636-7946D0498CE7,RIMPAU_TEAM,na,na,CULVER,,PRIMARY
TEAMSWITCH,1,2326460E:RCS0593,HARDROCK_TEAM,na,na,ORO GRANDE,,PRIMARY
TEAMSWITCH,1,2326481E:RCS0595,HARDROCK_TEAM,na,na,ORO GRANDE,,PRIMARY
TEAMSWITCH,1,_F7B37F5E-01BB-4CCF-B868-978FC72F9E12,HARDROCK_TEAM,na,na,ORO GRANDE,,PRIMARY
TEAMSWITCH,1,_9E8F6B2B-F576-4B5C-96FF-CD1EDDED9A26,LASSEN_TEAM,na,na,SANTA MONICA,,PRIMARY
TEAMSWITCH,1,7190:COURT HOUSE P.T.-L1,COURT HOUSE_TEAM,na,na,COURT HOUSE PT,,PRIMARY
TEAMSWITCH,1,7190:COURT HOUSE P.T.-H1,COURT HOUSE_TEAM,na,na,COURT HOUSE PT,,PRIMARY
TEAMSWITCH,1,4769024E:RCS1086,BUTANE_TEAM,na,na,SEPULVEDA,,PRIMARY
TEAMSWITCH,1,1378426E:RCS0393,BUTANE_TEAM,na,na,SEPULVEDA,,PRIMARY
TEAMSWITCH,1,4442024E:RCS0082,BUTANE_TEAM,na,na,SEPULVEDA,,PRIMARY
TEAMSWITCH,1,838474E:RCS1338,BUTANE_TEAM,na,na,SEPULVEDA,,PRIMARY
TEAMSWITCH,1,5139824:RCS0840-4_CS,BUTANE_TEAM,na,na,SEPULVEDA,,PRIMARY
TEAMSWITCH,1,820007E:RSR1036,BUTANE_TEAM,na,na,SEPULVEDA,,PRIMARY
TEAMSWITCH,1,789879E:RSR0198,BUTANE_TEAM,na,na,SEPULVEDA,,PRIMARY
TEAMSWITCH,1,1636549E:RSR0324,BUTANE_TEAM,na,na,SEPULVEDA,,PRIMARY
TEAMSWITCH,1,_E16628FE-BC61-4183-B4F4-72F7B06F8CF4,BUTANE_TEAM,na,na,SEPULVEDA,,PRIMARY
TEAMSWITCH,1,28700E:RCS1515,ASTEROID_TEAM,na,na,ALHAMBRA,,PRIMARY
TEAMSWITCH,1,5545443:RCS9711-3,ASTEROID_TEAM,na,na,ALHAMBRA,,PRIMARY
TEAMSWITCH,1,5333235:RCS0408-1,ASTEROID_TEAM,na,na,ALHAMBRA,,PRIMARY
TEAMSWITCH,1,5545446:RCS9631-1,ASTEROID_TEAM,na,na,ALHAMBRA,,PRIMARY
TEAMSWITCH,1,5663180:RCS9890-3,ASTEROID_TEAM,na,na,ALHAMBRA,,PRIMARY
TEAMSWITCH,1,5015491:RCS9630-2,ASTEROID_TEAM,na,na,ALHAMBRA,,PRIMARY
TEAMSWITCH,1,5008664:RCS0134-4,ASTEROID_TEAM,na,na,ALHAMBRA,,PRIMARY
TEAMSWITCH,1,5002129:RCS0631-4,ASTEROID_TEAM,na,na,ALHAMBRA,,PRIMARY
TEAMSWITCH,1,1431284E:RSR1230,ASTEROID_TEAM,na,na,ALHAMBRA,,PRIMARY
TEAMSWITCH,1,_040ACE32-5C81-4958-BD57-8E88E09751DD,ASTEROID_TEAM,na,na,ALHAMBRA,,PRIMARY
TEAMSWITCH,1,_596702C1-80DF-4148-9964-FBEE05541913,ASTEROID_TEAM,na,na,ALHAMBRA,,PRIMARY
TEAMSWITCH,1,4359629E:RAR0268,BENCH_TEAM,na,na,YUCAIPA,,PRIMARY
TEAMSWITCH,1,2312256E:RCS0006,BENCH_TEAM,na,na,YUCAIPA,,PRIMARY
TEAMSWITCH,1,4805549E:RCS0766,BENCH_TEAM,na,na,YUCAIPA,,PRIMARY
TEAMSWITCH,1,83539E:RCS0304,BENCH_TEAM,na,na,YUCAIPA,,PRIMARY
TEAMSWITCH,1,5581924:RCS2495-4,BENCH_TEAM,na,na,YUCAIPA,,PRIMARY
TEAMSWITCH,1,5701142:RCS2665-4_CS,BENCH_TEAM,na,na,YUCAIPA,,PRIMARY
TEAMSWITCH,1,4431608E:RSR1003,BENCH_TEAM,na,na,YUCAIPA,,PRIMARY
TEAMSWITCH,1,860380E:RSR1004,BENCH_TEAM,na,na,YUCAIPA,,PRIMARY
TEAMSWITCH,1,4815248E:RSR1002,BENCH_TEAM,na,na,YUCAIPA,,PRIMARY
TEAMSWITCH,1,_7E61E084-511D-47E4-BE03-BDA9963A51D1,BENCH_TEAM,na,na,YUCAIPA,,PRIMARY
TEAMSWITCH,1,_154B3F58-A642-49D2-A131-CFCD9B4769C1,BENCH_TEAM,na,na,YUCAIPA,,PRIMARY
TEAMSWITCH,1,_73F77999-1374-430B-BC6C-A6A856C7DF36,ANZA_TEAM,na,na,LENNOX,,PRIMARY
TEAMSWITCH,1,_5FD1B7C1-AEAA-483C-9A13-A99EF29A30BA,COLDWATER_TEAM,na,na,BEVERLY,,PRIMARY
TEAMSWITCH,1,1624902E:RAR0955,ARBORETUM_TEAM,na,na,ARCADIA,,PRIMARY
TEAMSWITCH,1,4796050E:RCS0172,ARBORETUM_TEAM,na,na,ARCADIA,,PRIMARY
TEAMSWITCH,1,4444535E:RCS9482,ARBORETUM_TEAM,na,na,ARCADIA,,PRIMARY
TEAMSWITCH,1,4535630E:RCS1440,ARBORETUM_TEAM,na,na,ARCADIA,,PRIMARY
TEAMSWITCH,1,_E66BC976-1FFD-45E4-BE62-C9A5F03DFC07,ARBORETUM_TEAM,na,na,ARCADIA,,PRIMARY
TEAMSWITCH,1,5634919:RCSG326-1,CHANG_TEAM,na,na,WIMBLEDON,,PRIMARY
TEAMSWITCH,1,_854E155C-FA5B-41E4-97E9-901985F8FC1E,CHANG_TEAM,na,na,WIMBLEDON,,PRIMARY
TEAMSWITCH,1,2089103E:RCS0713,RIDGE_TEAM,na,na,GORMAN,,PRIMARY
TEAMSWITCH,1,4958938E:RCS0561,RIDGE_TEAM,na,na,GORMAN,,PRIMARY
TEAMSWITCH,1,_FDF3C7F4-F9CF-480F-B827-60F64CFD4DD0,RIDGE_TEAM,na,na,GORMAN,,PRIMARY
TEAMSWITCH,1,4136935E:RAR2199,METTLER_TEAM,na,na,CUMMINGS,,PRIMARY
TEAMSWITCH,1,4136916E:RAR1746,METTLER_TEAM,na,na,CUMMINGS,,PRIMARY
TEAMSWITCH,1,2338045E:RCS2059,METTLER_TEAM,na,na,CUMMINGS,,PRIMARY
TEAMSWITCH,1,4205989E:RCS1112,METTLER_TEAM,na,na,CUMMINGS,,PRIMARY
TEAMSWITCH,1,314012E:RCS1132,METTLER_TEAM,na,na,CUMMINGS,,PRIMARY
TEAMSWITCH,1,4203184E:RCS5467,METTLER_TEAM,na,na,CUMMINGS,,PRIMARY
TEAMSWITCH,1,2175024E:RCS2070,METTLER_TEAM,na,na,CUMMINGS,,PRIMARY
TEAMSWITCH,1,_667FB78A-5CF2-4D87-96D2-877E78078025,METTLER_TEAM,na,na,CUMMINGS,,PRIMARY
TEAMSWITCH,1,771267E:RSR1118,GARWOOD_TEAM,na,na,MARIPOSA,,PRIMARY
TEAMSWITCH,1,_E77D02BB-FBCA-4B1C-AFFD-EE41E4269255,GARWOOD_TEAM,na,na,MARIPOSA,,PRIMARY
TEAMSWITCH,1,4780149E:RAR1414,CARATAN_TEAM,na,na,VESTAL,,PRIMARY
TEAMSWITCH,1,786346E:RSR4099,CARATAN_TEAM,na,na,VESTAL,,PRIMARY
TEAMSWITCH,1,2139171E:RSR0621,CARATAN_TEAM,na,na,VESTAL,,PRIMARY
TEAMSWITCH,1,4901252E:RSR1841,CARATAN_TEAM,na,na,VESTAL,,PRIMARY
TEAMSWITCH,1,4901253E:RSR1797,CARATAN_TEAM,na,na,VESTAL,,PRIMARY
TEAMSWITCH,1,_67BE8FA5-CBBC-4B66-9BA4-84BB64A217BD,CARATAN_TEAM,na,na,VESTAL,,PRIMARY
TEAMSWITCH,1,4702832E:RCS0185,SAUCELITO_TEAM,na,na,WOODVILLE,,PRIMARY
TEAMSWITCH,1,1178803E:RCS3118,SAUCELITO_TEAM,na,na,WOODVILLE,,PRIMARY
TEAMSWITCH,1,4388484E:RSR6901,SAUCELITO_TEAM,na,na,WOODVILLE,,PRIMARY
TEAMSWITCH,1,_9C8482C7-1D2C-4B26-A4A4-16BE2B2AC9C3,SAUCELITO_TEAM,na,na,WOODVILLE,,PRIMARY
TEAMSWITCH,1,5606662:RCS6046-2,MAULHARDT_TEAM,na,na,GONZALES,,PRIMARY
TEAMSWITCH,1,5375139:RCS2194-3,MAULHARDT_TEAM,na,na,GONZALES,,PRIMARY
TEAMSWITCH,1,876956E:RSR0576,MAULHARDT_TEAM,na,na,GONZALES,,PRIMARY
TEAMSWITCH,1,_C53F16D1-E120-4ED5-84FB-5E575F6228B4,MAULHARDT_TEAM,na,na,GONZALES,,PRIMARY
TEAMSWITCH,1,4777260E:RAR0173,DAVENPORT_TEAM,na,na,SOLEMINT,,PRIMARY
TEAMSWITCH,1,1115117E:RAR0051,DAVENPORT_TEAM,na,na,SOLEMINT,,PRIMARY
TEAMSWITCH,1,1115119E:RAR0050,DAVENPORT_TEAM,na,na,SOLEMINT,,PRIMARY
TEAMSWITCH,1,2330781E:RAR0615,DAVENPORT_TEAM,na,na,SOLEMINT,,PRIMARY
TEAMSWITCH,1,676468E:RAR0586,DAVENPORT_TEAM,na,na,SOLEMINT,,PRIMARY
TEAMSWITCH,1,1216564E:RAR6564,DAVENPORT_TEAM,na,na,SOLEMINT,,PRIMARY
TEAMSWITCH,1,1123480E:RAR3480,DAVENPORT_TEAM,na,na,SOLEMINT,,PRIMARY
TEAMSWITCH,1,4729759E:RCS0258,DAVENPORT_TEAM,na,na,SOLEMINT,,PRIMARY
TEAMSWITCH,1,1155227E:RCS0246,DAVENPORT_TEAM,na,na,SOLEMINT,,PRIMARY
TEAMSWITCH,1,4215620E:RCS0025,DAVENPORT_TEAM,na,na,SOLEMINT,,PRIMARY
TEAMSWITCH,1,676332E:RCS1937,DAVENPORT_TEAM,na,na,SOLEMINT,,PRIMARY
TEAMSWITCH,1,1848237E:RCS0064,DAVENPORT_TEAM,na,na,SOLEMINT,,PRIMARY
TEAMSWITCH,1,5706476:RCS6776-3_CS,DAVENPORT_TEAM,na,na,SOLEMINT,,PRIMARY
TEAMSWITCH,1,_0C936E2E-2DB3-43D8-BDA3-154F54DB58DD,DAVENPORT_TEAM,na,na,SOLEMINT,,PRIMARY
TEAMSWITCH,1,5722410:RCS1460-1,MANZER_TEAM,na,na,VICTOR,,PRIMARY
TEAMSWITCH,1,5640630:RCSG958-3,MANZER_TEAM,na,na,VICTOR,,PRIMARY
TEAMSWITCH,1,5640630:RCSG958-4,MANZER_TEAM,na,na,VICTOR,,PRIMARY
TEAMSWITCH,1,5722417:RCS3120-2_CS,MANZER_TEAM,na,na,VICTOR,,PRIMARY
TEAMSWITCH,1,4288854E:RSR1192,MANZER_TEAM,na,na,VICTOR,,PRIMARY
TEAMSWITCH,1,4200143E:RSR1193,MANZER_TEAM,na,na,VICTOR,,PRIMARY
TEAMSWITCH,1,4895216E:RSR1194,MANZER_TEAM,na,na,VICTOR,,PRIMARY
TEAMSWITCH,1,5640631:RCSG959-3,MANZER_TEAM,na,na,VICTOR,,PRIMARY
TEAMSWITCH,1,5640631:RCSG959-4,MANZER_TEAM,na,na,VICTOR,,PRIMARY
TEAMSWITCH,1,_8A74B8B1-44FE-4D75-8582-C0BC733AF670,MANZER_TEAM,na,na,VICTOR,,PRIMARY
TEAMSWITCH,1,5313155:RCS1078-1_CS,HEERS_TEAM,na,na,MAXWELL,,PRIMARY
TEAMSWITCH,1,5343051:RCS1166-3,HEERS_TEAM,na,na,MAXWELL,,PRIMARY
TEAMSWITCH,1,_E3D9F161-5773-4FE0-B11E-FC83365C0C4C,HEERS_TEAM,na,na,MAXWELL,,PRIMARY
TEAMSWITCH,1,_2C09D475-177C-4AE2-8449-F794022DFBC1,MCVEIGH_TEAM,na,na,COMPRESS,,PRIMARY
TEAMSWITCH,1,5425783:RCS2720-1,DUDA_TEAM,na,na,MAXWELL,,PRIMARY
TEAMSWITCH,1,5425783:RCS2720-4,DUDA_TEAM,na,na,MAXWELL,,PRIMARY
TEAMSWITCH,1,_A6A65C05-DB16-4E23-A16F-4255761B6FC4,DUDA_TEAM,na,na,MAXWELL,,PRIMARY
TEAMSWITCH,1,4081331E:RAR4074,ANACONDA_TEAM,na,na,NORTH OAKS,,PRIMARY
TEAMSWITCH,1,4081313E:RCS0478,ANACONDA_TEAM,na,na,NORTH OAKS,,PRIMARY
TEAMSWITCH,1,4081338E:RCS0119,ANACONDA_TEAM,na,na,NORTH OAKS,,PRIMARY
TEAMSWITCH,1,_EF9A0496-5833-4B87-82F6-75D637C3B64A,ANACONDA_TEAM,na,na,NORTH OAKS,,PRIMARY
TEAMSWITCH,1,_7CE3E960-6E67-4747-A811-DC291E5DA2C9,LA POSADA_TEAM,na,na,REDLANDS,,PRIMARY
TEAMSWITCH,1,1487196E:RCS0516,LARABEE_TEAM,na,na,FAIRFAX,,PRIMARY
TEAMSWITCH,1,5039501:RCS0973-1,LARABEE_TEAM,na,na,FAIRFAX,,PRIMARY
TEAMSWITCH,1,_A32F80AC-BA90-47ED-9489-1FECA611D320,LARABEE_TEAM,na,na,FAIRFAX,,PRIMARY
TEAMSWITCH,1,_8A985296-65D9-44C9-961B-08A29AB4098C,LARABEE_TEAM,na,na,FAIRFAX,,PRIMARY
TEAMSWITCH,1,1453757E:RAR0367,PAINTED CAVE_TEAM,na,na,PAINTED CAVE PT,,PRIMARY
TEAMSWITCH,1,7654:PAINTED CAVE P.T.-L1,PAINTED CAVE_TEAM,na,na,PAINTED CAVE PT,,PRIMARY
TEAMSWITCH,1,7654:PAINTED CAVE P.T.-H1,PAINTED CAVE_TEAM,na,na,PAINTED CAVE PT,,PRIMARY
TEAMSWITCH,1,4593596E:RAR0262,SURREY_TEAM,na,na,SURREY UGS,,PRIMARY
TEAMSWITCH,1,7788:SURREY U.G.S.-L1,SURREY_TEAM,na,na,SURREY UGS,,PRIMARY
TEAMSWITCH,1,7788:SURREY U.G.S.-H1,SURREY_TEAM,na,na,SURREY UGS,,PRIMARY
TEAMSWITCH,1,4757542E:RCS1416,WHITMORE_TEAM,na,na,ROSEMEAD,,PRIMARY
TEAMSWITCH,1,4503998E:RCS1513,WHITMORE_TEAM,na,na,ROSEMEAD,,PRIMARY
TEAMSWITCH,1,1031600E:RSR2005,WHITMORE_TEAM,na,na,ROSEMEAD,,PRIMARY
TEAMSWITCH,1,_6ADF2D4C-E848-4846-B92C-15619D388467,WHITMORE_TEAM,na,na,ROSEMEAD,,PRIMARY
TEAMSWITCH,1,1734956E:RAR0765,SQUINT_TEAM,na,na,ARROWHEAD,,PRIMARY
TEAMSWITCH,1,1947513E:RCS0458,SQUINT_TEAM,na,na,ARROWHEAD,,PRIMARY
TEAMSWITCH,1,5321308:RCS0457-4,SQUINT_TEAM,na,na,ARROWHEAD,,PRIMARY
TEAMSWITCH,1,_C3356865-FC87-499A-A87A-B95B301CF720,SQUINT_TEAM,na,na,ARROWHEAD,,PRIMARY
TEAMSWITCH,1,5573317:RCS3075-1,WATERWAY_TEAM,na,na,AQUEDUCT,,PRIMARY
TEAMSWITCH,1,5573317:RCS3075-3,WATERWAY_TEAM,na,na,AQUEDUCT,,PRIMARY
TEAMSWITCH,1,5764645:RCS1346-1,WATERWAY_TEAM,na,na,AQUEDUCT,,PRIMARY
TEAMSWITCH,1,5442693:RCS2081-4,WATERWAY_TEAM,na,na,AQUEDUCT,,PRIMARY
TEAMSWITCH,1,4988220E:RCS1779,WATERWAY_TEAM,na,na,AQUEDUCT,,PRIMARY
TEAMSWITCH,1,_476BA1FB-71DF-4281-B1EF-BB545CD49CDE,WATERWAY_TEAM,na,na,AQUEDUCT,,PRIMARY
TEAMSWITCH,1,4270236E:RAR0339,NORTH SHORE_TEAM,na,na,BURNT MILL,,PRIMARY
TEAMSWITCH,1,570206E:RAR1121,NORTH SHORE_TEAM,na,na,BURNT MILL,,PRIMARY
TEAMSWITCH,1,1589844E:RCS0627,NORTH SHORE_TEAM,na,na,BURNT MILL,,PRIMARY
TEAMSWITCH,1,4877075E:RCS0663,NORTH SHORE_TEAM,na,na,BURNT MILL,,PRIMARY
TEAMSWITCH,1,4469624E:RCS0410,NORTH SHORE_TEAM,na,na,BURNT MILL,,PRIMARY
TEAMSWITCH,1,1302106E:RCS1111,NORTH SHORE_TEAM,na,na,BURNT MILL,,PRIMARY
TEAMSWITCH,1,1384308E:RCS0395,NORTH SHORE_TEAM,na,na,BURNT MILL,,PRIMARY
TEAMSWITCH,1,1649690E:RSR0646,NORTH SHORE_TEAM,na,na,BURNT MILL,,PRIMARY
TEAMSWITCH,1,_E56CAD9F-F627-43A2-9D7A-CB4B9D698FAF,NORTH SHORE_TEAM,na,na,BURNT MILL,,PRIMARY
TEAMSWITCH,1,1634526E:RAR1638,RAYBURN_TEAM,na,na,ANAVERDE,,PRIMARY
TEAMSWITCH,1,4432470E:RCS2172,RAYBURN_TEAM,na,na,ANAVERDE,,PRIMARY
TEAMSWITCH,1,5357551:RCS7551-2,RAYBURN_TEAM,na,na,ANAVERDE,,PRIMARY
TEAMSWITCH,1,_6844CDBA-D561-4453-985A-33B41C4B16C0,RAYBURN_TEAM,na,na,ANAVERDE,,PRIMARY
TEAMSWITCH,1,1705477E:RAR4178,CHANTRY_TEAM,na,na,ARCADIA,,PRIMARY
TEAMSWITCH,1,4535630E:RCS1440,CHANTRY_TEAM,na,na,ARCADIA,,PRIMARY
TEAMSWITCH,1,5206233:RCS0274-5,CHANTRY_TEAM,na,na,ARCADIA,,PRIMARY
TEAMSWITCH,1,4949552E:RCS4170,CHANTRY_TEAM,na,na,ARCADIA,,PRIMARY
TEAMSWITCH,1,_1A79A0A3-3134-4A2C-8A29-EB0E4E5774B4,CHANTRY_TEAM,na,na,ARCADIA,,PRIMARY
TEAMSWITCH,1,5039268:RCS0526-2_CS,BARNACLE_TEAM,na,na,TAHITI,,PRIMARY
TEAMSWITCH,1,_A7D3992D-E5D3-4785-BEF2-111922A00F33,BARNACLE_TEAM,na,na,TAHITI,,PRIMARY
TEAMSWITCH,1,_88B38F72-A2BC-4A66-B0EA-2AC46DAB404D,BARNACLE_TEAM,na,na,TAHITI,,PRIMARY
TEAMSWITCH,1,1342426E:RAR1792,RICHGROVE_TEAM,na,na,VESTAL,,PRIMARY
TEAMSWITCH,1,696623E:RAR4006,RICHGROVE_TEAM,na,na,VESTAL,,PRIMARY
TEAMSWITCH,1,696645E:RCS1430,RICHGROVE_TEAM,na,na,VESTAL,,PRIMARY
TEAMSWITCH,1,915956E:RCS2247,RICHGROVE_TEAM,na,na,VESTAL,,PRIMARY
TEAMSWITCH,1,2139171E:RSR0621,RICHGROVE_TEAM,na,na,VESTAL,,PRIMARY
TEAMSWITCH,1,_611BB768-D953-41B6-A3E0-5965E078032F,RICHGROVE_TEAM,na,na,VESTAL,,PRIMARY
TEAMSWITCH,1,4793669E:RAR6457,GUST_TEAM,na,na,NORTHWIND,,PRIMARY
TEAMSWITCH,1,2259384E:RAR1775,GUST_TEAM,na,na,NORTHWIND,,PRIMARY
TEAMSWITCH,1,4568692E:RCS0841,GUST_TEAM,na,na,NORTHWIND,,PRIMARY
TEAMSWITCH,1,313768E:RCS5534,GUST_TEAM,na,na,NORTHWIND,,PRIMARY
TEAMSWITCH,1,4446492E:RCS0629,GUST_TEAM,na,na,NORTHWIND,,PRIMARY
TEAMSWITCH,1,4901203E:RSR1210,GUST_TEAM,na,na,NORTHWIND,,PRIMARY
TEAMSWITCH,1,_13210E92-4BD1-4939-BBF2-4654E34D104B,GUST_TEAM,na,na,NORTHWIND,,PRIMARY
TEAMSWITCH,1,1425088E:RAR0096,THACHER_TEAM,na,na,OJAI,,PRIMARY
TEAMSWITCH,1,4660894E:RAR0721,THACHER_TEAM,na,na,OJAI,,PRIMARY
TEAMSWITCH,1,4915439E:RAR5062,THACHER_TEAM,na,na,OJAI,,PRIMARY
TEAMSWITCH,1,1241413E:RAR0323,THACHER_TEAM,na,na,OJAI,,PRIMARY
TEAMSWITCH,1,4910658E:RAR0174,THACHER_TEAM,na,na,OJAI,,PRIMARY
TEAMSWITCH,1,4619666E:RAR3659,THACHER_TEAM,na,na,OJAI,,PRIMARY
TEAMSWITCH,1,4074531E:RAR1164,THACHER_TEAM,na,na,OJAI,,PRIMARY
TEAMSWITCH,1,4784557E:RCS2644,THACHER_TEAM,na,na,OJAI,,PRIMARY
TEAMSWITCH,1,4651197E:RCS0719,THACHER_TEAM,na,na,OJAI,,PRIMARY
TEAMSWITCH,1,2264417E:RCS3367,THACHER_TEAM,na,na,OJAI,,PRIMARY
TEAMSWITCH,1,1477470E:RSR0742,THACHER_TEAM,na,na,OJAI,,PRIMARY
TEAMSWITCH,1,4628342E:RSR9630,THACHER_TEAM,na,na,OJAI,,PRIMARY
TEAMSWITCH,1,4602208E:RSR0053,THACHER_TEAM,na,na,OJAI,,PRIMARY
TEAMSWITCH,1,1424973E:RSR1157,THACHER_TEAM,na,na,OJAI,,PRIMARY
TEAMSWITCH,1,_E361131E-7570-4285-9FD0-ADF07BBD02ED,THACHER_TEAM,na,na,OJAI,,PRIMARY
TEAMSWITCH,1,4456723E:RCS0209,APPLETON_TEAM,na,na,ROYAL,,PRIMARY
TEAMSWITCH,1,1436339E:RCS0401,APPLETON_TEAM,na,na,ROYAL,,PRIMARY
TEAMSWITCH,1,4790502E:RCS4134,APPLETON_TEAM,na,na,ROYAL,,PRIMARY
TEAMSWITCH,1,5404046:RCS0158-2,APPLETON_TEAM,na,na,ROYAL,,PRIMARY
TEAMSWITCH,1,5043119:RCS0948-4,APPLETON_TEAM,na,na,ROYAL,,PRIMARY
TEAMSWITCH,1,5043119:RCS0948-2,APPLETON_TEAM,na,na,ROYAL,,PRIMARY
TEAMSWITCH,1,2013052E:RCS5958,APPLETON_TEAM,na,na,ROYAL,,PRIMARY
TEAMSWITCH,1,_41194044-408D-4D68-9E40-A88AE3EDC6C9,APPLETON_TEAM,na,na,ROYAL,,PRIMARY
TEAMSWITCH,1,1279538E:RCS0415,GRAVES_TEAM,na,na,ALHAMBRA,,PRIMARY
TEAMSWITCH,1,879082E:RCS1610,GRAVES_TEAM,na,na,ALHAMBRA,,PRIMARY
TEAMSWITCH,1,_F7ABB436-1876-4BA3-9FE9-F6C9B00BDC4B,GRAVES_TEAM,na,na,ALHAMBRA,,PRIMARY
TEAMSWITCH,1,5576630:RCS9673-2,HONEYWELL_TEAM,na,na,BRADBURY,,PRIMARY
TEAMSWITCH,1,5164945:RCS0204-3,HONEYWELL_TEAM,na,na,BRADBURY,,PRIMARY
TEAMSWITCH,1,963512E:RCS3972,HONEYWELL_TEAM,na,na,BRADBURY,,PRIMARY
TEAMSWITCH,1,4570090E:RSR0262,HONEYWELL_TEAM,na,na,BRADBURY,,PRIMARY
TEAMSWITCH,1,4082047E:RSR0068,HONEYWELL_TEAM,na,na,BRADBURY,,PRIMARY
TEAMSWITCH,1,_C9991C3D-9032-4A80-871D-D13F07391A2C,HONEYWELL_TEAM,na,na,BRADBURY,,PRIMARY
TEAMSWITCH,1,4845108E:RCS0576,BARLEY FLATS_TEAM,na,na,LA CANADA,,PRIMARY
TEAMSWITCH,1,5365604:RCS9516-1,BARLEY FLATS_TEAM,na,na,LA CANADA,,PRIMARY
TEAMSWITCH,1,5570909:RCS9785-1,BARLEY FLATS_TEAM,na,na,LA CANADA,,PRIMARY
TEAMSWITCH,1,5365613:RCS0486-4,BARLEY FLATS_TEAM,na,na,LA CANADA,,PRIMARY
TEAMSWITCH,1,5365609:RCS0487-4,BARLEY FLATS_TEAM,na,na,LA CANADA,,PRIMARY
TEAMSWITCH,1,5460846:RCS1714-3_CS,BARLEY FLATS_TEAM,na,na,LA CANADA,,PRIMARY
TEAMSWITCH,1,_A1072329-F60C-4F74-ACCC-3EE12832714E,BARLEY FLATS_TEAM,na,na,LA CANADA,,PRIMARY
TEAMSWITCH,1,7324:GRAPEVINE PEAK P.-L1,GRAPEVINE PEAK_TEAM,na,na,GRAPEVINE PEAK PT,,PRIMARY
TEAMSWITCH,1,7324:GRAPEVINE PEAK P.-H1,GRAPEVINE PEAK_TEAM,na,na,GRAPEVINE PEAK PT,,PRIMARY
TEAMSWITCH,1,5591746:RCSG941-4,KINGPIN_TEAM,na,na,ROADWAY,,PRIMARY
TEAMSWITCH,1,5377264:RCS1230-2,KINGPIN_TEAM,na,na,ROADWAY,,PRIMARY
TEAMSWITCH,1,_8006348E-2A4D-41BF-A06A-10700BFA06A0,KINGPIN_TEAM,na,na,ROADWAY,,PRIMARY
TEAMSWITCH,1,5928S:RCS0852,WESTBLUFF_TEAM,na,na,MAXWELL,,PRIMARY
TEAMSWITCH,1,5343051:RCS1166-3,WESTBLUFF_TEAM,na,na,MAXWELL,,PRIMARY
TEAMSWITCH,1,2065423E:RSR9077,WESTBLUFF_TEAM,na,na,MAXWELL,,PRIMARY
TEAMSWITCH,1,_97D7189B-6F1F-43E6-B295-1C46116DE45B,WESTBLUFF_TEAM,na,na,MAXWELL,,PRIMARY
TEAMSWITCH,1,4132472E:RCS0279,DRONE_TEAM,na,na,GENAMIC,,PRIMARY
TEAMSWITCH,1,5528135:RCS5155-1,DRONE_TEAM,na,na,GENAMIC,,PRIMARY
TEAMSWITCH,1,5402853:RCS7140-3,DRONE_TEAM,na,na,GENAMIC,,PRIMARY
TEAMSWITCH,1,5368976:RCS4432-2,DRONE_TEAM,na,na,GENAMIC,,PRIMARY
TEAMSWITCH,1,_43A29C02-A614-41DF-9BBE-6367C0E54D47,DRONE_TEAM,na,na,GENAMIC,,PRIMARY
TEAMSWITCH,1,4520281E:RAR1063,EBONY_TEAM,na,na,TORRANCE,,PRIMARY
TEAMSWITCH,1,1394449E:RCS0656,EBONY_TEAM,na,na,TORRANCE,,PRIMARY
TEAMSWITCH,1,1318371E:RCS0554,EBONY_TEAM,na,na,TORRANCE,,PRIMARY
TEAMSWITCH,1,5148974:RCS5376-1,EBONY_TEAM,na,na,TORRANCE,,PRIMARY
TEAMSWITCH,1,5148966:RCS5377-2_CS,EBONY_TEAM,na,na,TORRANCE,,PRIMARY
TEAMSWITCH,1,1611064E:RSR0347,EBONY_TEAM,na,na,TORRANCE,,PRIMARY
TEAMSWITCH,1,_213DAB89-E074-475F-95B6-3297214D382A,EBONY_TEAM,na,na,TORRANCE,,PRIMARY
TEAMSWITCH,1,_360BDF8C-0585-4A98-8D9D-34A56D44C6BF,BUNNY_TEAM,na,na,BEVERLY,,PRIMARY
TEAMSWITCH,1,_489DA0C0-3F04-4973-8751-071660DC9A56,BUNNY_TEAM,na,na,BEVERLY,,PRIMARY
TEAMSWITCH,1,5503140:RCS4893-2,MARX_TEAM,na,na,ETIWANDA,,PRIMARY
TEAMSWITCH,1,_0B404EFA-EAF0-40DA-95A6-9BB5DB6E2EBA,MARX_TEAM,na,na,ETIWANDA,,PRIMARY
TEAMSWITCH,1,4444536E:RCS9484,GRAYDON_TEAM,na,na,ANITA,,PRIMARY
TEAMSWITCH,1,1573259E:RCS9485,GRAYDON_TEAM,na,na,ANITA,,PRIMARY
TEAMSWITCH,1,1379788E:RCS0313,GRAYDON_TEAM,na,na,ANITA,,PRIMARY
TEAMSWITCH,1,4462763E:RCS2539,GRAYDON_TEAM,na,na,ANITA,,PRIMARY
TEAMSWITCH,1,4881386E:RCS2538,GRAYDON_TEAM,na,na,ANITA,,PRIMARY
TEAMSWITCH,1,4848489E:RSR1496,GRAYDON_TEAM,na,na,ANITA,,PRIMARY
TEAMSWITCH,1,_EE385770-A3BD-436E-9C85-A4239F3E6572,GRAYDON_TEAM,na,na,ANITA,,PRIMARY
TEAMSWITCH,1,4941752E:RAR0989,AVANTI_TEAM,na,na,SHANDIN,,PRIMARY
TEAMSWITCH,1,4229714E:RAR1092,AVANTI_TEAM,na,na,SHANDIN,,PRIMARY
TEAMSWITCH,1,4107196E:RCS0769,AVANTI_TEAM,na,na,SHANDIN,,PRIMARY
TEAMSWITCH,1,1645313E:RCS0123,AVANTI_TEAM,na,na,SHANDIN,,PRIMARY
TEAMSWITCH,1,5558524:RCS2349-2,AVANTI_TEAM,na,na,SHANDIN,,PRIMARY
TEAMSWITCH,1,5558528:RCS1365-1,AVANTI_TEAM,na,na,SHANDIN,,PRIMARY
TEAMSWITCH,1,5558528:RCS1365-3,AVANTI_TEAM,na,na,SHANDIN,,PRIMARY
TEAMSWITCH,1,5431313:RCS1088-1,AVANTI_TEAM,na,na,SHANDIN,,PRIMARY
TEAMSWITCH,1,_EE90D7B4-CD2E-4CBE-B3F1-5E0012A634BF,AVANTI_TEAM,na,na,SHANDIN,,PRIMARY
TEAMSWITCH,1,5015312:RCS0693-3,MARGUERITA_TEAM,na,na,ALHAMBRA,,PRIMARY
TEAMSWITCH,1,5015312:RCS0693-4,MARGUERITA_TEAM,na,na,ALHAMBRA,,PRIMARY
TEAMSWITCH,1,5408414:RCS1369-3_CS,MARGUERITA_TEAM,na,na,ALHAMBRA,,PRIMARY
TEAMSWITCH,1,292237E:RSR2078,MARGUERITA_TEAM,na,na,ALHAMBRA,,PRIMARY
TEAMSWITCH,1,91793E:RSR1003,MARGUERITA_TEAM,na,na,ALHAMBRA,,PRIMARY
TEAMSWITCH,1,_E0E38A4B-9562-47B3-972B-28F10567DEAA,MARGUERITA_TEAM,na,na,ALHAMBRA,,PRIMARY
TEAMSWITCH,1,_0088A541-F2D3-410F-9B9F-AAD216558204,MARGUERITA_TEAM,na,na,ALHAMBRA,,PRIMARY
TEAMSWITCH,1,5392387:RCS4518-4,GRAF_TEAM,na,na,WIMBLEDON,,PRIMARY
TEAMSWITCH,1,5655892:RCSG994-3,GRAF_TEAM,na,na,WIMBLEDON,,PRIMARY
TEAMSWITCH,1,_F8954E29-DF41-4966-BFAB-318EA40937C9,GRAF_TEAM,na,na,WIMBLEDON,,PRIMARY
TEAMSWITCH,1,_911B8D53-CB3C-459C-A310-2A7A8409CAD4,PALM_TEAM,na,na,MONETA,,PRIMARY
TEAMSWITCH,1,4705998E:RAR0820,BRITTLE BUSH_TEAM,na,na,CALCITY,,PRIMARY
TEAMSWITCH,1,1848760E:RCS0155,BRITTLE BUSH_TEAM,na,na,CALCITY,,PRIMARY
TEAMSWITCH,1,4705953E:RCS0400,BRITTLE BUSH_TEAM,na,na,CALCITY,,PRIMARY
TEAMSWITCH,1,4881285E:RCS0879,BRITTLE BUSH_TEAM,na,na,CALCITY,,PRIMARY
TEAMSWITCH,1,5717607:RCSG023-4,BRITTLE BUSH_TEAM,na,na,CALCITY,,PRIMARY
TEAMSWITCH,1,5567567:RCS0822-1,BRITTLE BUSH_TEAM,na,na,CALCITY,,PRIMARY
TEAMSWITCH,1,_87AEEFCC-D624-443F-A696-1B6F1A590FD6,BRITTLE BUSH_TEAM,na,na,CALCITY,,PRIMARY
TEAMSWITCH,1,4331784E:RCS2053,WATERMAN_TEAM,na,na,CARDIFF,,PRIMARY
TEAMSWITCH,1,4713006E:RCS0102,WATERMAN_TEAM,na,na,CARDIFF,,PRIMARY
TEAMSWITCH,1,5014624:RCS1287-3,WATERMAN_TEAM,na,na,CARDIFF,,PRIMARY
TEAMSWITCH,1,5014624:RCS1287-2,WATERMAN_TEAM,na,na,CARDIFF,,PRIMARY
TEAMSWITCH,1,4914058E:RSR1010,WATERMAN_TEAM,na,na,CARDIFF,,PRIMARY
TEAMSWITCH,1,_5FF6F0BA-0B17-4620-ADBF-999C369D0071,WATERMAN_TEAM,na,na,CARDIFF,,PRIMARY
TEAMSWITCH,1,1404065E:RAR1363,OBAN_TEAM,na,na,LANCASTER,,PRIMARY
TEAMSWITCH,1,5036496E:RAR0477,OBAN_TEAM,na,na,LANCASTER,,PRIMARY
TEAMSWITCH,1,1404043E:RCS2198,OBAN_TEAM,na,na,LANCASTER,,PRIMARY
TEAMSWITCH,1,306360E:RCS0681,OBAN_TEAM,na,na,LANCASTER,,PRIMARY
TEAMSWITCH,1,5744185:RCSG265-2,OBAN_TEAM,na,na,LANCASTER,,PRIMARY
TEAMSWITCH,1,_0E0C21BD-6364-4060-A6D5-38A8B80CFE94,OBAN_TEAM,na,na,LANCASTER,,PRIMARY
TEAMSWITCH,1,764661H:RCS1523,GLADYS_TEAM,na,na,ROSEMEAD,,PRIMARY
TEAMSWITCH,1,250230E:RCS1036,GLADYS_TEAM,na,na,ROSEMEAD,,PRIMARY
TEAMSWITCH,1,5407941:RCS1347-1,GLADYS_TEAM,na,na,ROSEMEAD,,PRIMARY
TEAMSWITCH,1,5407940:RCS1346-3_CS,GLADYS_TEAM,na,na,ROSEMEAD,,PRIMARY
TEAMSWITCH,1,1031600E:RSR2005,GLADYS_TEAM,na,na,ROSEMEAD,,PRIMARY
TEAMSWITCH,1,4660752E:RSR2003,GLADYS_TEAM,na,na,ROSEMEAD,,PRIMARY
TEAMSWITCH,1,1685148E:RSR2004,GLADYS_TEAM,na,na,ROSEMEAD,,PRIMARY
TEAMSWITCH,1,_A73ED798-6CDD-4116-BD52-C954C17A9DC2,GLADYS_TEAM,na,na,ROSEMEAD,,PRIMARY
TEAMSWITCH,1,734438E:RCS0329,QUINBY_TEAM,na,na,ANAVERDE,,PRIMARY
TEAMSWITCH,1,970684E:RCS2108,QUINBY_TEAM,na,na,ANAVERDE,,PRIMARY
TEAMSWITCH,1,_F78EBF5F-D488-487B-B3F8-7A35AA7666BF,QUINBY_TEAM,na,na,ANAVERDE,,PRIMARY
TEAMSWITCH,1,5642500:RCS8671-1,ROSA_TEAM,na,na,CAMARILLO,,PRIMARY
TEAMSWITCH,1,5173133:RCS8156-1,ROSA_TEAM,na,na,CAMARILLO,,PRIMARY
TEAMSWITCH,1,5635860:RCS8155-1,ROSA_TEAM,na,na,CAMARILLO,,PRIMARY
TEAMSWITCH,1,5035217:RCS3058-3,ROSA_TEAM,na,na,CAMARILLO,,PRIMARY
TEAMSWITCH,1,5018741:RCS8477-1,ROSA_TEAM,na,na,CAMARILLO,,PRIMARY
TEAMSWITCH,1,5020185:RCS8158-4,ROSA_TEAM,na,na,CAMARILLO,,PRIMARY
TEAMSWITCH,1,5183103:RCS3452-2_CS,ROSA_TEAM,na,na,CAMARILLO,,PRIMARY
TEAMSWITCH,1,4217175E:RSR5019,ROSA_TEAM,na,na,CAMARILLO,,PRIMARY
TEAMSWITCH,1,_F402EE75-3DDF-4C97-8319-7811E668F158,ROSA_TEAM,na,na,CAMARILLO,,PRIMARY
TEAMSWITCH,1,4418943E:RAR0297,ACROBAT_TEAM,na,na,ANAVERDE,,PRIMARY
TEAMSWITCH,1,4499819E:RCS3323,ACROBAT_TEAM,na,na,ANAVERDE,,PRIMARY
TEAMSWITCH,1,1840717E:RCS2216,ACROBAT_TEAM,na,na,ANAVERDE,,PRIMARY
TEAMSWITCH,1,4852601E:RCS0568,ACROBAT_TEAM,na,na,ANAVERDE,,PRIMARY
TEAMSWITCH,1,_BF79CC58-9B15-4738-BA84-68D8DFD6CD45,ACROBAT_TEAM,na,na,ANAVERDE,,PRIMARY
TEAMSWITCH,1,5464903:RCS4903-2,SARATOGA_TEAM,na,na,LEVY,,PRIMARY
TEAMSWITCH,1,635690E:RSR1829,SARATOGA_TEAM,na,na,LEVY,,PRIMARY
TEAMSWITCH,1,_D6989DAF-3389-42A0-9377-89D5E10D25CF,SARATOGA_TEAM,na,na,LEVY,,PRIMARY
TEAMSWITCH,1,5429915:RCS1225-2,CHOICEANNA_TEAM,na,na,APPLE VALLEY,,PRIMARY
TEAMSWITCH,1,5560519:RCS1224-1,CHOICEANNA_TEAM,na,na,APPLE VALLEY,,PRIMARY
TEAMSWITCH,1,1782178E:RCS0741,CHOICEANNA_TEAM,na,na,APPLE VALLEY,,PRIMARY
TEAMSWITCH,1,_0613C460-46F3-42E4-AC54-089B3E9F630C,CHOICEANNA_TEAM,na,na,APPLE VALLEY,,PRIMARY
TEAMSWITCH,1,_4A657263-FB99-4DE1-91F9-867DC32B3034,GILMORE_TEAM,na,na,FAIRFAX,,PRIMARY
TEAMSWITCH,1,4067317E:RCS0159,CONINE_TEAM,na,na,YUCAIPA,,PRIMARY
TEAMSWITCH,1,1214782E:RSR1128,CONINE_TEAM,na,na,YUCAIPA,,PRIMARY
TEAMSWITCH,1,1512017E:RSR0124,CONINE_TEAM,na,na,YUCAIPA,,PRIMARY
TEAMSWITCH,1,4311307E:RSR0661,CONINE_TEAM,na,na,YUCAIPA,,PRIMARY
TEAMSWITCH,1,1511908E:RSR0415,CONINE_TEAM,na,na,YUCAIPA,,PRIMARY
TEAMSWITCH,1,4937387E:RSR2935,CONINE_TEAM,na,na,YUCAIPA,,PRIMARY
TEAMSWITCH,1,_2613F9A1-A49D-4B5F-91CA-D136B1792A02,CONINE_TEAM,na,na,YUCAIPA,,PRIMARY
TEAMSWITCH,1,_358E52C2-9A0F-423A-8C7C-A39C56D98DF0,CONINE_TEAM,na,na,YUCAIPA,,PRIMARY
TEAMSWITCH,1,1420780E:RCS0396,PARKDALE_TEAM,na,na,DEL ROSA,,PRIMARY
TEAMSWITCH,1,5159590:RCS1352-1,PARKDALE_TEAM,na,na,DEL ROSA,,PRIMARY
TEAMSWITCH,1,1286167E:RCS0205,PARKDALE_TEAM,na,na,DEL ROSA,,PRIMARY
TEAMSWITCH,1,1420788E:RCS0406,PARKDALE_TEAM,na,na,DEL ROSA,,PRIMARY
TEAMSWITCH,1,_2C7915B4-3AF6-4FE2-8002-C37CB3207A5C,PARKDALE_TEAM,na,na,DEL ROSA,,PRIMARY
TEAMSWITCH,1,1610056E:RCS0031,SPHINX_TEAM,na,na,SAN BERNARDINO,,PRIMARY
TEAMSWITCH,1,5507948:RCS1277-4,SPHINX_TEAM,na,na,SAN BERNARDINO,,PRIMARY
TEAMSWITCH,1,_2942FD0C-20D1-4A53-A751-DA7E3A517D25,SPHINX_TEAM,na,na,SAN BERNARDINO,,PRIMARY
TEAMSWITCH,1,5428853:RCS1587-1,DURAMAX_TEAM,na,na,ROADWAY,,PRIMARY
TEAMSWITCH,1,5428853:RCS1587-4,DURAMAX_TEAM,na,na,ROADWAY,,PRIMARY
TEAMSWITCH,1,5722914:RCS3198-2,DURAMAX_TEAM,na,na,ROADWAY,,PRIMARY
TEAMSWITCH,1,5428852:RCS1588-4_CS,DURAMAX_TEAM,na,na,ROADWAY,,PRIMARY
TEAMSWITCH,1,5573288:RCS2849-2,DURAMAX_TEAM,na,na,ROADWAY,,PRIMARY
TEAMSWITCH,1,_93268C37-BC4E-4294-A8D2-240B20AE59D6,DURAMAX_TEAM,na,na,ROADWAY,,PRIMARY
TEAMSWITCH,1,4201780E:RAR0814,CRAM_TEAM,na,na,HIGHLAND,,PRIMARY
TEAMSWITCH,1,4201774E:RCS0954,CRAM_TEAM,na,na,HIGHLAND,,PRIMARY
TEAMSWITCH,1,5432121:RCS2106-1,CRAM_TEAM,na,na,HIGHLAND,,PRIMARY
TEAMSWITCH,1,5340031:RCS1753-1,CRAM_TEAM,na,na,HIGHLAND,,PRIMARY
TEAMSWITCH,1,_D9CA6956-47A2-4E80-A1DB-C98A5D3B6E95,CRAM_TEAM,na,na,HIGHLAND,,PRIMARY
TEAMSWITCH,1,1053451E:RAR0254,DISCOVERY_TEAM,na,na,GOLDTOWN,,PRIMARY
TEAMSWITCH,1,1870586E:RAR0276,DISCOVERY_TEAM,na,na,GOLDTOWN,,PRIMARY
TEAMSWITCH,1,4775698E:RCS0961,DISCOVERY_TEAM,na,na,GOLDTOWN,,PRIMARY
TEAMSWITCH,1,1048766E:RCS1024,DISCOVERY_TEAM,na,na,GOLDTOWN,,PRIMARY
TEAMSWITCH,1,5634914:RCSG914-3,DISCOVERY_TEAM,na,na,GOLDTOWN,,PRIMARY
TEAMSWITCH,1,1190660E:RSR2184,DISCOVERY_TEAM,na,na,GOLDTOWN,,PRIMARY
TEAMSWITCH,1,4138098E:RSR2122,DISCOVERY_TEAM,na,na,GOLDTOWN,,PRIMARY
TEAMSWITCH,1,_D65CAB41-E3C8-4087-B8CF-B74B4136668A,DISCOVERY_TEAM,na,na,GOLDTOWN,,PRIMARY
TEAMSWITCH,1,2293725E:RCS0580,ADELANTO_TEAM,na,na,VICTOR,,PRIMARY
TEAMSWITCH,1,4213371E:RCS0462,ADELANTO_TEAM,na,na,VICTOR,,PRIMARY
TEAMSWITCH,1,5331726:RCS1710-4,ADELANTO_TEAM,na,na,VICTOR,,PRIMARY
TEAMSWITCH,1,_CD836C42-FEEC-4631-9F92-F95C5447CD94,ADELANTO_TEAM,na,na,VICTOR,,PRIMARY
TEAMSWITCH,1,4156152E:RCS0109,HERCULES_TEAM,na,na,HESPERIA,,PRIMARY
TEAMSWITCH,1,2363235E:RCS1106,HERCULES_TEAM,na,na,HESPERIA,,PRIMARY
TEAMSWITCH,1,4846645E:RSR0889,HERCULES_TEAM,na,na,HESPERIA,,PRIMARY
TEAMSWITCH,1,4856263E:RSR0108,HERCULES_TEAM,na,na,HESPERIA,,PRIMARY
TEAMSWITCH,1,2377472E:RSR0549,HERCULES_TEAM,na,na,HESPERIA,,PRIMARY
TEAMSWITCH,1,4937447E:RSR1291,HERCULES_TEAM,na,na,HESPERIA,,PRIMARY
TEAMSWITCH,1,_1A15CFC5-7831-4FEB-BD48-1C00052A76F2,HERCULES_TEAM,na,na,HESPERIA,,PRIMARY
TEAMSWITCH,1,5386840:RCS1449-1,LATIMER_TEAM,na,na,VICTOR,,PRIMARY
TEAMSWITCH,1,_87EEA5CF-9432-4A33-8EF1-1F67CC8075EE,LATIMER_TEAM,na,na,VICTOR,,PRIMARY
TEAMSWITCH,1,774649E:RCS0069,BLANCA_TEAM,na,na,COLUMBINE,,PRIMARY
TEAMSWITCH,1,4002114E:RCS0209,BLANCA_TEAM,na,na,COLUMBINE,,PRIMARY
TEAMSWITCH,1,4883787E:RCS1761,BLANCA_TEAM,na,na,COLUMBINE,,PRIMARY
TEAMSWITCH,1,_87867DC6-DB47-40CD-9424-4894BFC7174F,BLANCA_TEAM,na,na,COLUMBINE,,PRIMARY
TEAMSWITCH,1,5150795:RCS6083-5,ELLENWOOD_TEAM,na,na,ROLLING HILLS,,PRIMARY
TEAMSWITCH,1,5150784:RCS5021-2_CS,ELLENWOOD_TEAM,na,na,ROLLING HILLS,,PRIMARY
TEAMSWITCH,1,_9B561267-5BCF-4D5E-A06B-401317E11A55,ELLENWOOD_TEAM,na,na,ROLLING HILLS,,PRIMARY
TEAMSWITCH,1,4816240E:RAR0226,OAK CREEK_TEAM,na,na,ROSAMOND,,PRIMARY
TEAMSWITCH,1,1190685E:RCS0633,OAK CREEK_TEAM,na,na,ROSAMOND,,PRIMARY
TEAMSWITCH,1,_2BC73179-5323-4437-8E53-019E47918DFF,OAK CREEK_TEAM,na,na,ROSAMOND,,PRIMARY
TEAMSWITCH,1,5737816:RCS2625-2,MUGU_TEAM,na,na,COLONIA,,PRIMARY
TEAMSWITCH,1,5020370:RCS2672-5,MUGU_TEAM,na,na,COLONIA,,PRIMARY
TEAMSWITCH,1,_743E96C6-3D28-4C47-AD0F-5CF9AA2D67B6,MUGU_TEAM,na,na,COLONIA,,PRIMARY
TEAMSWITCH,1,_BBF40274-3C9B-4392-995F-C1B306AE32EC,MACY_TEAM,na,na,MUSCOY,,PRIMARY
TEAMSWITCH,1,_93CC858B-8D40-424E-96CE-E5810C539262,AIRBUS_TEAM,na,na,HELIJET,,PRIMARY
TEAMSWITCH,1,5011379:RCS1283-4,CARPENTER_TEAM,na,na,DEL ROSA,,PRIMARY
TEAMSWITCH,1,5011379:RCS1283-2,CARPENTER_TEAM,na,na,DEL ROSA,,PRIMARY
TEAMSWITCH,1,1329103E:RCS0587,CARPENTER_TEAM,na,na,DEL ROSA,,PRIMARY
TEAMSWITCH,1,_0D033C0D-F1F3-4885-880B-69C7C722FF15,CARPENTER_TEAM,na,na,DEL ROSA,,PRIMARY
TEAMSWITCH,1,2235699E:RCS2172,SPIKE_TEAM,na,na,BLOOMINGTON,,PRIMARY
TEAMSWITCH,1,2203307E:RCS2378,SPIKE_TEAM,na,na,BLOOMINGTON,,PRIMARY
TEAMSWITCH,1,5625210:RCS5909-1,SPIKE_TEAM,na,na,BLOOMINGTON,,PRIMARY
TEAMSWITCH,1,_967E10E6-C4DF-4A6B-BE36-2F8FD51A7102,SPIKE_TEAM,na,na,BLOOMINGTON,,PRIMARY
TEAMSWITCH,1,_6218008D-31B2-4EEC-87C3-26E51A0375C2,BONSALL_TEAM,na,na,SAWTELLE,,PRIMARY
TEAMSWITCH,1,1611836E:RCS0610,CAESAR_TEAM,na,na,HASKELL,,PRIMARY
TEAMSWITCH,1,4539427E:RCS0080,CAESAR_TEAM,na,na,HASKELL,,PRIMARY
TEAMSWITCH,1,5137624:RCS7624-2,CAESAR_TEAM,na,na,HASKELL,,PRIMARY
TEAMSWITCH,1,5658516:RCS2166-1_CS,CAESAR_TEAM,na,na,HASKELL,,PRIMARY
TEAMSWITCH,1,_F7D32B23-9165-410B-981F-6DBE2B25D608,CAESAR_TEAM,na,na,HASKELL,,PRIMARY
TEAMSWITCH,1,5040163:RCS1057-1,CORY_TEAM,na,na,BEVERLY,,PRIMARY
TEAMSWITCH,1,5040163:RCS4212-1,CORY_TEAM,na,na,BEVERLY,,PRIMARY
TEAMSWITCH,1,_2DADFC6D-03BC-496F-90C3-39AF1BDE447F,CORY_TEAM,na,na,BEVERLY,,PRIMARY
TEAMSWITCH,1,_A63690F6-7075-43E1-ACBB-E753AB15A0C5,CORY_TEAM,na,na,BEVERLY,,PRIMARY
TEAMSWITCH,1,E20438Y:RCS0268,PINEAPPLE_TEAM,na,na,CITRUS,,PRIMARY
TEAMSWITCH,1,4284183E:RCS0522,PINEAPPLE_TEAM,na,na,CITRUS,,PRIMARY
TEAMSWITCH,1,4365677E:RCS0713,PINEAPPLE_TEAM,na,na,CITRUS,,PRIMARY
TEAMSWITCH,1,761448E:RCS4648,PINEAPPLE_TEAM,na,na,CITRUS,,PRIMARY
TEAMSWITCH,1,4586300E:RCS0169,PINEAPPLE_TEAM,na,na,CITRUS,,PRIMARY
TEAMSWITCH,1,4635998E:RSR7827,PINEAPPLE_TEAM,na,na,CITRUS,,PRIMARY
TEAMSWITCH,1,_287CD0A9-2E33-4F5A-AD44-1997EE90EF41,PINEAPPLE_TEAM,na,na,CITRUS,,PRIMARY
TEAMSWITCH,1,4798290E:RAR3486,KYTE_TEAM,na,na,QUINN,,PRIMARY
TEAMSWITCH,1,771282E:RAR1914,KYTE_TEAM,na,na,QUINN,,PRIMARY
TEAMSWITCH,1,4541139E:RCS0723,KYTE_TEAM,na,na,QUINN,,PRIMARY
TEAMSWITCH,1,4677818E:RSR6878,KYTE_TEAM,na,na,QUINN,,PRIMARY
TEAMSWITCH,1,_17CFB494-9C7F-4C4A-A6E0-28F2A12DE596,KYTE_TEAM,na,na,QUINN,,PRIMARY
TEAMSWITCH,1,_688DD402-C300-486A-A0D1-EB320E371479,SUNTOWER_TEAM,na,na,SANTA MONICA,,PRIMARY
TEAMSWITCH,1,_C63DA10E-7F38-47FF-85A1-86E6401ED446,SUNTOWER_TEAM,na,na,SANTA MONICA,,PRIMARY
TEAMSWITCH,1,_E36103B9-109E-42FF-BD0F-1C22FE167AFD,SERVO_TEAM,na,na,CULVER,,PRIMARY
TEAMSWITCH,1,149067E:RCS1633,SALVADOR_TEAM,na,na,SAN MIGUEL,,PRIMARY
TEAMSWITCH,1,5033956:RCS8656-1,SALVADOR_TEAM,na,na,SAN MIGUEL,,PRIMARY
TEAMSWITCH,1,5195355:RCS3441-1,SALVADOR_TEAM,na,na,SAN MIGUEL,,PRIMARY
TEAMSWITCH,1,_E46C6773-21F8-45CC-B73A-2CC3E1C36670,SALVADOR_TEAM,na,na,SAN MIGUEL,,PRIMARY
TEAMSWITCH,1,1157063E:RCS0276,PUEBLO_TEAM,na,na,LA FRESA,,PRIMARY
TEAMSWITCH,1,_94ABFA52-CB06-43CC-B92D-1492C31100AA,PUEBLO_TEAM,na,na,LA FRESA,,PRIMARY
TEAMSWITCH,1,_E36B949B-8CD9-4DAF-8AAD-6F7BE97402F1,PUEBLO_TEAM,na,na,LA FRESA,,PRIMARY
TEAMSWITCH,1,4256076E:RAR1583,ORION_TEAM,na,na,LOCKHEED,,PRIMARY
TEAMSWITCH,1,4304992E:RAR3896,ORION_TEAM,na,na,LOCKHEED,,PRIMARY
TEAMSWITCH,1,4304985E:RCS5938,ORION_TEAM,na,na,LOCKHEED,,PRIMARY
TEAMSWITCH,1,5495379:RCS5379-4,ORION_TEAM,na,na,LOCKHEED,,PRIMARY
TEAMSWITCH,1,5450885:RCS9861-1,ORION_TEAM,na,na,LOCKHEED,,PRIMARY
TEAMSWITCH,1,5521204:RCS1204-4,ORION_TEAM,na,na,LOCKHEED,,PRIMARY
TEAMSWITCH,1,5521204:RCS1204-3,ORION_TEAM,na,na,LOCKHEED,,PRIMARY
TEAMSWITCH,1,4485650E:RCS1919,ORION_TEAM,na,na,LOCKHEED,,PRIMARY
TEAMSWITCH,1,5449919:RCS9919-2,ORION_TEAM,na,na,LOCKHEED,,PRIMARY
TEAMSWITCH,1,_314FD24A-8198-430F-9391-20DEF0984E3C,ORION_TEAM,na,na,LOCKHEED,,PRIMARY
TEAMSWITCH,1,1666451E:RCS0079,GILLIBRAND_TEAM,na,na,SANTA SUSANA,,PRIMARY
TEAMSWITCH,1,1365151E:RCS0299,GILLIBRAND_TEAM,na,na,SANTA SUSANA,,PRIMARY
TEAMSWITCH,1,1344312E:RCS0122,GILLIBRAND_TEAM,na,na,SANTA SUSANA,,PRIMARY
TEAMSWITCH,1,1831629E:RCS0357,GILLIBRAND_TEAM,na,na,SANTA SUSANA,,PRIMARY
TEAMSWITCH,1,5536040:RCS5567-1,GILLIBRAND_TEAM,na,na,SANTA SUSANA,,PRIMARY
TEAMSWITCH,1,5537870:RCS4615-1,GILLIBRAND_TEAM,na,na,SANTA SUSANA,,PRIMARY
TEAMSWITCH,1,5536044:RCS4614-2,GILLIBRAND_TEAM,na,na,SANTA SUSANA,,PRIMARY
TEAMSWITCH,1,5470027:RCS8751-1,GILLIBRAND_TEAM,na,na,SANTA SUSANA,,PRIMARY
TEAMSWITCH,1,5723284:RCS3284-4,GILLIBRAND_TEAM,na,na,SANTA SUSANA,,PRIMARY
TEAMSWITCH,1,_612ECDA9-5018-470E-B41E-C68E06B25E5A,GILLIBRAND_TEAM,na,na,SANTA SUSANA,,PRIMARY
TEAMSWITCH,1,5495399:RCS4824-4,MANTECA_TEAM,na,na,RANDALL,,PRIMARY
TEAMSWITCH,1,5513812:RCS5063-1,MANTECA_TEAM,na,na,RANDALL,,PRIMARY
TEAMSWITCH,1,_FDC65A71-EADE-4845-BB35-3902ABA495AF,MANTECA_TEAM,na,na,RANDALL,,PRIMARY
TEAMSWITCH,1,2241921E:RCS7552,ZANTAR_TEAM,na,na,MAXWELL,,PRIMARY
TEAMSWITCH,1,4001954E:RCS1136,ZANTAR_TEAM,na,na,MAXWELL,,PRIMARY
TEAMSWITCH,1,5639522:RCS7548-2,ZANTAR_TEAM,na,na,MAXWELL,,PRIMARY
TEAMSWITCH,1,5204834:RCS1039-3_CS,ZANTAR_TEAM,na,na,MAXWELL,,PRIMARY
TEAMSWITCH,1,5315846:RCS1130-2,ZANTAR_TEAM,na,na,MAXWELL,,PRIMARY
TEAMSWITCH,1,_7EDDCB8C-A22E-42D8-BB13-68BA59D32791,ZANTAR_TEAM,na,na,MAXWELL,,PRIMARY
TEAMSWITCH,1,5179659:RCS5040-1,WINFORD_TEAM,na,na,GONZALES,,PRIMARY
TEAMSWITCH,1,876956E:RSR0576,WINFORD_TEAM,na,na,GONZALES,,PRIMARY
TEAMSWITCH,1,_528EC716-2B8F-4370-BA09-69AC0B220B90,WINFORD_TEAM,na,na,GONZALES,,PRIMARY
TEAMSWITCH,1,1714421E:RCS0467,LA GRANDE_TEAM,na,na,ARCHLINE,,PRIMARY
TEAMSWITCH,1,4586182E:RCS0475,LA GRANDE_TEAM,na,na,ARCHLINE,,PRIMARY
TEAMSWITCH,1,1125316E:RCS0345,LA GRANDE_TEAM,na,na,ARCHLINE,,PRIMARY
TEAMSWITCH,1,_4151D648-3D29-44E6-B431-FFD921554824,LA GRANDE_TEAM,na,na,ARCHLINE,,PRIMARY
TEAMSWITCH,1,4697930E:RAR0213,GUNSITE_TEAM,na,na,GUNSITE PT,,PRIMARY
TEAMSWITCH,1,7317:GUNSITE P.T.-L1,GUNSITE_TEAM,na,na,GUNSITE PT,,PRIMARY
TEAMSWITCH,1,7317:GUNSITE P.T.-H1,GUNSITE_TEAM,na,na,GUNSITE PT,,PRIMARY
TEAMSWITCH,1,2240959E:RAR0801,BUFFER_TEAM,na,na,CHATSWORTH,,PRIMARY
TEAMSWITCH,1,3004126E:RAR0330,BUFFER_TEAM,na,na,CHATSWORTH,,PRIMARY
TEAMSWITCH,1,4434337E:RCS0786,BUFFER_TEAM,na,na,CHATSWORTH,,PRIMARY
TEAMSWITCH,1,5025212:RCS0467-4,BUFFER_TEAM,na,na,CHATSWORTH,,PRIMARY
TEAMSWITCH,1,5025212:RCS0467-3,BUFFER_TEAM,na,na,CHATSWORTH,,PRIMARY
TEAMSWITCH,1,_EEB550ED-A458-422D-A09B-E8903041EDAB,BUFFER_TEAM,na,na,CHATSWORTH,,PRIMARY
TEAMSWITCH,1,2373253E:RCS2130,YODA_TEAM,na,na,SHUTTLE,,PRIMARY
TEAMSWITCH,1,_F504C911-63D4-43E0-95DF-43C55CCF0BCF,YODA_TEAM,na,na,SHUTTLE,,PRIMARY
TEAMSWITCH,1,_2013B0BF-D0AC-4F0E-AD6D-275AFD52400B,CASA LOMA_TEAM,na,na,REDLANDS,,PRIMARY
TEAMSWITCH,1,2274079E:RCS1719,ENDOR_TEAM,na,na,SHUTTLE,,PRIMARY
TEAMSWITCH,1,_54A700F8-D89C-4715-96D7-8B41E1116111,ENDOR_TEAM,na,na,SHUTTLE,,PRIMARY
TEAMSWITCH,1,_252ED5FD-46B3-46A5-BB31-230300908D09,MATA_TEAM,na,na,COMPRESS,,PRIMARY
TEAMSWITCH,1,4557032E:RAR0490,ENERGY_TEAM,na,na,CHATSWORTH,,PRIMARY
TEAMSWITCH,1,2240781E:RAR0821,ENERGY_TEAM,na,na,CHATSWORTH,,PRIMARY
TEAMSWITCH,1,4743300E:RAR1576,ENERGY_TEAM,na,na,CHATSWORTH,,PRIMARY
TEAMSWITCH,1,4373585E:RAR0012,ENERGY_TEAM,na,na,CHATSWORTH,,PRIMARY
TEAMSWITCH,1,423330E:RCS0020,ENERGY_TEAM,na,na,CHATSWORTH,,PRIMARY
TEAMSWITCH,1,4078549E:RCS0572,ENERGY_TEAM,na,na,CHATSWORTH,,PRIMARY
TEAMSWITCH,1,1818044E:RCS0574,ENERGY_TEAM,na,na,CHATSWORTH,,PRIMARY
TEAMSWITCH,1,5721293:RCS5763-1,ENERGY_TEAM,na,na,CHATSWORTH,,PRIMARY
TEAMSWITCH,1,5727718:RCS8085-2,ENERGY_TEAM,na,na,CHATSWORTH,,PRIMARY
TEAMSWITCH,1,3002849E:RCS0149,ENERGY_TEAM,na,na,CHATSWORTH,,PRIMARY
TEAMSWITCH,1,5750237:RCS5841-1,ENERGY_TEAM,na,na,CHATSWORTH,,PRIMARY
TEAMSWITCH,1,4521775E:RCS5770,ENERGY_TEAM,na,na,CHATSWORTH,,PRIMARY
TEAMSWITCH,1,4080803E:RSR0634,ENERGY_TEAM,na,na,CHATSWORTH,,PRIMARY
TEAMSWITCH,1,_CD3BCB99-75AA-45A0-BFDD-D0320B3D230A,ENERGY_TEAM,na,na,CHATSWORTH,,PRIMARY
TEAMSWITCH,1,1451539E:RCS0197,WINLOCK_TEAM,na,na,ROLLING HILLS,,PRIMARY
TEAMSWITCH,1,1451502E:RCS0184,WINLOCK_TEAM,na,na,ROLLING HILLS,,PRIMARY
TEAMSWITCH,1,_D8189FE0-E45D-48F8-A484-05614886392B,WINLOCK_TEAM,na,na,ROLLING HILLS,,PRIMARY
TEAMSWITCH,1,2297565E:RCS2123,JEDI_TEAM,na,na,SHUTTLE,,PRIMARY
TEAMSWITCH,1,2360053E:RCS0373,JEDI_TEAM,na,na,SHUTTLE,,PRIMARY
TEAMSWITCH,1,4053129E:RCS1333,JEDI_TEAM,na,na,SHUTTLE,,PRIMARY
TEAMSWITCH,1,_BA1D4FE3-1E26-4FFC-9D7D-2ED9E44A4EC9,JEDI_TEAM,na,na,SHUTTLE,,PRIMARY
TEAMSWITCH,1,1923312E:RCS0372,FIRMONA_TEAM,na,na,LA FRESA,,PRIMARY
TEAMSWITCH,1,4527496E:RCS0504,FIRMONA_TEAM,na,na,LA FRESA,,PRIMARY
TEAMSWITCH,1,5054167:RCS4275-5_CS,FIRMONA_TEAM,na,na,LA FRESA,,PRIMARY
TEAMSWITCH,1,4489012E:RSR7117,FIRMONA_TEAM,na,na,LA FRESA,,PRIMARY
TEAMSWITCH,1,_169CD1BC-61F6-4E92-9E4E-588C98D50448,FIRMONA_TEAM,na,na,LA FRESA,,PRIMARY
TEAMSWITCH,1,_DCF44B4B-C354-4EE4-9B90-6258F880CC68,FIRMONA_TEAM,na,na,LA FRESA,,PRIMARY
TEAMSWITCH,1,4729754E:RCS0018,TOGA_TEAM,na,na,HASKELL,,PRIMARY
TEAMSWITCH,1,1922895E:RCS0098,TOGA_TEAM,na,na,HASKELL,,PRIMARY
TEAMSWITCH,1,5701514:RCS5177-1_CS,TOGA_TEAM,na,na,HASKELL,,PRIMARY
TEAMSWITCH,1,5334106:RCS5176-3_CS,TOGA_TEAM,na,na,HASKELL,,PRIMARY
TEAMSWITCH,1,_75E9031A-6F0B-4445-BA2D-FBAEFEC6536B,TOGA_TEAM,na,na,HASKELL,,PRIMARY
TEAMSWITCH,1,_EAD8F7B0-BF2E-4BCC-B791-0667A48E1E5B,DARBY_TEAM,na,na,MORNINGSIDE,,PRIMARY
TEAMSWITCH,1,1487196E:RCS0516,HOLLYWOOD_TEAM,na,na,FAIRFAX,,PRIMARY
TEAMSWITCH,1,5304432:RCS1115-2,HOLLYWOOD_TEAM,na,na,FAIRFAX,,PRIMARY
TEAMSWITCH,1,5041248:RCS1170-3_CS,HOLLYWOOD_TEAM,na,na,FAIRFAX,,PRIMARY
TEAMSWITCH,1,5039806:RCS0590-2_CS,HOLLYWOOD_TEAM,na,na,FAIRFAX,,PRIMARY
TEAMSWITCH,1,X7314E:RSR4719,HOLLYWOOD_TEAM,na,na,FAIRFAX,,PRIMARY
TEAMSWITCH,1,_83F759E6-24DD-4BFE-BA2C-CCFD8AFA089B,HOLLYWOOD_TEAM,na,na,FAIRFAX,,PRIMARY
TEAMSWITCH,1,_43897084-63A7-4892-BD8F-5E769CCD4C8D,HOLLYWOOD_TEAM,na,na,FAIRFAX,,PRIMARY
TEAMSWITCH,1,1920735E:RAR6509,TAPO_TEAM,na,na,SANTA SUSANA,,PRIMARY
TEAMSWITCH,1,4992952E:RAR6133,TAPO_TEAM,na,na,SANTA SUSANA,,PRIMARY
TEAMSWITCH,1,1365151E:RCS0299,TAPO_TEAM,na,na,SANTA SUSANA,,PRIMARY
TEAMSWITCH,1,2115441E:RCS0701,TAPO_TEAM,na,na,SANTA SUSANA,,PRIMARY
TEAMSWITCH,1,5495322:RCS8919-1,TAPO_TEAM,na,na,SANTA SUSANA,,PRIMARY
TEAMSWITCH,1,5723284:RCS3284-4,TAPO_TEAM,na,na,SANTA SUSANA,,PRIMARY
TEAMSWITCH,1,5513771:RCS5511-4_CS,TAPO_TEAM,na,na,SANTA SUSANA,,PRIMARY
TEAMSWITCH,1,_93E3E1B7-3A8D-4445-8611-5C66F23ABC4F,TAPO_TEAM,na,na,SANTA SUSANA,,PRIMARY
TEAMSWITCH,1,770336E:RCS1466,TOLA_TEAM,na,na,ARROYO,,PRIMARY
TEAMSWITCH,1,770467E:RCS0606,TOLA_TEAM,na,na,ARROYO,,PRIMARY
TEAMSWITCH,1,5306896:RCS0286-1,TOLA_TEAM,na,na,ARROYO,,PRIMARY
TEAMSWITCH,1,1798830E:RSR0664,TOLA_TEAM,na,na,ARROYO,,PRIMARY
TEAMSWITCH,1,_3ED3E2A7-C729-4CD9-86FC-D3DD2F2FD8C3,TOLA_TEAM,na,na,ARROYO,,PRIMARY
TEAMSWITCH,1,4743059E:RCS0207,BRAEMER_TEAM,na,na,PLAYA,,PRIMARY
TEAMSWITCH,1,4704001E:RCS9663,BRAEMER_TEAM,na,na,PLAYA,,PRIMARY
TEAMSWITCH,1,_31AA8631-70B2-4E0B-9247-D267FE6E8C26,BRAEMER_TEAM,na,na,PLAYA,,PRIMARY
TEAMSWITCH,1,604394E:RAR1248,GLOVER_TEAM,na,na,OCTOL,,PRIMARY
TEAMSWITCH,1,4695595E:RCS1200,GLOVER_TEAM,na,na,OCTOL,,PRIMARY
TEAMSWITCH,1,4704876E:RCS1266,GLOVER_TEAM,na,na,OCTOL,,PRIMARY
TEAMSWITCH,1,4657494E:RCS1417,GLOVER_TEAM,na,na,OCTOL,,PRIMARY
TEAMSWITCH,1,4679386E:RCS3792,GLOVER_TEAM,na,na,OCTOL,,PRIMARY
TEAMSWITCH,1,_B207D01E-7E00-423F-811F-FD59CC61B584,GLOVER_TEAM,na,na,OCTOL,,PRIMARY
TEAMSWITCH,1,1355688E:RAR0267,GRUBSTAKE_TEAM,na,na,ROSAMOND,,PRIMARY
TEAMSWITCH,1,843621E:RCS0056,GRUBSTAKE_TEAM,na,na,ROSAMOND,,PRIMARY
TEAMSWITCH,1,1355686E:RCS0826,GRUBSTAKE_TEAM,na,na,ROSAMOND,,PRIMARY
TEAMSWITCH,1,5655910:RCSG910-3,GRUBSTAKE_TEAM,na,na,ROSAMOND,,PRIMARY
TEAMSWITCH,1,368405E:RSR0025,GRUBSTAKE_TEAM,na,na,ROSAMOND,,PRIMARY
TEAMSWITCH,1,_FEBE418F-8E03-402E-9D06-CDB756A83C61,GRUBSTAKE_TEAM,na,na,ROSAMOND,,PRIMARY
TEAMSWITCH,1,1482687E:RCS0097,NERO_TEAM,na,na,HASKELL,,PRIMARY
TEAMSWITCH,1,1922895E:RCS0098,NERO_TEAM,na,na,HASKELL,,PRIMARY
TEAMSWITCH,1,1155194E:RCS0085,NERO_TEAM,na,na,HASKELL,,PRIMARY
TEAMSWITCH,1,4257205E:RCS1585,NERO_TEAM,na,na,HASKELL,,PRIMARY
TEAMSWITCH,1,1216650E:RCS0562,NERO_TEAM,na,na,HASKELL,,PRIMARY
TEAMSWITCH,1,_A646073F-4739-48AA-9521-3068B6D78341,NERO_TEAM,na,na,HASKELL,,PRIMARY
TEAMSWITCH,1,4778858E:RAR1147,BLEDSOE_TEAM,na,na,NEENACH,,PRIMARY
TEAMSWITCH,1,1805522E:RAR1215,BLEDSOE_TEAM,na,na,NEENACH,,PRIMARY
TEAMSWITCH,1,2334492E:RCS0501,BLEDSOE_TEAM,na,na,NEENACH,,PRIMARY
TEAMSWITCH,1,1115252E:RCS0496,BLEDSOE_TEAM,na,na,NEENACH,,PRIMARY
TEAMSWITCH,1,699350E:RCS0082,BLEDSOE_TEAM,na,na,NEENACH,,PRIMARY
TEAMSWITCH,1,5716807:RCSG807-1,BLEDSOE_TEAM,na,na,NEENACH,,PRIMARY
TEAMSWITCH,1,_AD8BB98B-088D-4632-A635-896BAAEFECC6,BLEDSOE_TEAM,na,na,NEENACH,,PRIMARY
TEAMSWITCH,1,4053090E:RCS2246,DIVISION_TEAM,na,na,ROSAMOND,,PRIMARY
TEAMSWITCH,1,4093520E:RCS0357,DIVISION_TEAM,na,na,ROSAMOND,,PRIMARY
TEAMSWITCH,1,4244530E:RCS0704,DIVISION_TEAM,na,na,ROSAMOND,,PRIMARY
TEAMSWITCH,1,_BC48F098-0313-4EE6-91B6-21A0CC7145C3,DIVISION_TEAM,na,na,ROSAMOND,,PRIMARY
TEAMSWITCH,1,1604409E:RCS0244,MALOY_TEAM,na,na,SATICOY,,PRIMARY
TEAMSWITCH,1,1139038E:RSR1336,MALOY_TEAM,na,na,SATICOY,,PRIMARY
TEAMSWITCH,1,_9E0E5C7C-2629-46A5-A636-844F6524A40E,MALOY_TEAM,na,na,SATICOY,,PRIMARY
TEAMSWITCH,1,5515270:RCS5270-3,MAXIMUS_TEAM,na,na,HASKELL,,PRIMARY
TEAMSWITCH,1,5515266:RCS5266-2,MAXIMUS_TEAM,na,na,HASKELL,,PRIMARY
TEAMSWITCH,1,5658516:RCS2166-1_CS,MAXIMUS_TEAM,na,na,HASKELL,,PRIMARY
TEAMSWITCH,1,5658702:RCS8702-2,MAXIMUS_TEAM,na,na,HASKELL,,PRIMARY
TEAMSWITCH,1,_84645D66-8FC7-4713-A6D6-2F048C0946F9,MAXIMUS_TEAM,na,na,HASKELL,,PRIMARY
TEAMSWITCH,1,235068E:RAR0889,POTATO_TEAM,na,na,SIXTEENTH STREET,,PRIMARY
TEAMSWITCH,1,823748E:RAR1549,POTATO_TEAM,na,na,SIXTEENTH STREET,,PRIMARY
TEAMSWITCH,1,872820E:RCS0645,POTATO_TEAM,na,na,SIXTEENTH STREET,,PRIMARY
TEAMSWITCH,1,1811572E:RCS0667,POTATO_TEAM,na,na,SIXTEENTH STREET,,PRIMARY
TEAMSWITCH,1,209633E:RCS0258,POTATO_TEAM,na,na,SIXTEENTH STREET,,PRIMARY
TEAMSWITCH,1,_90689ECC-9369-4C49-9AA9-35AFE100DC88,POTATO_TEAM,na,na,SIXTEENTH STREET,,PRIMARY
TEAMSWITCH,1,5508959:RCS5041-4,BOLOR_TEAM,na,na,ALDER,,PRIMARY
TEAMSWITCH,1,4458417E:RSR0843,BOLOR_TEAM,na,na,ALDER,,PRIMARY
TEAMSWITCH,1,_7E8330DB-6B5F-4974-AF17-B83E3D4707E4,BOLOR_TEAM,na,na,ALDER,,PRIMARY
TEAMSWITCH,1,4672791E:RAR0857,STONEWOOD_TEAM,na,na,YUCAIPA,,PRIMARY
TEAMSWITCH,1,5508395:RCS2211-1,STONEWOOD_TEAM,na,na,YUCAIPA,,PRIMARY
TEAMSWITCH,1,5456901:RCS1155-2,STONEWOOD_TEAM,na,na,YUCAIPA,,PRIMARY
TEAMSWITCH,1,4715612E:RCS0369,STONEWOOD_TEAM,na,na,YUCAIPA,,PRIMARY
TEAMSWITCH,1,5559220:RCSG008-1,STONEWOOD_TEAM,na,na,YUCAIPA,,PRIMARY
TEAMSWITCH,1,_FA4392B5-9436-46F6-A3FD-1A4D4A04C05E,STONEWOOD_TEAM,na,na,YUCAIPA,,PRIMARY
TEAMSWITCH,1,_33188AFA-E744-4A01-BA37-919B84C5099F,STONEWOOD_TEAM,na,na,YUCAIPA,,PRIMARY
TEAMSWITCH,1,4446315E:RCS0495,GAMMA_TEAM,na,na,TELEGRAPH,,PRIMARY
TEAMSWITCH,1,1700018E:RSR0924,GAMMA_TEAM,na,na,TELEGRAPH,,PRIMARY
TEAMSWITCH,1,_CE5FD1A8-4BC1-46B5-A0F8-8B8D1E68E454,GAMMA_TEAM,na,na,TELEGRAPH,,PRIMARY
TEAMSWITCH,1,_0F5E68D6-A86D-419B-A892-E8237DA472B8,GAMMA_TEAM,na,na,TELEGRAPH,,PRIMARY
TEAMSWITCH,1,2310072E:RAR0845,CHARLIE_TEAM,na,na,ALDER,,PRIMARY
TEAMSWITCH,1,4486834E:RCS2379,CHARLIE_TEAM,na,na,ALDER,,PRIMARY
TEAMSWITCH,1,5580548:RCS5517-2,CHARLIE_TEAM,na,na,ALDER,,PRIMARY
TEAMSWITCH,1,2206108E:RCS0171,CHARLIE_TEAM,na,na,ALDER,,PRIMARY
TEAMSWITCH,1,2310062E:RCS2182,CHARLIE_TEAM,na,na,ALDER,,PRIMARY
TEAMSWITCH,1,_8CE496A5-C249-413E-816C-466409C1CA27,CHARLIE_TEAM,na,na,ALDER,,PRIMARY
TEAMSWITCH,1,7204:ELAINE P.T.-L1,ELAINE_TEAM,na,na,ELAINE PT,,PRIMARY
TEAMSWITCH,1,7204:ELAINE P.T.-H1,ELAINE_TEAM,na,na,ELAINE PT,,PRIMARY
TEAMSWITCH,1,4816175E:RAR0152,REVERSE PEAK_TEAM,na,na,JUNE LAKE,,PRIMARY
TEAMSWITCH,1,4829201E:RAR0112,REVERSE PEAK_TEAM,na,na,JUNE LAKE,,PRIMARY
TEAMSWITCH,1,1735430E:RCS0109,REVERSE PEAK_TEAM,na,na,JUNE LAKE,,PRIMARY
TEAMSWITCH,1,4234769E:RCS0108,REVERSE PEAK_TEAM,na,na,JUNE LAKE,,PRIMARY
TEAMSWITCH,1,1930171E:RCS0239,REVERSE PEAK_TEAM,na,na,JUNE LAKE,,PRIMARY
TEAMSWITCH,1,4234687E:RCS0153,REVERSE PEAK_TEAM,na,na,JUNE LAKE,,PRIMARY
TEAMSWITCH,1,45427S:RCS0385,REVERSE PEAK_TEAM,na,na,JUNE LAKE,,PRIMARY
TEAMSWITCH,1,_731C6C05-3365-414B-A278-21574A52806D,REVERSE PEAK_TEAM,na,na,JUNE LAKE,,PRIMARY
TEAMSWITCH,1,1019552E:RCS1078,ESCAMILLA_TEAM,na,na,NARROWS,,PRIMARY
TEAMSWITCH,1,4680825E:RCS1629,ESCAMILLA_TEAM,na,na,NARROWS,,PRIMARY
TEAMSWITCH,1,GT128057:RCS1714,ESCAMILLA_TEAM,na,na,NARROWS,,PRIMARY
TEAMSWITCH,1,1630188E:RSR1784,ESCAMILLA_TEAM,na,na,NARROWS,,PRIMARY
TEAMSWITCH,1,_4442C94E-D8ED-4577-831F-067E9618917D,ESCAMILLA_TEAM,na,na,NARROWS,,PRIMARY
TEAMSWITCH,1,_E5216F0F-4510-450A-8983-9705EC1361B7,HINDRY_TEAM,na,na,FELTON,,PRIMARY
TEAMSWITCH,1,2005253E:RCS1082,TAKNING_TEAM,na,na,ALHAMBRA,,PRIMARY
TEAMSWITCH,1,902301E:RCS1504,TAKNING_TEAM,na,na,ALHAMBRA,,PRIMARY
TEAMSWITCH,1,5003277:RCS0653-1,TAKNING_TEAM,na,na,ALHAMBRA,,PRIMARY
TEAMSWITCH,1,2078284E:RCS1029,TAKNING_TEAM,na,na,ALHAMBRA,,PRIMARY
TEAMSWITCH,1,4966851E:RCS0234,TAKNING_TEAM,na,na,ALHAMBRA,,PRIMARY
TEAMSWITCH,1,4305857E:RCS1592,TAKNING_TEAM,na,na,ALHAMBRA,,PRIMARY
TEAMSWITCH,1,2279132E:RCS1575,TAKNING_TEAM,na,na,ALHAMBRA,,PRIMARY
TEAMSWITCH,1,1417449E:RSR8087,TAKNING_TEAM,na,na,ALHAMBRA,,PRIMARY
TEAMSWITCH,1,_D658B83D-1FFF-4B97-AF33-0076BD8D2376,TAKNING_TEAM,na,na,ALHAMBRA,,PRIMARY
TEAMSWITCH,1,_6EC0DAA2-BA34-4CBC-BF24-761445B2C538,TAKNING_TEAM,na,na,ALHAMBRA,,PRIMARY
TEAMSWITCH,1,4446105E:RCS2405,MANNING_TEAM,na,na,DECLEZ,,PRIMARY
TEAMSWITCH,1,4446136E:RCS2406,MANNING_TEAM,na,na,DECLEZ,,PRIMARY
TEAMSWITCH,1,_41AB8845-DF17-4E82-B95C-45C603FEC782,MANNING_TEAM,na,na,DECLEZ,,PRIMARY
TEAMSWITCH,1,1524555E:RCS0736,WASP_TEAM,na,na,VEGAS,,PRIMARY
TEAMSWITCH,1,5548761:RCS6643-2,WASP_TEAM,na,na,VEGAS,,PRIMARY
TEAMSWITCH,1,4855209E:RSR4236,WASP_TEAM,na,na,VEGAS,,PRIMARY
TEAMSWITCH,1,4855208E:RSR4234,WASP_TEAM,na,na,VEGAS,,PRIMARY
TEAMSWITCH,1,1675891E:RSR0088,WASP_TEAM,na,na,VEGAS,,PRIMARY
TEAMSWITCH,1,4421810E:RSR0493,WASP_TEAM,na,na,VEGAS,,PRIMARY
TEAMSWITCH,1,_CB66A3A0-ACBF-4BED-B029-4C09D6F138F2,WASP_TEAM,na,na,VEGAS,,PRIMARY
TEAMSWITCH,1,_DE31C89F-2718-4077-B32A-0A8B29F1E85B,CADIZ_TEAM,na,na,NEWMARK,,PRIMARY
TEAMSWITCH,1,4311180E:RCS3952,VASQUEZ_TEAM,na,na,SOLEMINT,,PRIMARY
TEAMSWITCH,1,5035722:RCS5722-4,VASQUEZ_TEAM,na,na,SOLEMINT,,PRIMARY
TEAMSWITCH,1,5205449:RCS5449-4_CS,VASQUEZ_TEAM,na,na,SOLEMINT,,PRIMARY
TEAMSWITCH,1,_2E3087F6-C7E0-4A30-94F4-95534D4C1D84,VASQUEZ_TEAM,na,na,SOLEMINT,,PRIMARY
TEAMSWITCH,1,7621:ORSATTI P.T.-L1,ORSATTI_TEAM,na,na,ORSATTI PT,,PRIMARY
TEAMSWITCH,1,7621:ORSATTI P.T.-H1,ORSATTI_TEAM,na,na,ORSATTI PT,,PRIMARY
TEAMSWITCH,1,2082370E:RCS2042,TAMARIND_TEAM,na,na,ALDER,,PRIMARY
TEAMSWITCH,1,1296364E:RCS0327,TAMARIND_TEAM,na,na,ALDER,,PRIMARY
TEAMSWITCH,1,320331E:RCS0152,TAMARIND_TEAM,na,na,ALDER,,PRIMARY
TEAMSWITCH,1,262574E:RSR2527,TAMARIND_TEAM,na,na,ALDER,,PRIMARY
TEAMSWITCH,1,4149547E:RSR0245,TAMARIND_TEAM,na,na,ALDER,,PRIMARY
TEAMSWITCH,1,4931694E:RSR2534,TAMARIND_TEAM,na,na,ALDER,,PRIMARY
TEAMSWITCH,1,272018E:RSR2482,TAMARIND_TEAM,na,na,ALDER,,PRIMARY
TEAMSWITCH,1,_434663FE-5AF3-4B02-AA2E-B332CB433DE9,TAMARIND_TEAM,na,na,ALDER,,PRIMARY
TEAMSWITCH,1,2287512E:RAR1431,BOBCAT_TEAM,na,na,WHEATLAND,,PRIMARY
TEAMSWITCH,1,4353831E:RCS1412,BOBCAT_TEAM,na,na,WHEATLAND,,PRIMARY
TEAMSWITCH,1,957131E:RCS1452,BOBCAT_TEAM,na,na,WHEATLAND,,PRIMARY
TEAMSWITCH,1,4518883E:RSR0063,BOBCAT_TEAM,na,na,WHEATLAND,,PRIMARY
TEAMSWITCH,1,_A25EB33C-4568-4463-B05C-182EA8FB0D4B,BOBCAT_TEAM,na,na,WHEATLAND,,PRIMARY
TEAMSWITCH,1,_F78BDF69-7396-4AC7-AC7A-FBB41742F0A3,SOCONY_TEAM,na,na,MOBILOIL,,PRIMARY
TEAMSWITCH,1,4650078E:RAR0289,MEDALLION_TEAM,na,na,LANCASTER,,PRIMARY
TEAMSWITCH,1,2038249E:RCS0807,MEDALLION_TEAM,na,na,LANCASTER,,PRIMARY
TEAMSWITCH,1,5035825E:RSR0256,MEDALLION_TEAM,na,na,LANCASTER,,PRIMARY
TEAMSWITCH,1,_4E7C798F-79F8-4908-9007-F1AFDB9136F9,MEDALLION_TEAM,na,na,LANCASTER,,PRIMARY
TEAMSWITCH,1,2101693E:RCS0381,MUSE_TEAM,na,na,TIMOTEO,,PRIMARY
TEAMSWITCH,1,4728423E:RCS0821,MUSE_TEAM,na,na,TIMOTEO,,PRIMARY
TEAMSWITCH,1,4258926E:RCS0811,MUSE_TEAM,na,na,TIMOTEO,,PRIMARY
TEAMSWITCH,1,513497E:RCS0465,MUSE_TEAM,na,na,TIMOTEO,,PRIMARY
TEAMSWITCH,1,_D6E848F6-82AC-4CDC-B025-4D8E3F24F2E7,MUSE_TEAM,na,na,TIMOTEO,,PRIMARY
TEAMSWITCH,1,4080031E:RAR1089,CORNWALL_TEAM,na,na,NARROWS,,PRIMARY
TEAMSWITCH,1,2356361E:RCS1063,CORNWALL_TEAM,na,na,NARROWS,,PRIMARY
TEAMSWITCH,1,5526410:RCS5922-5,CORNWALL_TEAM,na,na,NARROWS,,PRIMARY
TEAMSWITCH,1,5010251E:RSR0132,CORNWALL_TEAM,na,na,NARROWS,,PRIMARY
TEAMSWITCH,1,_0675D6FA-2AD6-479E-9D73-8B671189ED51,CORNWALL_TEAM,na,na,NARROWS,,PRIMARY
TEAMSWITCH,1,_160D75D9-50EB-41C4-902A-9AEAA1469E35,CENTAUR_TEAM,na,na,SAN BERNARDINO,,PRIMARY
TEAMSWITCH,1,1560409E:RAR0268,STOCKER_TEAM,na,na,WINDSOR HILLS,,PRIMARY
TEAMSWITCH,1,4292027E:RAR1314,STOCKER_TEAM,na,na,WINDSOR HILLS,,PRIMARY
TEAMSWITCH,1,1636667E:RCS0265,STOCKER_TEAM,na,na,WINDSOR HILLS,,PRIMARY
TEAMSWITCH,1,5545093:RCS6751-1,STOCKER_TEAM,na,na,WINDSOR HILLS,,PRIMARY
TEAMSWITCH,1,_F47096AA-4F13-48EA-95DF-B26FB2D444E7,STOCKER_TEAM,na,na,WINDSOR HILLS,,PRIMARY
TEAMSWITCH,1,4723752E:RAR2288,CHICAGO_TEAM,na,na,BELVEDERE,,PRIMARY
TEAMSWITCH,1,2285502E:RCS1726,CHICAGO_TEAM,na,na,BELVEDERE,,PRIMARY
TEAMSWITCH,1,4432605E:RCS1094,CHICAGO_TEAM,na,na,BELVEDERE,,PRIMARY
TEAMSWITCH,1,_50BD8F54-F04A-4A1A-B4EB-6DF5FB9EE025,CHICAGO_TEAM,na,na,BELVEDERE,,PRIMARY
TEAMSWITCH,1,4072212E:RCS0230,JUDSON_TEAM,na,na,REDLANDS,,PRIMARY
TEAMSWITCH,1,_A181DD66-2B66-4F9A-893D-AEDDFA684B2D,JUDSON_TEAM,na,na,REDLANDS,,PRIMARY
TEAMSWITCH,1,_A1DB5990-83CE-4E76-9802-B4AEBD192241,BRUNNER_TEAM,na,na,ALHAMBRA,,PRIMARY
TEAMSWITCH,1,4517380E:RCS5379,GREY_TEAM,na,na,ARCHLINE,,PRIMARY
TEAMSWITCH,1,5342138:RCS5369-1,GREY_TEAM,na,na,ARCHLINE,,PRIMARY
TEAMSWITCH,1,_192B2080-3DBF-47D8-84A4-914014726EED,GREY_TEAM,na,na,ARCHLINE,,PRIMARY
TEAMSWITCH,1,_030B762F-7AB2-4C90-98A5-1141D9C3C493,GARNER_TEAM,na,na,MT VERNON,,PRIMARY
TEAMSWITCH,1,7803:SPACEX P.T.-L1,SPACEX_TEAM,na,na,SPACEX PT,,PRIMARY
TEAMSWITCH,1,7803:SPACEX P.T.-H1,SPACEX_TEAM,na,na,SPACEX PT,,PRIMARY
TEAMSWITCH,1,4797509E:RCS0590,TRIGO_TEAM,na,na,ISLA VISTA,,PRIMARY
TEAMSWITCH,1,_BF75843A-AB8A-47D0-856A-CCB80E38A82B,TRIGO_TEAM,na,na,ISLA VISTA,,PRIMARY
TEAMSWITCH,1,1231216E:RAR1374,NARBONNE_TEAM,na,na,WALTERIA,,PRIMARY
TEAMSWITCH,1,4439775E:RCS0527,NARBONNE_TEAM,na,na,WALTERIA,,PRIMARY
TEAMSWITCH,1,_57F49CFA-A49D-46FE-B8A9-73D2B58A3A60,NARBONNE_TEAM,na,na,WALTERIA,,PRIMARY
TEAMSWITCH,1,508806E:RCS1051,ALMANSOR_TEAM,na,na,ALHAMBRA,,PRIMARY
TEAMSWITCH,1,5003277:RCS0653-1,ALMANSOR_TEAM,na,na,ALHAMBRA,,PRIMARY
TEAMSWITCH,1,_D9E295A9-802C-4BDC-AF53-9B9250FC2CDF,ALMANSOR_TEAM,na,na,ALHAMBRA,,PRIMARY
TEAMSWITCH,1,_405147E9-3508-4312-9A40-601A40150C0C,ALMANSOR_TEAM,na,na,ALHAMBRA,,PRIMARY
TEAMSWITCH,1,4734136E:RAR1646,JAMESON_TEAM,na,na,SANTA BARBARA,,PRIMARY
TEAMSWITCH,1,5567644:RCS7644-2,JAMESON_TEAM,na,na,SANTA BARBARA,,PRIMARY
TEAMSWITCH,1,5317299:RCS0799-1,JAMESON_TEAM,na,na,SANTA BARBARA,,PRIMARY
TEAMSWITCH,1,5317299:RCS0799-2,JAMESON_TEAM,na,na,SANTA BARBARA,,PRIMARY
TEAMSWITCH,1,4966134E:RCS1572,JAMESON_TEAM,na,na,SANTA BARBARA,,PRIMARY
TEAMSWITCH,1,_4ACEB673-B391-401F-9485-6BC932B6EF1D,JAMESON_TEAM,na,na,SANTA BARBARA,,PRIMARY
TEAMSWITCH,1,_F8119541-FD52-43E0-B266-18217611899C,JAMESON_TEAM,na,na,SANTA BARBARA,,PRIMARY
TEAMSWITCH,1,7824:TYBURN P.T.-L1,TYBURN_TEAM,na,na,TYBURN PT,,PRIMARY
TEAMSWITCH,1,7824:TYBURN P.T.-H1,TYBURN_TEAM,na,na,TYBURN PT,,PRIMARY
TEAMSWITCH,1,883686E:RAR9600,CISCO_TEAM,na,na,SAN MIGUEL,,PRIMARY
TEAMSWITCH,1,5458587:RCS1644-1,CISCO_TEAM,na,na,SAN MIGUEL,,PRIMARY
TEAMSWITCH,1,5033759:RCS5062-3,CISCO_TEAM,na,na,SAN MIGUEL,,PRIMARY
TEAMSWITCH,1,_4EC14C91-F04B-47B5-A2A6-FA153C4E0E96,CISCO_TEAM,na,na,SAN MIGUEL,,PRIMARY
TEAMSWITCH,1,4908861E:RCS1498,ROSEDALE_TEAM,na,na,LINDSAY,,PRIMARY
TEAMSWITCH,1,1464909E:RCS1582,ROSEDALE_TEAM,na,na,LINDSAY,,PRIMARY
TEAMSWITCH,1,4701909E:RSR1506,ROSEDALE_TEAM,na,na,LINDSAY,,PRIMARY
TEAMSWITCH,1,_AF2D46AE-8DF7-4B66-A8B0-15504FBB7062,ROSEDALE_TEAM,na,na,LINDSAY,,PRIMARY
TEAMSWITCH,1,4874611E:RAR0269,ESCONDIDO_TEAM,na,na,ESCONDIDO PT,,PRIMARY
TEAMSWITCH,1,7215:ESCONDIDO P.T.-L1,ESCONDIDO_TEAM,na,na,ESCONDIDO PT,,PRIMARY
TEAMSWITCH,1,7215:ESCONDIDO P.T.-H1,ESCONDIDO_TEAM,na,na,ESCONDIDO PT,,PRIMARY
TEAMSWITCH,1,2140779E:RAR1490,SCIURBA_TEAM,na,na,WALTERIA,,PRIMARY
TEAMSWITCH,1,1319717E:RAR1121,SCIURBA_TEAM,na,na,WALTERIA,,PRIMARY
TEAMSWITCH,1,1037175E:RCS0120,SCIURBA_TEAM,na,na,WALTERIA,,PRIMARY
TEAMSWITCH,1,4489999E:RCS1117,SCIURBA_TEAM,na,na,WALTERIA,,PRIMARY
TEAMSWITCH,1,1319719E:RCS1122,SCIURBA_TEAM,na,na,WALTERIA,,PRIMARY
TEAMSWITCH,1,1579364E:RCS1124,SCIURBA_TEAM,na,na,WALTERIA,,PRIMARY
TEAMSWITCH,1,1319738E:RCS1573,SCIURBA_TEAM,na,na,WALTERIA,,PRIMARY
TEAMSWITCH,1,4706090E:RCS0046,SCIURBA_TEAM,na,na,WALTERIA,,PRIMARY
TEAMSWITCH,1,4878527E:RSR1445,SCIURBA_TEAM,na,na,WALTERIA,,PRIMARY
TEAMSWITCH,1,4821145E:RSR1080,SCIURBA_TEAM,na,na,WALTERIA,,PRIMARY
TEAMSWITCH,1,_FA4336C6-E5D4-4874-A747-86200D5B5CB1,SCIURBA_TEAM,na,na,WALTERIA,,PRIMARY
TEAMSWITCH,1,4951660E:RAR7143,HALLDALE_TEAM,na,na,BRIGHTON,,PRIMARY
TEAMSWITCH,1,4437813E:RCS0083,HALLDALE_TEAM,na,na,BRIGHTON,,PRIMARY
TEAMSWITCH,1,4776249E:RSR7144,HALLDALE_TEAM,na,na,BRIGHTON,,PRIMARY
TEAMSWITCH,1,1861220E:RSR1449,HALLDALE_TEAM,na,na,BRIGHTON,,PRIMARY
TEAMSWITCH,1,_27DA46EE-E6D1-4299-9AD5-31F6776FB0C8,HALLDALE_TEAM,na,na,BRIGHTON,,PRIMARY
TEAMSWITCH,1,4896610E:RAR1282,TANDEM_TEAM,na,na,WALTERIA,,PRIMARY
TEAMSWITCH,1,1037175E:RCS0120,TANDEM_TEAM,na,na,WALTERIA,,PRIMARY
TEAMSWITCH,1,1319026E:RCS1176,TANDEM_TEAM,na,na,WALTERIA,,PRIMARY
TEAMSWITCH,1,5054939:RCS4835-2,TANDEM_TEAM,na,na,WALTERIA,,PRIMARY
TEAMSWITCH,1,5595826:RCS6374-4,TANDEM_TEAM,na,na,WALTERIA,,PRIMARY
TEAMSWITCH,1,1318573E:RSR1270,TANDEM_TEAM,na,na,WALTERIA,,PRIMARY
TEAMSWITCH,1,_8D4AA6B5-6180-4AA5-B7EC-A3ECF65195AC,TANDEM_TEAM,na,na,WALTERIA,,PRIMARY
TEAMSWITCH,1,5430683:RCS4582-3,BIRCHWOOD_TEAM,na,na,OAK PARK,,PRIMARY
TEAMSWITCH,1,5430683:RCS4582-4,BIRCHWOOD_TEAM,na,na,OAK PARK,,PRIMARY
TEAMSWITCH,1,5642947:RCS0957-3,BIRCHWOOD_TEAM,na,na,OAK PARK,,PRIMARY
TEAMSWITCH,1,5491480:RCS8947-1,BIRCHWOOD_TEAM,na,na,OAK PARK,,PRIMARY
TEAMSWITCH,1,5491480:RCS8947-3,BIRCHWOOD_TEAM,na,na,OAK PARK,,PRIMARY
TEAMSWITCH,1,_150ECA01-5DD5-4728-A65C-001C1BCEEBDF,BIRCHWOOD_TEAM,na,na,OAK PARK,,PRIMARY
TEAMSWITCH,1,2268493E:RAR1180,DENTAL_TEAM,na,na,TIMOTEO,,PRIMARY
TEAMSWITCH,1,2357178E:RAR1090,DENTAL_TEAM,na,na,TIMOTEO,,PRIMARY
TEAMSWITCH,1,4603695E:RCS0261,DENTAL_TEAM,na,na,TIMOTEO,,PRIMARY
TEAMSWITCH,1,1070876E:RCS0327,DENTAL_TEAM,na,na,TIMOTEO,,PRIMARY
TEAMSWITCH,1,5327526:RCS1813-1,DENTAL_TEAM,na,na,TIMOTEO,,PRIMARY
TEAMSWITCH,1,_7A043F64-22BD-4ACC-BA83-1EC2B1729687,DENTAL_TEAM,na,na,TIMOTEO,,PRIMARY
TEAMSWITCH,1,1580409E:RCS0461,BANYAN_TEAM,na,na,ARCHLINE,,PRIMARY
TEAMSWITCH,1,5209074:RCS1894-1,BANYAN_TEAM,na,na,ARCHLINE,,PRIMARY
TEAMSWITCH,1,4846744E:RSR2485,BANYAN_TEAM,na,na,ARCHLINE,,PRIMARY
TEAMSWITCH,1,4846743E:RSR2486,BANYAN_TEAM,na,na,ARCHLINE,,PRIMARY
TEAMSWITCH,1,_033E03A6-791C-4BCC-B0E6-06FE06BD87AB,BANYAN_TEAM,na,na,ARCHLINE,,PRIMARY
TEAMSWITCH,1,_B7E362C4-FEB9-4163-AEAB-144535405B4B,TALENT_TEAM,na,na,PERRY,,PRIMARY
TEAMSWITCH,1,4447032E:RAR4843,MANDARIN_TEAM,na,na,CITRUS,,PRIMARY
TEAMSWITCH,1,1559240E:RCS0276,MANDARIN_TEAM,na,na,CITRUS,,PRIMARY
TEAMSWITCH,1,1060096E:RCS0392,MANDARIN_TEAM,na,na,CITRUS,,PRIMARY
TEAMSWITCH,1,1558722E:RCS0390,MANDARIN_TEAM,na,na,CITRUS,,PRIMARY
TEAMSWITCH,1,_C6404F03-A5B1-4205-A6A1-6EE9F7EED34B,MANDARIN_TEAM,na,na,CITRUS,,PRIMARY
TEAMSWITCH,1,4818155E:RAR3757,STONE_TEAM,na,na,COLUMBINE,,PRIMARY
TEAMSWITCH,1,915749E:RCS0133,STONE_TEAM,na,na,COLUMBINE,,PRIMARY
TEAMSWITCH,1,1019240E:RCS1210,STONE_TEAM,na,na,COLUMBINE,,PRIMARY
TEAMSWITCH,1,1590342E:RSR3884,STONE_TEAM,na,na,COLUMBINE,,PRIMARY
TEAMSWITCH,1,_70F002BA-104F-4240-B238-AE562EB7B486,STONE_TEAM,na,na,COLUMBINE,,PRIMARY
TEAMSWITCH,1,1156237E:RSR1365,HILLSIDE_TEAM,na,na,VICTORIA,,PRIMARY
TEAMSWITCH,1,406164E:RSR0547,HILLSIDE_TEAM,na,na,VICTORIA,,PRIMARY
TEAMSWITCH,1,_160DB53A-53A4-478A-8394-BD791D8E69BE,HILLSIDE_TEAM,na,na,VICTORIA,,PRIMARY
TEAMSWITCH,1,_FAC79996-5CD3-424A-A290-9F17BC7CB548,YALE_TEAM,na,na,COLORADO,,PRIMARY
TEAMSWITCH,1,4666969E:RCS0068,REISLING_TEAM,na,na,PEPPER,,PRIMARY
TEAMSWITCH,1,4754934E:RCS2352,REISLING_TEAM,na,na,PEPPER,,PRIMARY
TEAMSWITCH,1,4735371E:RCS2351,REISLING_TEAM,na,na,PEPPER,,PRIMARY
TEAMSWITCH,1,4070312E:RCS2409,REISLING_TEAM,na,na,PEPPER,,PRIMARY
TEAMSWITCH,1,_C23373D0-140B-4B7F-9ABA-1F6498FE24BC,REISLING_TEAM,na,na,PEPPER,,PRIMARY
TEAMSWITCH,1,1778258E:RCS0159,JAWBONE_TEAM,na,na,CANTIL,,PRIMARY
TEAMSWITCH,1,1899893E:RCS0340,JAWBONE_TEAM,na,na,CANTIL,,PRIMARY
TEAMSWITCH,1,_F3C05A26-71A7-4E85-80C8-5BE75AF21BF4,JAWBONE_TEAM,na,na,CANTIL,,PRIMARY
TEAMSWITCH,1,1349209E:RAR1835,ALILA_TEAM,na,na,EARLIMART,,PRIMARY
TEAMSWITCH,1,1637487E:RCS0002,ALILA_TEAM,na,na,EARLIMART,,PRIMARY
TEAMSWITCH,1,1637496E:RCS3946,ALILA_TEAM,na,na,EARLIMART,,PRIMARY
TEAMSWITCH,1,786157E:RCS3947,ALILA_TEAM,na,na,EARLIMART,,PRIMARY
TEAMSWITCH,1,1018602E:RCS3945,ALILA_TEAM,na,na,EARLIMART,,PRIMARY
TEAMSWITCH,1,4060985E:RCS1837,ALILA_TEAM,na,na,EARLIMART,,PRIMARY
TEAMSWITCH,1,_BB1493D6-7BF9-470E-A684-ABCBED2E36E1,ALILA_TEAM,na,na,EARLIMART,,PRIMARY
TEAMSWITCH,1,5518384:RCS6486-3,RHUMBA_TEAM,na,na,BRIGHTON,,PRIMARY
TEAMSWITCH,1,1610889E:RCS0239,RHUMBA_TEAM,na,na,BRIGHTON,,PRIMARY
TEAMSWITCH,1,1639594E:RSR0437,RHUMBA_TEAM,na,na,BRIGHTON,,PRIMARY
TEAMSWITCH,1,2053867E:RSR0225,RHUMBA_TEAM,na,na,BRIGHTON,,PRIMARY
TEAMSWITCH,1,2094661E:RSR1366,RHUMBA_TEAM,na,na,BRIGHTON,,PRIMARY
TEAMSWITCH,1,1357786E:RSR0603,RHUMBA_TEAM,na,na,BRIGHTON,,PRIMARY
TEAMSWITCH,1,1157143E:RSR0592,RHUMBA_TEAM,na,na,BRIGHTON,,PRIMARY
TEAMSWITCH,1,_DAAD1880-193F-4DBE-B78B-DB2C8DDADA0D,RHUMBA_TEAM,na,na,BRIGHTON,,PRIMARY
TEAMSWITCH,1,4951008E:RCS1333,SADDLEBACK_TEAM,na,na,BANNING,,PRIMARY
TEAMSWITCH,1,_E8F10EA9-EC1E-4C41-8AF8-A92D88573BE5,SADDLEBACK_TEAM,na,na,BANNING,,PRIMARY
TEAMSWITCH,1,5440178:RCS0178-1,TROPICO_TEAM,na,na,LANCASTER,,PRIMARY
TEAMSWITCH,1,_E4B03FCE-2466-4244-B17E-58A344DC58D7,TROPICO_TEAM,na,na,LANCASTER,,PRIMARY
TEAMSWITCH,1,_CA630D86-5452-4484-8AAD-7AB1CAD3FCDB,DAYTON_TEAM,na,na,BEVERLY,,PRIMARY
TEAMSWITCH,1,4683839E:RCS1025,FORAGE_TEAM,na,na,PIUTE,,PRIMARY
TEAMSWITCH,1,4194213E:RCS0992,FORAGE_TEAM,na,na,PIUTE,,PRIMARY
TEAMSWITCH,1,5710553:RCSG553-3,FORAGE_TEAM,na,na,PIUTE,,PRIMARY
TEAMSWITCH,1,_10B01D0B-4227-4D8A-81FE-92F648D86453,FORAGE_TEAM,na,na,PIUTE,,PRIMARY
TEAMSWITCH,1,4624479E:RAR1687,FLINTRIDGE_TEAM,na,na,LA CANADA,,PRIMARY
TEAMSWITCH,1,1349722E:RAR0920,FLINTRIDGE_TEAM,na,na,LA CANADA,,PRIMARY
TEAMSWITCH,1,4531674E:RCS1467,FLINTRIDGE_TEAM,na,na,LA CANADA,,PRIMARY
TEAMSWITCH,1,4501691E:RCS1469,FLINTRIDGE_TEAM,na,na,LA CANADA,,PRIMARY
TEAMSWITCH,1,4501194E:RCS0715,FLINTRIDGE_TEAM,na,na,LA CANADA,,PRIMARY
TEAMSWITCH,1,4572442E:RCS0714,FLINTRIDGE_TEAM,na,na,LA CANADA,,PRIMARY
TEAMSWITCH,1,_33C7A7B9-B395-4BC1-93E9-A273BF1341F1,FLINTRIDGE_TEAM,na,na,LA CANADA,,PRIMARY
TEAMSWITCH,1,1319021E:RAR0324,QUICKSILVER_TEAM,na,na,CREST,,PRIMARY
TEAMSWITCH,1,1673829E:RCS0467,QUICKSILVER_TEAM,na,na,CREST,,PRIMARY
TEAMSWITCH,1,1385648E:RSR0177,QUICKSILVER_TEAM,na,na,CREST,,PRIMARY
TEAMSWITCH,1,4855438E:RSR3080,QUICKSILVER_TEAM,na,na,CREST,,PRIMARY
TEAMSWITCH,1,_81DC35B6-05FA-4B8F-93E8-924E03EC308E,QUICKSILVER_TEAM,na,na,CREST,,PRIMARY
TEAMSWITCH,1,1231349E:RAR0195,STATLER_TEAM,na,na,WALTERIA,,PRIMARY
TEAMSWITCH,1,2063849E:RAR0346,STATLER_TEAM,na,na,WALTERIA,,PRIMARY
TEAMSWITCH,1,4623454E:RCS1058,STATLER_TEAM,na,na,WALTERIA,,PRIMARY
TEAMSWITCH,1,4863405E:RSR0335,STATLER_TEAM,na,na,WALTERIA,,PRIMARY
TEAMSWITCH,1,1157148E:RSR1503,STATLER_TEAM,na,na,WALTERIA,,PRIMARY
TEAMSWITCH,1,4457071E:RSR0273,STATLER_TEAM,na,na,WALTERIA,,PRIMARY
TEAMSWITCH,1,1318573E:RSR1270,STATLER_TEAM,na,na,WALTERIA,,PRIMARY
TEAMSWITCH,1,4828177E:RSR1500,STATLER_TEAM,na,na,WALTERIA,,PRIMARY
TEAMSWITCH,1,_1969DFA6-80A2-4F98-9E59-CEBD5841D823,STATLER_TEAM,na,na,WALTERIA,,PRIMARY
TEAMSWITCH,1,_DDE20612-BE1C-45F9-997A-CC09CB5DF068,MAR VISTA_TEAM,na,na,CULVER,,PRIMARY
TEAMSWITCH,1,_20DF2ADC-7F9D-4916-BFCA-1A7A8B8DDBAA,MAR VISTA_TEAM,na,na,CULVER,,PRIMARY
TEAMSWITCH,1,777162E:RCS1243,BILTON_TEAM,na,na,ROSEMEAD,,PRIMARY
TEAMSWITCH,1,1279260E:RCS1140,BILTON_TEAM,na,na,ROSEMEAD,,PRIMARY
TEAMSWITCH,1,1551584E:RCS8091,BILTON_TEAM,na,na,ROSEMEAD,,PRIMARY
TEAMSWITCH,1,4535894E:RSR8090,BILTON_TEAM,na,na,ROSEMEAD,,PRIMARY
TEAMSWITCH,1,1417529E:RSR8092,BILTON_TEAM,na,na,ROSEMEAD,,PRIMARY
TEAMSWITCH,1,891211E:RSR8089,BILTON_TEAM,na,na,ROSEMEAD,,PRIMARY
TEAMSWITCH,1,4808878E:RSR8088,BILTON_TEAM,na,na,ROSEMEAD,,PRIMARY
TEAMSWITCH,1,_0D158AC6-C29D-4B22-AABB-5947A5D804A7,BILTON_TEAM,na,na,ROSEMEAD,,PRIMARY
TEAMSWITCH,1,_F2A278E1-AEF9-44BD-AA69-F81BFF0C7973,HICKORY_TEAM,na,na,MADRID,,PRIMARY
TEAMSWITCH,1,733159E:RCS1495,OLNEY_TEAM,na,na,ROSEMEAD,,PRIMARY
TEAMSWITCH,1,4458834E:RCS1060,OLNEY_TEAM,na,na,ROSEMEAD,,PRIMARY
TEAMSWITCH,1,_88CD3EEF-D3F8-42A6-8012-B2F39FF99CBC,OLNEY_TEAM,na,na,ROSEMEAD,,PRIMARY
TEAMSWITCH,1,_C8A0768C-BD00-49AF-8F95-161A24DD1736,EAST CITY_TEAM,na,na,DELANO,,PRIMARY
TEAMSWITCH,1,1832274E:RAR1109,MIDDLE ROAD_TEAM,na,na,SATICOY,,PRIMARY
TEAMSWITCH,1,1156077E:RCS1282,MIDDLE ROAD_TEAM,na,na,SATICOY,,PRIMARY
TEAMSWITCH,1,1832371E:RSR1483,MIDDLE ROAD_TEAM,na,na,SATICOY,,PRIMARY
TEAMSWITCH,1,1247793E:RSR1295,MIDDLE ROAD_TEAM,na,na,SATICOY,,PRIMARY
TEAMSWITCH,1,1247790E:RSR3643,MIDDLE ROAD_TEAM,na,na,SATICOY,,PRIMARY
TEAMSWITCH,1,_38299CCE-FF50-4A70-BE66-F52477717E7A,MIDDLE ROAD_TEAM,na,na,SATICOY,,PRIMARY
TEAMSWITCH,1,4125346E:RAR5083,STRATHERN_TEAM,na,na,MOORPARK,,PRIMARY
TEAMSWITCH,1,929281E:RCS0606,STRATHERN_TEAM,na,na,MOORPARK,,PRIMARY
TEAMSWITCH,1,5548738:RCS5161-2,STRATHERN_TEAM,na,na,MOORPARK,,PRIMARY
TEAMSWITCH,1,5744106:RCSG002-2,STRATHERN_TEAM,na,na,MOORPARK,,PRIMARY
TEAMSWITCH,1,5582864:RCS1764-4_CS,STRATHERN_TEAM,na,na,MOORPARK,,PRIMARY
TEAMSWITCH,1,4197751E:RSR0412,STRATHERN_TEAM,na,na,MOORPARK,,PRIMARY
TEAMSWITCH,1,_E9B9D8DF-9EC9-49C3-A611-73FAD6B56CCE,STRATHERN_TEAM,na,na,MOORPARK,,PRIMARY
TEAMSWITCH,1,4544994E:RCS0009,ROOSEVELT_TEAM,na,na,REDMAN,,PRIMARY
TEAMSWITCH,1,309115E:RCS0142,ROOSEVELT_TEAM,na,na,REDMAN,,PRIMARY
TEAMSWITCH,1,5655859:RCSG859-1,ROOSEVELT_TEAM,na,na,REDMAN,,PRIMARY
TEAMSWITCH,1,_3E402ED9-7AE6-4244-8FD4-6CAC5435A6C0,ROOSEVELT_TEAM,na,na,REDMAN,,PRIMARY
TEAMSWITCH,1,5190333:RCS1174-2,VAQUERO_TEAM,na,na,POTRERO,,PRIMARY
TEAMSWITCH,1,5024314:RCS0199-4_CS,VAQUERO_TEAM,na,na,POTRERO,,PRIMARY
TEAMSWITCH,1,_DF2AC03D-28FA-4A2C-902B-F1B935A1C4B9,VAQUERO_TEAM,na,na,POTRERO,,PRIMARY
TEAMSWITCH,1,5722879:RCS2879-2,PEGASO_TEAM,na,na,ROADWAY,,PRIMARY
TEAMSWITCH,1,_2B56CA11-66A9-4BB3-AF4B-155B111E19B7,PEGASO_TEAM,na,na,ROADWAY,,PRIMARY
TEAMSWITCH,1,1659630E:RCS0458,EVANS_TEAM,na,na,ROLLING HILLS,,PRIMARY
TEAMSWITCH,1,1363140E:RCS0398,EVANS_TEAM,na,na,ROLLING HILLS,,PRIMARY
TEAMSWITCH,1,5120693:RCS6024-1,EVANS_TEAM,na,na,ROLLING HILLS,,PRIMARY
TEAMSWITCH,1,5630125:RCS6515-1,EVANS_TEAM,na,na,ROLLING HILLS,,PRIMARY
TEAMSWITCH,1,_B0DB60E6-B88C-4D05-8630-F127C6B6BF92,EVANS_TEAM,na,na,ROLLING HILLS,,PRIMARY
TEAMSWITCH,1,_2E3596B5-D21F-43C4-B995-B0A592A9A638,DIGNAN_TEAM,na,na,MOBILOIL,,PRIMARY
TEAMSWITCH,1,4869031E:RAR4100,CALLISON_TEAM,na,na,TIPTON,,PRIMARY
TEAMSWITCH,1,634861E:RCS1353,CALLISON_TEAM,na,na,TIPTON,,PRIMARY
TEAMSWITCH,1,1254146E:RCS1612,CALLISON_TEAM,na,na,TIPTON,,PRIMARY
TEAMSWITCH,1,886194E:RCS3869,CALLISON_TEAM,na,na,TIPTON,,PRIMARY
TEAMSWITCH,1,839722E:RCS1510,CALLISON_TEAM,na,na,TIPTON,,PRIMARY
TEAMSWITCH,1,1368207E:RCS0274,CALLISON_TEAM,na,na,TIPTON,,PRIMARY
TEAMSWITCH,1,_FC5D2566-5712-4333-A5D3-AAD41A0EEBBE,CALLISON_TEAM,na,na,TIPTON,,PRIMARY
TEAMSWITCH,1,4202677E:RCS0817,NIKE_TEAM,na,na,SAN BERNARDINO,,PRIMARY
TEAMSWITCH,1,5181261:RCS1774-1,NIKE_TEAM,na,na,SAN BERNARDINO,,PRIMARY
TEAMSWITCH,1,_3383F8DA-A47C-4FCE-BF60-126BFDA7431F,NIKE_TEAM,na,na,SAN BERNARDINO,,PRIMARY
TEAMSWITCH,1,5040097:RCS0624-4,BOGART_TEAM,na,na,MOVIE,,PRIMARY
TEAMSWITCH,1,5041503:RCS1248-1,BOGART_TEAM,na,na,MOVIE,,PRIMARY
TEAMSWITCH,1,1191365E:RCS0333,BOGART_TEAM,na,na,MOVIE,,PRIMARY
TEAMSWITCH,1,5039927:RCS0611-1_CS,BOGART_TEAM,na,na,MOVIE,,PRIMARY
TEAMSWITCH,1,4816437E:RSR4674,BOGART_TEAM,na,na,MOVIE,,PRIMARY
TEAMSWITCH,1,_621E1368-C484-4923-A59E-FEFAFDF298B7,BOGART_TEAM,na,na,MOVIE,,PRIMARY
TEAMSWITCH,1,2357170E:RCS0213,VITAMIN_TEAM,na,na,TIMOTEO,,PRIMARY
TEAMSWITCH,1,4242569E:RCS0925,VITAMIN_TEAM,na,na,TIMOTEO,,PRIMARY
TEAMSWITCH,1,_1066882D-D8AB-44A8-AFB7-B155EAF5C089,VITAMIN_TEAM,na,na,TIMOTEO,,PRIMARY
TEAMSWITCH,1,4316589E:RCS0531,SUNSET_TEAM,na,na,POPLAR,,PRIMARY
TEAMSWITCH,1,4747417E:RCS1741,SUNSET_TEAM,na,na,POPLAR,,PRIMARY
TEAMSWITCH,1,4541123E:RCS2055,SUNSET_TEAM,na,na,POPLAR,,PRIMARY
TEAMSWITCH,1,4540151E:RCS5747,SUNSET_TEAM,na,na,POPLAR,,PRIMARY
TEAMSWITCH,1,_7C8941AB-BF91-4C41-B476-6F41E2AA3C09,SUNSET_TEAM,na,na,POPLAR,,PRIMARY
TEAMSWITCH,1,_25804E07-0EA8-43CD-84EC-FDE7F61067FB,CHELSEA_TEAM,na,na,COLORADO,,PRIMARY
TEAMSWITCH,1,2038417E:RCS1599,JACKMAN_TEAM,na,na,LANCASTER,,PRIMARY
TEAMSWITCH,1,1490815E:RCS2271,JACKMAN_TEAM,na,na,LANCASTER,,PRIMARY
TEAMSWITCH,1,4953811E:RSR5054,JACKMAN_TEAM,na,na,LANCASTER,,PRIMARY
TEAMSWITCH,1,_EA5013C4-E4DA-4DF7-BBA2-36B77D96B094,JACKMAN_TEAM,na,na,LANCASTER,,PRIMARY
TEAMSWITCH,1,1110467E:RAR1379,JUNEAU_TEAM,na,na,YUKON,,PRIMARY
TEAMSWITCH,1,_2143985F-CD6A-4F27-A89E-9E8A6AC68329,JUNEAU_TEAM,na,na,YUKON,,PRIMARY
TEAMSWITCH,1,1932492E:RCS0482,DUMAS_TEAM,na,na,CARDIFF,,PRIMARY
TEAMSWITCH,1,5634770:RCSG829-3,DUMAS_TEAM,na,na,CARDIFF,,PRIMARY
TEAMSWITCH,1,4329328E:RCS0602,DUMAS_TEAM,na,na,CARDIFF,,PRIMARY
TEAMSWITCH,1,154490E:RCS1135,DUMAS_TEAM,na,na,CARDIFF,,PRIMARY
TEAMSWITCH,1,5000355:RCS2045-4,DUMAS_TEAM,na,na,CARDIFF,,PRIMARY
TEAMSWITCH,1,_A69C94D5-613C-4297-8C21-CCC9D7508583,DUMAS_TEAM,na,na,CARDIFF,,PRIMARY
TEAMSWITCH,1,1669832E:RCS0029,SAINT JO_TEAM,na,na,ARCADIA,,PRIMARY
TEAMSWITCH,1,4796050E:RCS0172,SAINT JO_TEAM,na,na,ARCADIA,,PRIMARY
TEAMSWITCH,1,4531656E:RCS0030,SAINT JO_TEAM,na,na,ARCADIA,,PRIMARY
TEAMSWITCH,1,4929449E:RCS0145,SAINT JO_TEAM,na,na,ARCADIA,,PRIMARY
TEAMSWITCH,1,4882677E:RSR0028,SAINT JO_TEAM,na,na,ARCADIA,,PRIMARY
TEAMSWITCH,1,4907951E:RSR0194,SAINT JO_TEAM,na,na,ARCADIA,,PRIMARY
TEAMSWITCH,1,274163E:RSR0026,SAINT JO_TEAM,na,na,ARCADIA,,PRIMARY
TEAMSWITCH,1,_CA957CC7-5DF9-46F4-ACC7-163932436442,SAINT JO_TEAM,na,na,ARCADIA,,PRIMARY
TEAMSWITCH,1,_C66CD232-4568-4B81-B141-856F928454A8,SMITHWOOD_TEAM,na,na,OLYMPIC,,PRIMARY
TEAMSWITCH,1,_B18F3EE9-E23C-4CED-8874-C18CD0A9EE04,POWER_TEAM,na,na,MUSCOY,,PRIMARY
TEAMSWITCH,1,1294499E:RCS2054,MONROE_TEAM,na,na,WOODVILLE,,PRIMARY
TEAMSWITCH,1,1572104E:RCS5749,MONROE_TEAM,na,na,WOODVILLE,,PRIMARY
TEAMSWITCH,1,4957001E:RSR0288,MONROE_TEAM,na,na,WOODVILLE,,PRIMARY
TEAMSWITCH,1,282790E:RSR0625,MONROE_TEAM,na,na,WOODVILLE,,PRIMARY
TEAMSWITCH,1,_3D016455-B0D1-4605-AAAD-EC11AD1CD450,MONROE_TEAM,na,na,WOODVILLE,,PRIMARY
TEAMSWITCH,1,4686674E:RAR0053,TONTO_TEAM,na,na,APPLE VALLEY,,PRIMARY
TEAMSWITCH,1,4186403E:RAR0023,TONTO_TEAM,na,na,APPLE VALLEY,,PRIMARY
TEAMSWITCH,1,4927540E:RAR1258,TONTO_TEAM,na,na,APPLE VALLEY,,PRIMARY
TEAMSWITCH,1,2377427E:RCS0278,TONTO_TEAM,na,na,APPLE VALLEY,,PRIMARY
TEAMSWITCH,1,2377424E:RCS0687,TONTO_TEAM,na,na,APPLE VALLEY,,PRIMARY
TEAMSWITCH,1,4246003E:RSR1077,TONTO_TEAM,na,na,APPLE VALLEY,,PRIMARY
TEAMSWITCH,1,_BFA3EDFF-2551-4C28-8B92-D02BB3DF9E4A,TONTO_TEAM,na,na,APPLE VALLEY,,PRIMARY
TEAMSWITCH,1,2332856E:RAR0818,SUTT_TEAM,na,na,DEL ROSA,,PRIMARY
TEAMSWITCH,1,1056346E:RAR0939,SUTT_TEAM,na,na,DEL ROSA,,PRIMARY
TEAMSWITCH,1,4691210E:RAR0825,SUTT_TEAM,na,na,DEL ROSA,,PRIMARY
TEAMSWITCH,1,4656195E:RAR0899,SUTT_TEAM,na,na,DEL ROSA,,PRIMARY
TEAMSWITCH,1,4698664E:RCS0211,SUTT_TEAM,na,na,DEL ROSA,,PRIMARY
TEAMSWITCH,1,4420381E:RCS0314,SUTT_TEAM,na,na,DEL ROSA,,PRIMARY
TEAMSWITCH,1,5716978:RCSG707-4,SUTT_TEAM,na,na,DEL ROSA,,PRIMARY
TEAMSWITCH,1,1770600E:RSR0366,SUTT_TEAM,na,na,DEL ROSA,,PRIMARY
TEAMSWITCH,1,5036113E:RSR0491,SUTT_TEAM,na,na,DEL ROSA,,PRIMARY
TEAMSWITCH,1,_9648D06B-6910-48F8-AFBC-10EF1324B8AC,SUTT_TEAM,na,na,DEL ROSA,,PRIMARY
TEAMSWITCH,1,_36DB257F-C0A3-464B-B767-237E8C96B0D3,MARCELLINA_TEAM,na,na,MADRID,,PRIMARY
TEAMSWITCH,1,_B2E078B9-A11E-43F6-8064-57BC2AD4C29C,ASHLAND_TEAM,na,na,PEARL,,PRIMARY
TEAMSWITCH,1,_4FD33E14-6C46-4A4C-8FF3-1E0B8D5A81B4,MATTHEWS_TEAM,na,na,MOBILOIL,,PRIMARY
TEAMSWITCH,1,_7F502E88-35F1-41AA-9EB3-82122A46411A,CAREY_TEAM,na,na,MT VERNON,,PRIMARY
TEAMSWITCH,1,1992063E:RAR0320,DEER_TEAM,na,na,TERRA BELLA,,PRIMARY
TEAMSWITCH,1,4067629E:RCS0279,DEER_TEAM,na,na,TERRA BELLA,,PRIMARY
TEAMSWITCH,1,4414518E:RCS0639,DEER_TEAM,na,na,TERRA BELLA,,PRIMARY
TEAMSWITCH,1,1992077E:RCS2328,DEER_TEAM,na,na,TERRA BELLA,,PRIMARY
TEAMSWITCH,1,802140E:RCS0294,DEER_TEAM,na,na,TERRA BELLA,,PRIMARY
TEAMSWITCH,1,2080969E:RCS5748,DEER_TEAM,na,na,TERRA BELLA,,PRIMARY
TEAMSWITCH,1,_32E33C5F-B802-436E-98B9-CB20D8632A6E,DEER_TEAM,na,na,TERRA BELLA,,PRIMARY
TEAMSWITCH,1,1589802E:RAR0019,ALLVIEW_TEAM,na,na,ALLVIEW PT,,PRIMARY
TEAMSWITCH,1,7011:ALLVIEW P.T.-L1,ALLVIEW_TEAM,na,na,ALLVIEW PT,,PRIMARY
TEAMSWITCH,1,7011:ALLVIEW P.T.-H1,ALLVIEW_TEAM,na,na,ALLVIEW PT,,PRIMARY
TEAMSWITCH,1,_9B9C88DA-5BEE-4A48-903B-A81879D82B63,JOYCE_TEAM,na,na,ARCADIA,,PRIMARY
TEAMSWITCH,1,_0D2207AB-F9A0-4407-B826-D6BCE6FEB62E,JANICE_TEAM,na,na,DITMAR,,PRIMARY
TEAMSWITCH,1,2345781E:RCS0790,CHEWBACCA_TEAM,na,na,SHUTTLE,,PRIMARY
TEAMSWITCH,1,2274079E:RCS1719,CHEWBACCA_TEAM,na,na,SHUTTLE,,PRIMARY
TEAMSWITCH,1,1755637E:RCS0397,CHEWBACCA_TEAM,na,na,SHUTTLE,,PRIMARY
TEAMSWITCH,1,5599362:RCS0275-4,CHEWBACCA_TEAM,na,na,SHUTTLE,,PRIMARY
TEAMSWITCH,1,5599362:RCS0275-1,CHEWBACCA_TEAM,na,na,SHUTTLE,,PRIMARY
TEAMSWITCH,1,4053129E:RCS1333,CHEWBACCA_TEAM,na,na,SHUTTLE,,PRIMARY
TEAMSWITCH,1,_CDF11D87-8B38-4430-8405-7E2BA201777E,CHEWBACCA_TEAM,na,na,SHUTTLE,,PRIMARY
TEAMSWITCH,1,5396710:RCS6710-2,PAINT_TEAM,na,na,PALMDALE,,PRIMARY
TEAMSWITCH,1,5367533:RCS7533-1,PAINT_TEAM,na,na,PALMDALE,,PRIMARY
TEAMSWITCH,1,5365703:RCS0303-3,PAINT_TEAM,na,na,PALMDALE,,PRIMARY
TEAMSWITCH,1,5305547:RCS0281-1_CS,PAINT_TEAM,na,na,PALMDALE,,PRIMARY
TEAMSWITCH,1,_4CF06929-4D07-4464-968D-DE6C8FFDF62F,PAINT_TEAM,na,na,PALMDALE,,PRIMARY
TEAMSWITCH,1,124154E:RCS1939,CORSICA_TEAM,na,na,GONZALES,,PRIMARY
TEAMSWITCH,1,2012145E:RCS1980,CORSICA_TEAM,na,na,GONZALES,,PRIMARY
TEAMSWITCH,1,1539023E:RCS2181,CORSICA_TEAM,na,na,GONZALES,,PRIMARY
TEAMSWITCH,1,1769971E:RCS2107,CORSICA_TEAM,na,na,GONZALES,,PRIMARY
TEAMSWITCH,1,5197811:RCS1137-1,CORSICA_TEAM,na,na,GONZALES,,PRIMARY
TEAMSWITCH,1,5338821:RCS1011-1_CS,CORSICA_TEAM,na,na,GONZALES,,PRIMARY
TEAMSWITCH,1,1221732E:RSR1031,CORSICA_TEAM,na,na,GONZALES,,PRIMARY
TEAMSWITCH,1,1444311E:RSR3113,CORSICA_TEAM,na,na,GONZALES,,PRIMARY
TEAMSWITCH,1,1712802E:RSR1033,CORSICA_TEAM,na,na,GONZALES,,PRIMARY
TEAMSWITCH,1,_D889BBFF-BDFB-4EC8-B75F-CAB5AAB2A543,CORSICA_TEAM,na,na,GONZALES,,PRIMARY
TEAMSWITCH,1,4311393E:RAR7325,GRANNY SMITH_TEAM,na,na,EL CASCO,,PRIMARY
TEAMSWITCH,1,402926E:RAR0943,GRANNY SMITH_TEAM,na,na,EL CASCO,,PRIMARY
TEAMSWITCH,1,4303219E:RAR0461,GRANNY SMITH_TEAM,na,na,EL CASCO,,PRIMARY
TEAMSWITCH,1,4708199E:RCS0239,GRANNY SMITH_TEAM,na,na,EL CASCO,,PRIMARY
TEAMSWITCH,1,1610080E:RCS0257,GRANNY SMITH_TEAM,na,na,EL CASCO,,PRIMARY
TEAMSWITCH,1,4115654E:RCS0056,GRANNY SMITH_TEAM,na,na,EL CASCO,,PRIMARY
TEAMSWITCH,1,4708200E:RSR0432,GRANNY SMITH_TEAM,na,na,EL CASCO,,PRIMARY
TEAMSWITCH,1,_B377FEBF-4F0F-4212-94F2-A897997EB454,GRANNY SMITH_TEAM,na,na,EL CASCO,,PRIMARY
TEAMSWITCH,1,5339823:RCS1754-1,NICOLE_TEAM,na,na,HIGHLAND,,PRIMARY
TEAMSWITCH,1,5198291:RCS1353-1,NICOLE_TEAM,na,na,HIGHLAND,,PRIMARY
TEAMSWITCH,1,_2484A6E1-CDC2-4A75-9B21-C7D3F4431F43,NICOLE_TEAM,na,na,HIGHLAND,,PRIMARY
TEAMSWITCH,1,_24B941BC-3DF5-4C9C-804C-7AE544C92913,REGENT_TEAM,na,na,SAN VICENTE,,PRIMARY
TEAMSWITCH,1,4068785E:RAR1319,BEELINE_TEAM,na,na,VICTOR,,PRIMARY
TEAMSWITCH,1,4698969E:RAR1154,BEELINE_TEAM,na,na,VICTOR,,PRIMARY
TEAMSWITCH,1,1591676E:RCS0615,BEELINE_TEAM,na,na,VICTOR,,PRIMARY
TEAMSWITCH,1,5722410:RCS1460-1,BEELINE_TEAM,na,na,VICTOR,,PRIMARY
TEAMSWITCH,1,5581807:RCS2636-2,BEELINE_TEAM,na,na,VICTOR,,PRIMARY
TEAMSWITCH,1,4895216E:RSR1194,BEELINE_TEAM,na,na,VICTOR,,PRIMARY
TEAMSWITCH,1,_DD7195C1-7EE9-4872-8E7C-614127B12935,BEELINE_TEAM,na,na,VICTOR,,PRIMARY
TEAMSWITCH,1,1714421E:RCS0467,BEECHWOOD_TEAM,na,na,ARCHLINE,,PRIMARY
TEAMSWITCH,1,1072465E:RCS3720,BEECHWOOD_TEAM,na,na,ARCHLINE,,PRIMARY
TEAMSWITCH,1,4536556E:RCS0481,BEECHWOOD_TEAM,na,na,ARCHLINE,,PRIMARY
TEAMSWITCH,1,5320724:RCS3673-2,BEECHWOOD_TEAM,na,na,ARCHLINE,,PRIMARY
TEAMSWITCH,1,_DF1ECE3A-DCE2-4F76-9726-646506FF197C,BEECHWOOD_TEAM,na,na,ARCHLINE,,PRIMARY
TEAMSWITCH,1,2359829E:RAR5131,TIROS_TEAM,na,na,ESTERO,,PRIMARY
TEAMSWITCH,1,4794257E:RAR0505,TIROS_TEAM,na,na,ESTERO,,PRIMARY
TEAMSWITCH,1,1383784E:RCS1955,TIROS_TEAM,na,na,ESTERO,,PRIMARY
TEAMSWITCH,1,2359752E:RCS3893,TIROS_TEAM,na,na,ESTERO,,PRIMARY
TEAMSWITCH,1,4982701E:RCS3346,TIROS_TEAM,na,na,ESTERO,,PRIMARY
TEAMSWITCH,1,4141443E:RCS2978,TIROS_TEAM,na,na,ESTERO,,PRIMARY
TEAMSWITCH,1,1576782E:RSR2159,TIROS_TEAM,na,na,ESTERO,,PRIMARY
TEAMSWITCH,1,_071FA26D-3B03-45D8-9690-4C9DEA114F54,TIROS_TEAM,na,na,ESTERO,,PRIMARY
TEAMSWITCH,1,4721294E:RAR0945,HERZ_TEAM,na,na,CARDIFF,,PRIMARY
TEAMSWITCH,1,5035379E:RAR0106,HERZ_TEAM,na,na,CARDIFF,,PRIMARY
TEAMSWITCH,1,4142729E:RCS2095,HERZ_TEAM,na,na,CARDIFF,,PRIMARY
TEAMSWITCH,1,968280E:RCS0429,HERZ_TEAM,na,na,CARDIFF,,PRIMARY
TEAMSWITCH,1,154490E:RCS1135,HERZ_TEAM,na,na,CARDIFF,,PRIMARY
TEAMSWITCH,1,2332069E:RCS2099,HERZ_TEAM,na,na,CARDIFF,,PRIMARY
TEAMSWITCH,1,1511538E:RCS1064,HERZ_TEAM,na,na,CARDIFF,,PRIMARY
TEAMSWITCH,1,4370199E:RCS0201,HERZ_TEAM,na,na,CARDIFF,,PRIMARY
TEAMSWITCH,1,_4E5F5908-37E8-475B-AF55-EFA7FDE51AC9,HERZ_TEAM,na,na,CARDIFF,,PRIMARY
TEAMSWITCH,1,1861965E:RCS0198,INTREPID_TEAM,na,na,NEWBURY,,PRIMARY
TEAMSWITCH,1,1694053E:RCS0224,INTREPID_TEAM,na,na,NEWBURY,,PRIMARY
TEAMSWITCH,1,4669628E:RCS0176,INTREPID_TEAM,na,na,NEWBURY,,PRIMARY
TEAMSWITCH,1,5491970:RCS8914-1,INTREPID_TEAM,na,na,NEWBURY,,PRIMARY
TEAMSWITCH,1,5560341:RCS5290-2,INTREPID_TEAM,na,na,NEWBURY,,PRIMARY
TEAMSWITCH,1,5028677:RCS8120-2,INTREPID_TEAM,na,na,NEWBURY,,PRIMARY
TEAMSWITCH,1,5748966:RCS8118-1,INTREPID_TEAM,na,na,NEWBURY,,PRIMARY
TEAMSWITCH,1,5635713:RCS8119-2,INTREPID_TEAM,na,na,NEWBURY,,PRIMARY
TEAMSWITCH,1,_AC8B3E61-3F4E-4383-8514-A8E7E08BDEC9,INTREPID_TEAM,na,na,NEWBURY,,PRIMARY
TEAMSWITCH,1,4383728E:RAR1051,MORITZ_TEAM,na,na,HUSTON,,PRIMARY
TEAMSWITCH,1,4730707E:RAR0652,MORITZ_TEAM,na,na,HUSTON,,PRIMARY
TEAMSWITCH,1,826943E:RAR1218,MORITZ_TEAM,na,na,HUSTON,,PRIMARY
TEAMSWITCH,1,4809950E:RAR0338,MORITZ_TEAM,na,na,HUSTON,,PRIMARY
TEAMSWITCH,1,2315043E:RAR1064,MORITZ_TEAM,na,na,HUSTON,,PRIMARY
TEAMSWITCH,1,4883754E:RAR0364,MORITZ_TEAM,na,na,HUSTON,,PRIMARY
TEAMSWITCH,1,2315420E:RCS0372,MORITZ_TEAM,na,na,HUSTON,,PRIMARY
TEAMSWITCH,1,1225203E:RCS0590,MORITZ_TEAM,na,na,HUSTON,,PRIMARY
TEAMSWITCH,1,4767069E:RCS0363,MORITZ_TEAM,na,na,HUSTON,,PRIMARY
TEAMSWITCH,1,1734654E:RCS0656,MORITZ_TEAM,na,na,HUSTON,,PRIMARY
TEAMSWITCH,1,1687719E:RCS0644,MORITZ_TEAM,na,na,HUSTON,,PRIMARY
TEAMSWITCH,1,1106342E:RCS0387,MORITZ_TEAM,na,na,HUSTON,,PRIMARY
TEAMSWITCH,1,1884404E:RCS0375,MORITZ_TEAM,na,na,HUSTON,,PRIMARY
TEAMSWITCH,1,2348105E:RCS0334,MORITZ_TEAM,na,na,HUSTON,,PRIMARY
TEAMSWITCH,1,1885331E:RCS0591,MORITZ_TEAM,na,na,HUSTON,,PRIMARY
TEAMSWITCH,1,4896191E:RSR1126,MORITZ_TEAM,na,na,HUSTON,,PRIMARY
TEAMSWITCH,1,_BF8D2462-E60A-4968-BED6-6DD5E3A4D258,MORITZ_TEAM,na,na,HUSTON,,PRIMARY
TEAMSWITCH,1,4605054E:RCS0673,BOISE_TEAM,na,na,SAVAGE,,PRIMARY
TEAMSWITCH,1,5011382:RCS0317-4,BOISE_TEAM,na,na,SAVAGE,,PRIMARY
TEAMSWITCH,1,5023438:RCS4043-4_CS,BOISE_TEAM,na,na,SAVAGE,,PRIMARY
TEAMSWITCH,1,4915153E:RSR1254,BOISE_TEAM,na,na,SAVAGE,,PRIMARY
TEAMSWITCH,1,_82B69425-76FA-47D8-86F2-AD27212926D0,BOISE_TEAM,na,na,SAVAGE,,PRIMARY
TEAMSWITCH,1,216182E:RCS0268,GARIBALDI_TEAM,na,na,ANITA,,PRIMARY
TEAMSWITCH,1,1130166E:RSR0288,GARIBALDI_TEAM,na,na,ANITA,,PRIMARY
TEAMSWITCH,1,4865826E:RSR0275,GARIBALDI_TEAM,na,na,ANITA,,PRIMARY
TEAMSWITCH,1,885100E:RSR0284,GARIBALDI_TEAM,na,na,ANITA,,PRIMARY
TEAMSWITCH,1,1736787E:RSR0227,GARIBALDI_TEAM,na,na,ANITA,,PRIMARY
TEAMSWITCH,1,_198EED8A-7E05-4194-AFD1-34A2082F7A13,GARIBALDI_TEAM,na,na,ANITA,,PRIMARY
TEAMSWITCH,1,4313577E:RCS4276,TOMCAT_TEAM,na,na,OASIS,,PRIMARY
TEAMSWITCH,1,536343E:RCS0088,TOMCAT_TEAM,na,na,OASIS,,PRIMARY
TEAMSWITCH,1,5582765:RCS2765-1,TOMCAT_TEAM,na,na,OASIS,,PRIMARY
TEAMSWITCH,1,5655015:RCSG015-3,TOMCAT_TEAM,na,na,OASIS,,PRIMARY
TEAMSWITCH,1,5628763:RCSG763-4,TOMCAT_TEAM,na,na,OASIS,,PRIMARY
TEAMSWITCH,1,_D3A7741C-9D4A-4DFD-BA87-EAB1DC49039D,TOMCAT_TEAM,na,na,OASIS,,PRIMARY
TEAMSWITCH,1,771466E:RCS0857,HOVEY_TEAM,na,na,REDMAN,,PRIMARY
TEAMSWITCH,1,5628915:RCSG915-1,HOVEY_TEAM,na,na,REDMAN,,PRIMARY
TEAMSWITCH,1,_F11515CC-9BD1-4A6F-83D2-972319C17F34,HOVEY_TEAM,na,na,REDMAN,,PRIMARY
TEAMSWITCH,1,4556900E:RCS0325,ROUNDEL_TEAM,na,na,MARASCHINO,,PRIMARY
TEAMSWITCH,1,2190647E:RCS0065,ROUNDEL_TEAM,na,na,MARASCHINO,,PRIMARY
TEAMSWITCH,1,5503256:RCS2288-2,ROUNDEL_TEAM,na,na,MARASCHINO,,PRIMARY
TEAMSWITCH,1,4448402E:RSR1122,ROUNDEL_TEAM,na,na,MARASCHINO,,PRIMARY
TEAMSWITCH,1,4601808E:RSR1123,ROUNDEL_TEAM,na,na,MARASCHINO,,PRIMARY
TEAMSWITCH,1,_4EA378C4-E703-4C9D-AF48-B78FC49C3AC8,ROUNDEL_TEAM,na,na,MARASCHINO,,PRIMARY
TEAMSWITCH,1,1217339E:RAR0596,ACE_TEAM,na,na,GOLETA,,PRIMARY
TEAMSWITCH,1,1523883E:RCS0588,ACE_TEAM,na,na,GOLETA,,PRIMARY
TEAMSWITCH,1,5031700:RCS1700-1,ACE_TEAM,na,na,GOLETA,,PRIMARY
TEAMSWITCH,1,_F2AF641E-6F66-4023-8ECC-96B8E9A1B49F,ACE_TEAM,na,na,GOLETA,,PRIMARY
TEAMSWITCH,1,1840686E:RCS0321,LA VACA_TEAM,na,na,POTRERO,,PRIMARY
TEAMSWITCH,1,5188860:RCS0742-2,LA VACA_TEAM,na,na,POTRERO,,PRIMARY
TEAMSWITCH,1,5027442:RCS0628-3,LA VACA_TEAM,na,na,POTRERO,,PRIMARY
TEAMSWITCH,1,5188860:RCS0742-4,LA VACA_TEAM,na,na,POTRERO,,PRIMARY
TEAMSWITCH,1,5024312:RCS0202-3_CS,LA VACA_TEAM,na,na,POTRERO,,PRIMARY
TEAMSWITCH,1,_17707DF2-D5D0-4165-9355-6107118193DB,LA VACA_TEAM,na,na,POTRERO,,PRIMARY
TEAMSWITCH,1,_FD250C7D-B159-4864-BA7C-0225C32747E3,CALAREST_TEAM,na,na,BEVERLY,,PRIMARY
TEAMSWITCH,1,_59522ED7-B6EA-4E1A-962A-3B060C904ADF,GOLDWYN_TEAM,na,na,CULVER,,PRIMARY
TEAMSWITCH,1,_2CD8E2E7-DCB5-42B3-84E7-075CEC6F669C,KIRSOP_TEAM,na,na,MOBILOIL,,PRIMARY
TEAMSWITCH,1,4082013E:RAR0971,AMBRUS_TEAM,na,na,BRADBURY,,PRIMARY
TEAMSWITCH,1,5598986:RCS9632-1,AMBRUS_TEAM,na,na,BRADBURY,,PRIMARY
TEAMSWITCH,1,1250939E:RCS0187,AMBRUS_TEAM,na,na,BRADBURY,,PRIMARY
TEAMSWITCH,1,5576630:RCS9673-2,AMBRUS_TEAM,na,na,BRADBURY,,PRIMARY
TEAMSWITCH,1,4082047E:RSR0068,AMBRUS_TEAM,na,na,BRADBURY,,PRIMARY
TEAMSWITCH,1,_1BC90537-134C-4278-8412-536B45073D98,AMBRUS_TEAM,na,na,BRADBURY,,PRIMARY
TEAMSWITCH,1,188137M:RCS0143,YOUNG_TEAM,na,na,BEVERLY,,PRIMARY
TEAMSWITCH,1,5039881:RCS0843-1,YOUNG_TEAM,na,na,BEVERLY,,PRIMARY
TEAMSWITCH,1,5039416:RCS0482-2,YOUNG_TEAM,na,na,BEVERLY,,PRIMARY
TEAMSWITCH,1,689188E:RCS0309,YOUNG_TEAM,na,na,BEVERLY,,PRIMARY
TEAMSWITCH,1,_1E2580F5-A35A-48DD-A0A2-55A169D5F726,YOUNG_TEAM,na,na,BEVERLY,,PRIMARY
TEAMSWITCH,1,_095DBBA2-B0F9-4B28-9EE8-2A665AAD0295,YOUNG_TEAM,na,na,BEVERLY,,PRIMARY
TEAMSWITCH,1,1518022E:RSR0753,MADISON_TEAM,na,na,COLORADO,,PRIMARY
TEAMSWITCH,1,_5ADE7DEC-EB14-477F-93F6-E6B39A89130F,MADISON_TEAM,na,na,COLORADO,,PRIMARY
TEAMSWITCH,1,1715168E:RCS0488,BOBBER_TEAM,na,na,BLOOMINGTON,,PRIMARY
TEAMSWITCH,1,4791114E:RCS2407,BOBBER_TEAM,na,na,BLOOMINGTON,,PRIMARY
TEAMSWITCH,1,4772014E:RCS2476,BOBBER_TEAM,na,na,BLOOMINGTON,,PRIMARY
TEAMSWITCH,1,5055127:RCS1013-5,BOBBER_TEAM,na,na,BLOOMINGTON,,PRIMARY
TEAMSWITCH,1,4448114E:RCS0077,BOBBER_TEAM,na,na,BLOOMINGTON,,PRIMARY
TEAMSWITCH,1,2375440E:RCS0004,BOBBER_TEAM,na,na,BLOOMINGTON,,PRIMARY
TEAMSWITCH,1,4968847E:RCS0093,BOBBER_TEAM,na,na,BLOOMINGTON,,PRIMARY
TEAMSWITCH,1,4026511E:RSR0155,BOBBER_TEAM,na,na,BLOOMINGTON,,PRIMARY
TEAMSWITCH,1,_43E02BB6-AE8D-4089-859A-0B4C42157BD5,BOBBER_TEAM,na,na,BLOOMINGTON,,PRIMARY
TEAMSWITCH,1,5581807:RCS2636-2,ZASADNI_TEAM,na,na,VICTOR,,PRIMARY
TEAMSWITCH,1,5411021:RCS1934-1_CS,ZASADNI_TEAM,na,na,VICTOR,,PRIMARY
TEAMSWITCH,1,_C9B45DD2-94F2-436A-A424-4B389A89BC18,ZASADNI_TEAM,na,na,VICTOR,,PRIMARY
TEAMSWITCH,1,5705095:RCS4050-2,RENAULT_TEAM,na,na,ROADWAY,,PRIMARY
TEAMSWITCH,1,_08A02439-B7F8-4EA6-9997-53A411E3CF9F,RENAULT_TEAM,na,na,ROADWAY,,PRIMARY
TEAMSWITCH,1,719308E:RCS0466,BEATTIE_TEAM,na,na,PORTERVILLE,,PRIMARY
TEAMSWITCH,1,4700349E:RCS5738,BEATTIE_TEAM,na,na,PORTERVILLE,,PRIMARY
TEAMSWITCH,1,_574132A2-E118-4C13-A795-AFB84AB2276D,BEATTIE_TEAM,na,na,PORTERVILLE,,PRIMARY
TEAMSWITCH,1,2156902E:RAR1021,CEMENT_TEAM,na,na,VICTOR,,PRIMARY
TEAMSWITCH,1,4780444E:RAR1065,CEMENT_TEAM,na,na,VICTOR,,PRIMARY
TEAMSWITCH,1,4780446E:RAR1066,CEMENT_TEAM,na,na,VICTOR,,PRIMARY
TEAMSWITCH,1,4780448E:RAR1067,CEMENT_TEAM,na,na,VICTOR,,PRIMARY
TEAMSWITCH,1,4735569E:RCS0460,CEMENT_TEAM,na,na,VICTOR,,PRIMARY
TEAMSWITCH,1,4531653E:RCS0059,CEMENT_TEAM,na,na,VICTOR,,PRIMARY
TEAMSWITCH,1,273085S:RCS0310,CEMENT_TEAM,na,na,VICTOR,,PRIMARY
TEAMSWITCH,1,4635538E:RCS0900,CEMENT_TEAM,na,na,VICTOR,,PRIMARY
TEAMSWITCH,1,4620547E:RCS0010,CEMENT_TEAM,na,na,VICTOR,,PRIMARY
TEAMSWITCH,1,5573174:RCSG954-2,CEMENT_TEAM,na,na,VICTOR,,PRIMARY
TEAMSWITCH,1,4988788E:RCS1655,CEMENT_TEAM,na,na,VICTOR,,PRIMARY
TEAMSWITCH,1,_1A7858AA-7EFC-4CC8-980D-807716EB9A55,CEMENT_TEAM,na,na,VICTOR,,PRIMARY
TEAMSWITCH,1,1706788E:RAR5136,CARNEGIE_TEAM,na,na,GONZALES,,PRIMARY
TEAMSWITCH,1,1633414E:RCS0562,CARNEGIE_TEAM,na,na,GONZALES,,PRIMARY
TEAMSWITCH,1,1704950E:RCS1848,CARNEGIE_TEAM,na,na,GONZALES,,PRIMARY
TEAMSWITCH,1,1539023E:RCS2181,CARNEGIE_TEAM,na,na,GONZALES,,PRIMARY
TEAMSWITCH,1,5179608:RCS1010-4_CS,CARNEGIE_TEAM,na,na,GONZALES,,PRIMARY
TEAMSWITCH,1,_1084FDCA-DA88-4998-A7D7-77EE14A75E4A,CARNEGIE_TEAM,na,na,GONZALES,,PRIMARY
TEAMSWITCH,1,4125716E:RAR0652,GALAHAD_TEAM,na,na,LATIGO,,PRIMARY
TEAMSWITCH,1,1827219E:RAR0767,GALAHAD_TEAM,na,na,LATIGO,,PRIMARY
TEAMSWITCH,1,1638606E:RAR0650,GALAHAD_TEAM,na,na,LATIGO,,PRIMARY
TEAMSWITCH,1,4124823E:RAR0654,GALAHAD_TEAM,na,na,LATIGO,,PRIMARY
TEAMSWITCH,1,4216470E:RAR3693,GALAHAD_TEAM,na,na,LATIGO,,PRIMARY
TEAMSWITCH,1,4425302E:RCS0638,GALAHAD_TEAM,na,na,LATIGO,,PRIMARY
TEAMSWITCH,1,1085705E:RCS0648,GALAHAD_TEAM,na,na,LATIGO,,PRIMARY
TEAMSWITCH,1,4279041E:RCS0816,GALAHAD_TEAM,na,na,LATIGO,,PRIMARY
TEAMSWITCH,1,899886E:RCS0556,GALAHAD_TEAM,na,na,LATIGO,,PRIMARY
TEAMSWITCH,1,1059768E:RCS0644,GALAHAD_TEAM,na,na,LATIGO,,PRIMARY
TEAMSWITCH,1,1513458E:RCS0662,GALAHAD_TEAM,na,na,LATIGO,,PRIMARY
TEAMSWITCH,1,910254E:RCS0658,GALAHAD_TEAM,na,na,LATIGO,,PRIMARY
TEAMSWITCH,1,1408710E:RCS0655,GALAHAD_TEAM,na,na,LATIGO,,PRIMARY
TEAMSWITCH,1,_D17ABA26-EFCD-4467-B740-57660EDF5AD0,GALAHAD_TEAM,na,na,LATIGO,,PRIMARY
TEAMSWITCH,1,4824610E:RAR0007,GREEN BEAR_TEAM,na,na,GREEN BEAR PT,,PRIMARY
TEAMSWITCH,1,4961747E:RAR2118,GREEN BEAR_TEAM,na,na,GREEN BEAR PT,,PRIMARY
TEAMSWITCH,1,7311:GREEN BEAR P.T.-L1,GREEN BEAR_TEAM,na,na,GREEN BEAR PT,,PRIMARY
TEAMSWITCH,1,7311:GREEN BEAR P.T.-H1,GREEN BEAR_TEAM,na,na,GREEN BEAR PT,,PRIMARY
TEAMSWITCH,1,5035930:RCS7697-1,DEWITT_TEAM,na,na,NEWHALL,,PRIMARY
TEAMSWITCH,1,_1BB660C1-9EE5-4939-8691-31152F968BAB,DEWITT_TEAM,na,na,NEWHALL,,PRIMARY
TEAMSWITCH,1,_D6178655-F2EA-4A80-A22B-94F88A196C58,TINDAL_TEAM,na,na,MOBILOIL,,PRIMARY
TEAMSWITCH,1,1664335E:RCS0077,PURDUE_TEAM,na,na,SAWTELLE,,PRIMARY
TEAMSWITCH,1,1759097E:RSR0739,PURDUE_TEAM,na,na,SAWTELLE,,PRIMARY
TEAMSWITCH,1,1277052E:RSR0347,PURDUE_TEAM,na,na,SAWTELLE,,PRIMARY
TEAMSWITCH,1,236501E:RSR0081,PURDUE_TEAM,na,na,SAWTELLE,,PRIMARY
TEAMSWITCH,1,_D5B74C48-885D-4E54-BB51-C83DBD84AB62,PURDUE_TEAM,na,na,SAWTELLE,,PRIMARY
TEAMSWITCH,1,843772E:RAR0779,LLOYD_TEAM,na,na,DEL SUR,,PRIMARY
TEAMSWITCH,1,4780415E:RAR0285,LLOYD_TEAM,na,na,DEL SUR,,PRIMARY
TEAMSWITCH,1,1847352E:RCS0055,LLOYD_TEAM,na,na,DEL SUR,,PRIMARY
TEAMSWITCH,1,1021969E:RSR0446,LLOYD_TEAM,na,na,DEL SUR,,PRIMARY
TEAMSWITCH,1,5647964:RCSG964-2,LLOYD_TEAM,na,na,DEL SUR,,PRIMARY
TEAMSWITCH,1,5647964:RCSG964-1,LLOYD_TEAM,na,na,DEL SUR,,PRIMARY
TEAMSWITCH,1,5647965:RCSG965-4,LLOYD_TEAM,na,na,DEL SUR,,PRIMARY
TEAMSWITCH,1,5647965:RCSG965-3,LLOYD_TEAM,na,na,DEL SUR,,PRIMARY
TEAMSWITCH,1,5647966:RCSG966-2,LLOYD_TEAM,na,na,DEL SUR,,PRIMARY
TEAMSWITCH,1,5647966:RCSG966-3,LLOYD_TEAM,na,na,DEL SUR,,PRIMARY
TEAMSWITCH,1,_581B0AEA-FD78-4275-9C0C-8795C980C105,LLOYD_TEAM,na,na,DEL SUR,,PRIMARY
TEAMSWITCH,1,5137934:RCS4275-1,RACER_TEAM,na,na,NORTH OAKS,,PRIMARY
TEAMSWITCH,1,_94179875-0EFB-4FEE-A3A5-EE8FC63EEA33,RACER_TEAM,na,na,NORTH OAKS,,PRIMARY
TEAMSWITCH,1,4125187E:RAR0115,BORCHARD_TEAM,na,na,NEWBURY,,PRIMARY
TEAMSWITCH,1,1296679E:RCS4096,BORCHARD_TEAM,na,na,NEWBURY,,PRIMARY
TEAMSWITCH,1,4669628E:RCS0176,BORCHARD_TEAM,na,na,NEWBURY,,PRIMARY
TEAMSWITCH,1,5618717:RCS8717-1,BORCHARD_TEAM,na,na,NEWBURY,,PRIMARY
TEAMSWITCH,1,5532186:RCS4047-4,BORCHARD_TEAM,na,na,NEWBURY,,PRIMARY
TEAMSWITCH,1,5521201:RCS1201-2,BORCHARD_TEAM,na,na,NEWBURY,,PRIMARY
TEAMSWITCH,1,5521840:RCS6078-2,BORCHARD_TEAM,na,na,NEWBURY,,PRIMARY
TEAMSWITCH,1,5024717:RCS0317-1,BORCHARD_TEAM,na,na,NEWBURY,,PRIMARY
TEAMSWITCH,1,_FCC00C5C-6447-4B37-8039-02F09EDEE649,BORCHARD_TEAM,na,na,NEWBURY,,PRIMARY
TEAMSWITCH,1,996037E:RCS0420,IRWIN HTS_TEAM,na,na,SANTA MONICA,,PRIMARY
TEAMSWITCH,1,967319E:RCS0244,IRWIN HTS_TEAM,na,na,SANTA MONICA,,PRIMARY
TEAMSWITCH,1,_29823F27-5E52-448D-AB3B-D649C5A37900,IRWIN HTS_TEAM,na,na,SANTA MONICA,,PRIMARY
TEAMSWITCH,1,1686236E:RCS1426,BRUTTE_TEAM,na,na,MAXWELL,,PRIMARY
TEAMSWITCH,1,5359258:RCS1790-4,BRUTTE_TEAM,na,na,MAXWELL,,PRIMARY
TEAMSWITCH,1,5171622:RCS0116-1_CS,BRUTTE_TEAM,na,na,MAXWELL,,PRIMARY
TEAMSWITCH,1,5172226:RCS0982-2_CS,BRUTTE_TEAM,na,na,MAXWELL,,PRIMARY
TEAMSWITCH,1,_A6B9483E-0E44-4AD0-9859-15F7E0E4DD17,BRUTTE_TEAM,na,na,MAXWELL,,PRIMARY
TEAMSWITCH,1,4262503E:RCS2393,FLORY_TEAM,na,na,WOODVILLE,,PRIMARY
TEAMSWITCH,1,635073E:RSR0405,FLORY_TEAM,na,na,WOODVILLE,,PRIMARY
TEAMSWITCH,1,1517427E:RSR0322,FLORY_TEAM,na,na,WOODVILLE,,PRIMARY
TEAMSWITCH,1,4669999E:RSR0661,FLORY_TEAM,na,na,WOODVILLE,,PRIMARY
TEAMSWITCH,1,_093CA00F-83EF-4013-8788-DED7C0ED5695,FLORY_TEAM,na,na,WOODVILLE,,PRIMARY
TEAMSWITCH,1,4761784E:RCS0248,GOLDSMITH_TEAM,na,na,THOUSAND OAKS,,PRIMARY
TEAMSWITCH,1,4451925E:RCS0507,GOLDSMITH_TEAM,na,na,THOUSAND OAKS,,PRIMARY
TEAMSWITCH,1,4761785E:RCS5189,GOLDSMITH_TEAM,na,na,THOUSAND OAKS,,PRIMARY
TEAMSWITCH,1,1603135E:RCS0524,GOLDSMITH_TEAM,na,na,THOUSAND OAKS,,PRIMARY
TEAMSWITCH,1,1293221E:RCS0261,GOLDSMITH_TEAM,na,na,THOUSAND OAKS,,PRIMARY
TEAMSWITCH,1,5449831:RCS1737-4,GOLDSMITH_TEAM,na,na,THOUSAND OAKS,,PRIMARY
TEAMSWITCH,1,5027114:RCS5134-1,GOLDSMITH_TEAM,na,na,THOUSAND OAKS,,PRIMARY
TEAMSWITCH,1,5023700:RCS8830-1,GOLDSMITH_TEAM,na,na,THOUSAND OAKS,,PRIMARY
TEAMSWITCH,1,5023707:RCS0355-3,GOLDSMITH_TEAM,na,na,THOUSAND OAKS,,PRIMARY
TEAMSWITCH,1,_054F1063-9A7F-46AB-8E68-D395CFE5EEFD,GOLDSMITH_TEAM,na,na,THOUSAND OAKS,,PRIMARY
TEAMSWITCH,1,2285220E:RCS0272,TENDER_TEAM,na,na,BLOOMINGTON,,PRIMARY
TEAMSWITCH,1,_C4743CE7-C38A-452C-87E3-4A82262B430F,TENDER_TEAM,na,na,BLOOMINGTON,,PRIMARY
TEAMSWITCH,1,4754482E:RCS3865,SPINNAKER_TEAM,na,na,CHANNEL ISLANDS,,PRIMARY
TEAMSWITCH,1,1136803E:RCS5133,SPINNAKER_TEAM,na,na,CHANNEL ISLANDS,,PRIMARY
TEAMSWITCH,1,5195133:RCS3522-2,SPINNAKER_TEAM,na,na,CHANNEL ISLANDS,,PRIMARY
TEAMSWITCH,1,1472977E:RSR1938,SPINNAKER_TEAM,na,na,CHANNEL ISLANDS,,PRIMARY
TEAMSWITCH,1,1472972E:RSR1929,SPINNAKER_TEAM,na,na,CHANNEL ISLANDS,,PRIMARY
TEAMSWITCH,1,956949E:RSR1905,SPINNAKER_TEAM,na,na,CHANNEL ISLANDS,,PRIMARY
TEAMSWITCH,1,1513348E:RSR1830,SPINNAKER_TEAM,na,na,CHANNEL ISLANDS,,PRIMARY
TEAMSWITCH,1,1415401E:RSR2057,SPINNAKER_TEAM,na,na,CHANNEL ISLANDS,,PRIMARY
TEAMSWITCH,1,_F5D21A73-24BE-4404-B602-21B33E46D916,SPINNAKER_TEAM,na,na,CHANNEL ISLANDS,,PRIMARY
TEAMSWITCH,1,5385274:RCS4339-1,FAIRLANE_TEAM,na,na,FALCON RIDGE,,PRIMARY
TEAMSWITCH,1,5586440:RCS5882-2,FAIRLANE_TEAM,na,na,FALCON RIDGE,,PRIMARY
TEAMSWITCH,1,5385252:RCS5880-1,FAIRLANE_TEAM,na,na,FALCON RIDGE,,PRIMARY
TEAMSWITCH,1,_0EE44741-A944-4B9D-B4F1-DE1F8B95363A,FAIRLANE_TEAM,na,na,FALCON RIDGE,,PRIMARY
TEAMSWITCH,1,4625362E:RAR3105,MEDUSA_TEAM,na,na,SAN BERNARDINO,,PRIMARY
TEAMSWITCH,1,4329232E:RCS0245,MEDUSA_TEAM,na,na,SAN BERNARDINO,,PRIMARY
TEAMSWITCH,1,_5ACB477C-F642-4C19-9A43-FE7070B958F1,MEDUSA_TEAM,na,na,SAN BERNARDINO,,PRIMARY
TEAMSWITCH,1,4004598E:RSR2084,HUFF_TEAM,na,na,ALDER,,PRIMARY
TEAMSWITCH,1,_E08E3322-8FAA-44D1-9C7D-C8986E88CC5A,HUFF_TEAM,na,na,ALDER,,PRIMARY
TEAMSWITCH,1,4772501E:RCS3157,HOMER_TEAM,na,na,LEMON COVE,,PRIMARY
TEAMSWITCH,1,2043894E:RCS0164,HOMER_TEAM,na,na,LEMON COVE,,PRIMARY
TEAMSWITCH,1,1771342E:RCS0533,HOMER_TEAM,na,na,LEMON COVE,,PRIMARY
TEAMSWITCH,1,_3499E850-4D87-4DE7-AAB6-53303898E84A,HOMER_TEAM,na,na,LEMON COVE,,PRIMARY
TEAMSWITCH,1,2114779E:RAR0278,DYSART_TEAM,na,na,DYSART PT,,PRIMARY
TEAMSWITCH,1,4960790E:RAR0442,DYSART_TEAM,na,na,DYSART PT,,PRIMARY
TEAMSWITCH,1,2033687E:RCS0290,DYSART_TEAM,na,na,DYSART PT,,PRIMARY
TEAMSWITCH,1,4331303E:RCS0746,DYSART_TEAM,na,na,DYSART PT,,PRIMARY
TEAMSWITCH,1,1806217E:RCS0912,DYSART_TEAM,na,na,DYSART PT,,PRIMARY
TEAMSWITCH,1,7174:DYSART P.T.-L1,DYSART_TEAM,na,na,DYSART PT,,PRIMARY
TEAMSWITCH,1,7174:DYSART P.T.-H1,DYSART_TEAM,na,na,DYSART PT,,PRIMARY
TEAMSWITCH,1,4793399E:RCS0172,TERMINUS_TEAM,na,na,LEMON COVE,,PRIMARY
TEAMSWITCH,1,1776216E:RCS0450,TERMINUS_TEAM,na,na,LEMON COVE,,PRIMARY
TEAMSWITCH,1,1666507E:RCS2068,TERMINUS_TEAM,na,na,LEMON COVE,,PRIMARY
TEAMSWITCH,1,1771342E:RCS0533,TERMINUS_TEAM,na,na,LEMON COVE,,PRIMARY
TEAMSWITCH,1,_5DD8A6D3-D369-4258-921A-F0FA95899E48,TERMINUS_TEAM,na,na,LEMON COVE,,PRIMARY
TEAMSWITCH,1,5130717:RCS6574-1_CS,MIRALESTA_TEAM,na,na,ROLLING HILLS,,PRIMARY
TEAMSWITCH,1,5054058:RCS4833-3,MIRALESTA_TEAM,na,na,ROLLING HILLS,,PRIMARY
TEAMSWITCH,1,_85B0DC30-91B9-4C1E-87A7-AF31DA1D0C5B,MIRALESTA_TEAM,na,na,ROLLING HILLS,,PRIMARY
TEAMSWITCH,1,4561540E:RCS0183,BROOKSIDE_TEAM,na,na,REDLANDS,,PRIMARY
TEAMSWITCH,1,4376669E:RCS0038,BROOKSIDE_TEAM,na,na,REDLANDS,,PRIMARY
TEAMSWITCH,1,_586A939C-FF9E-40DE-AACD-3A25F9D17C94,BROOKSIDE_TEAM,na,na,REDLANDS,,PRIMARY
TEAMSWITCH,1,595287E:RAR0945,GOLDENBEAR_TEAM,na,na,MASCOT,,PRIMARY
TEAMSWITCH,1,595360E:RAR0996,GOLDENBEAR_TEAM,na,na,MASCOT,,PRIMARY
TEAMSWITCH,1,4759354E:RCS3079,GOLDENBEAR_TEAM,na,na,MASCOT,,PRIMARY
TEAMSWITCH,1,2081048E:RCS3363,GOLDENBEAR_TEAM,na,na,MASCOT,,PRIMARY
TEAMSWITCH,1,_2B3CF8F1-3C1A-40DE-8450-AA79419AC2DE,GOLDENBEAR_TEAM,na,na,MASCOT,,PRIMARY
TEAMSWITCH,1,4557149E:RCS0169,DEVINE_TEAM,na,na,THOUSAND OAKS,,PRIMARY
TEAMSWITCH,1,1754592E:RCS0260,DEVINE_TEAM,na,na,THOUSAND OAKS,,PRIMARY
TEAMSWITCH,1,5627700:RCS1051-3,DEVINE_TEAM,na,na,THOUSAND OAKS,,PRIMARY
TEAMSWITCH,1,5395368:RCS0118-2,DEVINE_TEAM,na,na,THOUSAND OAKS,,PRIMARY
TEAMSWITCH,1,_5D8F08B7-19AC-4F24-BE8F-A5911216DECD,DEVINE_TEAM,na,na,THOUSAND OAKS,,PRIMARY
TEAMSWITCH,1,4625044E:RAR0141,RICARDO_TEAM,na,na,SAN MIGUEL,,PRIMARY
TEAMSWITCH,1,1067557E:RAR1102,RICARDO_TEAM,na,na,SAN MIGUEL,,PRIMARY
TEAMSWITCH,1,985445E:RCS0692,RICARDO_TEAM,na,na,SAN MIGUEL,,PRIMARY
TEAMSWITCH,1,149067E:RCS1633,RICARDO_TEAM,na,na,SAN MIGUEL,,PRIMARY
TEAMSWITCH,1,1425068E:RCS0010,RICARDO_TEAM,na,na,SAN MIGUEL,,PRIMARY
TEAMSWITCH,1,1616349E:RCS0367,RICARDO_TEAM,na,na,SAN MIGUEL,,PRIMARY
TEAMSWITCH,1,5033831:RCS3119-1_CS,RICARDO_TEAM,na,na,SAN MIGUEL,,PRIMARY
TEAMSWITCH,1,1649353E:RSR0447,RICARDO_TEAM,na,na,SAN MIGUEL,,PRIMARY
TEAMSWITCH,1,4484452E:RSR0472,RICARDO_TEAM,na,na,SAN MIGUEL,,PRIMARY
TEAMSWITCH,1,_4FB4C9E2-7630-4E4C-B929-A953D8422162,RICARDO_TEAM,na,na,SAN MIGUEL,,PRIMARY
TEAMSWITCH,1,983783E:RAR0217,ANTON_TEAM,na,na,MOORPARK,,PRIMARY
TEAMSWITCH,1,1415137E:RAR1993,ANTON_TEAM,na,na,MOORPARK,,PRIMARY
TEAMSWITCH,1,983785E:RAR0621,ANTON_TEAM,na,na,MOORPARK,,PRIMARY
TEAMSWITCH,1,3005573E:RAR1992,ANTON_TEAM,na,na,MOORPARK,,PRIMARY
TEAMSWITCH,1,1514461E:RCS3706,ANTON_TEAM,na,na,MOORPARK,,PRIMARY
TEAMSWITCH,1,1632902E:RCS3707,ANTON_TEAM,na,na,MOORPARK,,PRIMARY
TEAMSWITCH,1,475269E:RCS2380,ANTON_TEAM,na,na,MOORPARK,,PRIMARY
TEAMSWITCH,1,803025E:RCS0559,ANTON_TEAM,na,na,MOORPARK,,PRIMARY
TEAMSWITCH,1,1500423E:RSR0565,ANTON_TEAM,na,na,MOORPARK,,PRIMARY
TEAMSWITCH,1,717496E:RSR5773,ANTON_TEAM,na,na,MOORPARK,,PRIMARY
TEAMSWITCH,1,_AE623E08-78F8-4A3E-B3B5-9400847DA72C,ANTON_TEAM,na,na,MOORPARK,,PRIMARY
TEAMSWITCH,1,5557035:RCS2543-4,VOLVO_TEAM,na,na,ROADWAY,,PRIMARY
TEAMSWITCH,1,5723044:RCS4011-3,VOLVO_TEAM,na,na,ROADWAY,,PRIMARY
TEAMSWITCH,1,5701212:RCS3132-4,VOLVO_TEAM,na,na,ROADWAY,,PRIMARY
TEAMSWITCH,1,_8C16E74B-4050-4C0B-B82C-39D299D6FAE0,VOLVO_TEAM,na,na,ROADWAY,,PRIMARY
TEAMSWITCH,1,1073507E:RCS0734,GRAVEL_TEAM,na,na,DALTON,,PRIMARY
TEAMSWITCH,1,4531659E:RCS1815,GRAVEL_TEAM,na,na,DALTON,,PRIMARY
TEAMSWITCH,1,1815100E:RCS1831,GRAVEL_TEAM,na,na,DALTON,,PRIMARY
TEAMSWITCH,1,_523DD455-6A28-4C98-8260-48FF00FC96A4,GRAVEL_TEAM,na,na,DALTON,,PRIMARY
TEAMSWITCH,1,2279432E:RCS0681,NEEDLE_TEAM,na,na,AQUEDUCT,,PRIMARY
TEAMSWITCH,1,_51F5ABB8-9C35-4FE5-B855-B0BE5EDBFFD0,NEEDLE_TEAM,na,na,AQUEDUCT,,PRIMARY
TEAMSWITCH,1,4387684E:RCS0343,LOQUAT_TEAM,na,na,TORRANCE,,PRIMARY
TEAMSWITCH,1,1611064E:RSR0347,LOQUAT_TEAM,na,na,TORRANCE,,PRIMARY
TEAMSWITCH,1,1231694E:RSR0207,LOQUAT_TEAM,na,na,TORRANCE,,PRIMARY
TEAMSWITCH,1,4820885E:RSR1427,LOQUAT_TEAM,na,na,TORRANCE,,PRIMARY
TEAMSWITCH,1,1949650E:RSR0232,LOQUAT_TEAM,na,na,TORRANCE,,PRIMARY
TEAMSWITCH,1,_1FDD954C-D519-4139-A805-91D755F9194D,LOQUAT_TEAM,na,na,TORRANCE,,PRIMARY
TEAMSWITCH,1,4855437E:RAR0537,WAGNER_TEAM,na,na,HOWARD,,PRIMARY
TEAMSWITCH,1,4902553E:RCS0334,WAGNER_TEAM,na,na,HOWARD,,PRIMARY
TEAMSWITCH,1,2027722E:RCS0289,WAGNER_TEAM,na,na,HOWARD,,PRIMARY
TEAMSWITCH,1,_E0C9B530-0763-4A18-B938-94B09EBB7D00,WAGNER_TEAM,na,na,HOWARD,,PRIMARY
TEAMSWITCH,1,1363195E:RCS0252,BENNY_TEAM,na,na,ETIWANDA,,PRIMARY
TEAMSWITCH,1,958787E:RCS2312,BENNY_TEAM,na,na,ETIWANDA,,PRIMARY
TEAMSWITCH,1,5619392:RCSG776-1,BENNY_TEAM,na,na,ETIWANDA,,PRIMARY
TEAMSWITCH,1,_5917A6DA-A97D-472F-81EF-DE51090BFA19,BENNY_TEAM,na,na,ETIWANDA,,PRIMARY
TEAMSWITCH,1,4099303E:RCS0905,RITTER_TEAM,na,na,ANAVERDE,,PRIMARY
TEAMSWITCH,1,_C74D123B-869E-484E-8023-A0317F2E8311,RITTER_TEAM,na,na,ANAVERDE,,PRIMARY
TEAMSWITCH,1,_96BBCBC1-C85D-4CE1-B3E6-72357ABB2FAD,RITTER_TEAM,na,na,ANAVERDE,,PRIMARY
TEAMSWITCH,1,271133E:RCS0142,PENDLETON_TEAM,na,na,YUCAIPA,,PRIMARY
TEAMSWITCH,1,1609898E:RCS0141,PENDLETON_TEAM,na,na,YUCAIPA,,PRIMARY
TEAMSWITCH,1,4786986E:RCS0224,PENDLETON_TEAM,na,na,YUCAIPA,,PRIMARY
TEAMSWITCH,1,4715612E:RCS0369,PENDLETON_TEAM,na,na,YUCAIPA,,PRIMARY
TEAMSWITCH,1,1764422E:RCS1239,PENDLETON_TEAM,na,na,YUCAIPA,,PRIMARY
TEAMSWITCH,1,_F6308960-16F7-438B-B3D0-A62F40A998F8,PENDLETON_TEAM,na,na,YUCAIPA,,PRIMARY
TEAMSWITCH,1,_09373A4A-BC0C-4F1E-B618-6BBEB8061E4A,PENDLETON_TEAM,na,na,YUCAIPA,,PRIMARY
TEAMSWITCH,1,4886017E:RAR0116,PORTLAND_TEAM,na,na,VICTOR,,PRIMARY
TEAMSWITCH,1,4886019E:RAR0117,PORTLAND_TEAM,na,na,VICTOR,,PRIMARY
TEAMSWITCH,1,4330669E:RCS0346,PORTLAND_TEAM,na,na,VICTOR,,PRIMARY
TEAMSWITCH,1,1757195E:RCS0302,PORTLAND_TEAM,na,na,VICTOR,,PRIMARY
TEAMSWITCH,1,4635538E:RCS0900,PORTLAND_TEAM,na,na,VICTOR,,PRIMARY
TEAMSWITCH,1,4988788E:RCS1655,PORTLAND_TEAM,na,na,VICTOR,,PRIMARY
TEAMSWITCH,1,4988793E:RSR1659,PORTLAND_TEAM,na,na,VICTOR,,PRIMARY
TEAMSWITCH,1,_0ADDAE41-26CC-4AD5-9F7A-5A76A2057B1F,PORTLAND_TEAM,na,na,VICTOR,,PRIMARY
TEAMSWITCH,1,4801274E:RAR0017,COTTAGE GROVE_TEAM,na,na,COTTAGE GROVE,,PRIMARY
TEAMSWITCH,1,7150:COTTAGE GROVE-L1,COTTAGE GROVE_TEAM,na,na,COTTAGE GROVE,,PRIMARY
TEAMSWITCH,1,7150:COTTAGE GROVE-H1,COTTAGE GROVE_TEAM,na,na,COTTAGE GROVE,,PRIMARY
TEAMSWITCH,1,5441332:RCS0172-1,SORRENTO_TEAM,na,na,VALDEZ,,PRIMARY
TEAMSWITCH,1,5024215:RCS0439-1,SORRENTO_TEAM,na,na,VALDEZ,,PRIMARY
TEAMSWITCH,1,_719B29C5-6A86-4316-8743-85CE746F736E,SORRENTO_TEAM,na,na,VALDEZ,,PRIMARY
TEAMSWITCH,1,2325934E:RCS0198,TALPA_TEAM,na,na,SAVAGE,,PRIMARY
TEAMSWITCH,1,1738373E:RCS0425,TALPA_TEAM,na,na,SAVAGE,,PRIMARY
TEAMSWITCH,1,4501696E:RCS0144,TALPA_TEAM,na,na,SAVAGE,,PRIMARY
TEAMSWITCH,1,1552513E:RCS0193,TALPA_TEAM,na,na,SAVAGE,,PRIMARY
TEAMSWITCH,1,1963202E:RCS0146,TALPA_TEAM,na,na,SAVAGE,,PRIMARY
TEAMSWITCH,1,_9A111686-C515-46C4-B4D6-929F7A90EEDA,TALPA_TEAM,na,na,SAVAGE,,PRIMARY
TEAMSWITCH,1,4803237E:RAR0906,GARCIA_TEAM,na,na,VISALIA,,PRIMARY
TEAMSWITCH,1,4022959E:RCS0748,GARCIA_TEAM,na,na,VISALIA,,PRIMARY
TEAMSWITCH,1,4420127E:RCS1042,GARCIA_TEAM,na,na,VISALIA,,PRIMARY
TEAMSWITCH,1,4904341E:RCS1349,GARCIA_TEAM,na,na,VISALIA,,PRIMARY
TEAMSWITCH,1,2331337E:RCS0462,GARCIA_TEAM,na,na,VISALIA,,PRIMARY
TEAMSWITCH,1,_2274488F-6DBB-417C-BB01-0F9FD67148B3,GARCIA_TEAM,na,na,VISALIA,,PRIMARY
TEAMSWITCH,1,4667307E:RAR0980,CALIBER_TEAM,na,na,PALMDALE,,PRIMARY
TEAMSWITCH,1,2338896E:RAR0041,CALIBER_TEAM,na,na,PALMDALE,,PRIMARY
TEAMSWITCH,1,1310389E:RAR0034,CALIBER_TEAM,na,na,PALMDALE,,PRIMARY
TEAMSWITCH,1,1218201E:RCS0714,CALIBER_TEAM,na,na,PALMDALE,,PRIMARY
TEAMSWITCH,1,4117591E:RCS0080,CALIBER_TEAM,na,na,PALMDALE,,PRIMARY
TEAMSWITCH,1,656123E:RCS0737,CALIBER_TEAM,na,na,PALMDALE,,PRIMARY
TEAMSWITCH,1,928559E:RCS4295,CALIBER_TEAM,na,na,PALMDALE,,PRIMARY
TEAMSWITCH,1,390405E:RCS0987,CALIBER_TEAM,na,na,PALMDALE,,PRIMARY
TEAMSWITCH,1,_CA330598-C3FD-49C8-ABD2-2EA122BDAC1C,CALIBER_TEAM,na,na,PALMDALE,,PRIMARY
TEAMSWITCH,1,4032095E:RAR0023,LANGER_TEAM,na,na,THOUSAND OAKS,,PRIMARY
TEAMSWITCH,1,4743353E:RCS0096,LANGER_TEAM,na,na,THOUSAND OAKS,,PRIMARY
TEAMSWITCH,1,4032429E:RCS0237,LANGER_TEAM,na,na,THOUSAND OAKS,,PRIMARY
TEAMSWITCH,1,4253700E:RCS0245,LANGER_TEAM,na,na,THOUSAND OAKS,,PRIMARY
TEAMSWITCH,1,4831768E:RCS1350,LANGER_TEAM,na,na,THOUSAND OAKS,,PRIMARY
TEAMSWITCH,1,4879538E:RCS6026,LANGER_TEAM,na,na,THOUSAND OAKS,,PRIMARY
TEAMSWITCH,1,_45F797AD-4E0B-4D0A-A522-88FF939CB1DF,LANGER_TEAM,na,na,THOUSAND OAKS,,PRIMARY
TEAMSWITCH,1,4976453E:RAR0149,GREEN TREE_TEAM,na,na,VICTORVILLE,,PRIMARY
TEAMSWITCH,1,1591484E:RSR0007,GREEN TREE_TEAM,na,na,VICTORVILLE,,PRIMARY
TEAMSWITCH,1,_389A5D48-0677-460A-A6BE-CF8D5CD16A00,GREEN TREE_TEAM,na,na,VICTORVILLE,,PRIMARY
TEAMSWITCH,1,573381E:RAR2352,VANDALIA_TEAM,na,na,PORTERVILLE,,PRIMARY
TEAMSWITCH,1,629389E:RCS0245,VANDALIA_TEAM,na,na,PORTERVILLE,,PRIMARY
TEAMSWITCH,1,1992021E:RCS3333,VANDALIA_TEAM,na,na,PORTERVILLE,,PRIMARY
TEAMSWITCH,1,1992011E:RCS0781,VANDALIA_TEAM,na,na,PORTERVILLE,,PRIMARY
TEAMSWITCH,1,5744126:RCSG363-3,VANDALIA_TEAM,na,na,PORTERVILLE,,PRIMARY
TEAMSWITCH,1,_90531349-9014-4A82-A730-65D9A7C2119C,VANDALIA_TEAM,na,na,PORTERVILLE,,PRIMARY
TEAMSWITCH,1,1790209E:RAR0421,CARVER_TEAM,na,na,QUINN,,PRIMARY
TEAMSWITCH,1,1790211E:RAR0422,CARVER_TEAM,na,na,QUINN,,PRIMARY
TEAMSWITCH,1,743801E:RAR0222,CARVER_TEAM,na,na,QUINN,,PRIMARY
TEAMSWITCH,1,1828052E:RAR0424,CARVER_TEAM,na,na,QUINN,,PRIMARY
TEAMSWITCH,1,4695140E:RAR3929,CARVER_TEAM,na,na,QUINN,,PRIMARY
TEAMSWITCH,1,4629488E:RAR0452,CARVER_TEAM,na,na,QUINN,,PRIMARY
TEAMSWITCH,1,4695599E:RSR0238,CARVER_TEAM,na,na,QUINN,,PRIMARY
TEAMSWITCH,1,_F054965C-055F-470C-BFCA-DEF3A30F0D3B,CARVER_TEAM,na,na,QUINN,,PRIMARY
TEAMSWITCH,1,_CAD55046-56E6-4AF0-A8C5-31310ED57C3B,LAVER_TEAM,na,na,WIMBLEDON,,PRIMARY
TEAMSWITCH,1,970613E:RCS1015,PHILLIPS_TEAM,na,na,LANCASTER,,PRIMARY
TEAMSWITCH,1,2226817E:RCS1720,PHILLIPS_TEAM,na,na,LANCASTER,,PRIMARY
TEAMSWITCH,1,2345805E:RCS0595,PHILLIPS_TEAM,na,na,LANCASTER,,PRIMARY
TEAMSWITCH,1,_980558FE-5809-4404-A3C5-940AB2B32722,PHILLIPS_TEAM,na,na,LANCASTER,,PRIMARY
TEAMSWITCH,1,_643975A6-6D1C-42C9-B919-11983A443C8C,STRINGER_TEAM,na,na,BRIDGE,,PRIMARY
TEAMSWITCH,1,4235629E:RAR0627,CLARINET_TEAM,na,na,ELIZABETH LAKE,,PRIMARY
TEAMSWITCH,1,1912632E:RAR0297,CLARINET_TEAM,na,na,ELIZABETH LAKE,,PRIMARY
TEAMSWITCH,1,695441E:RAR0299,CLARINET_TEAM,na,na,ELIZABETH LAKE,,PRIMARY
TEAMSWITCH,1,4510537E:RCS0343,CLARINET_TEAM,na,na,ELIZABETH LAKE,,PRIMARY
TEAMSWITCH,1,5621610:RCS0697-1,CLARINET_TEAM,na,na,ELIZABETH LAKE,,PRIMARY
TEAMSWITCH,1,5576959:RCS6959-1,CLARINET_TEAM,na,na,ELIZABETH LAKE,,PRIMARY
TEAMSWITCH,1,1753812E:RSR0436,CLARINET_TEAM,na,na,ELIZABETH LAKE,,PRIMARY
TEAMSWITCH,1,4586085E:RSR4251,CLARINET_TEAM,na,na,ELIZABETH LAKE,,PRIMARY
TEAMSWITCH,1,_E48B1CE8-17EF-489A-A570-27B8A37963A1,CLARINET_TEAM,na,na,ELIZABETH LAKE,,PRIMARY
TEAMSWITCH,1,4920970E:RAR2646,CHATTANOOGA_TEAM,na,na,TENNESSEE,,PRIMARY
TEAMSWITCH,1,5480862:RCS1151-2,CHATTANOOGA_TEAM,na,na,TENNESSEE,,PRIMARY
TEAMSWITCH,1,632872E:RCS0263,CHATTANOOGA_TEAM,na,na,TENNESSEE,,PRIMARY
TEAMSWITCH,1,_4AF7C7EE-BF34-4C81-9460-D2EC2F478D2E,CHATTANOOGA_TEAM,na,na,TENNESSEE,,PRIMARY
TEAMSWITCH,1,4918046E:RAR0026,CRUMP_TEAM,na,na,CRUMP PT,,PRIMARY
TEAMSWITCH,1,1609824E:RCS0256,CRUMP_TEAM,na,na,CRUMP PT,,PRIMARY
TEAMSWITCH,1,GT258325:RCS0638,CRUMP_TEAM,na,na,CRUMP PT,,PRIMARY
TEAMSWITCH,1,2192281E:RCS1150,CRUMP_TEAM,na,na,CRUMP PT,,PRIMARY
TEAMSWITCH,1,7152:CRUMP P.T.-L1,CRUMP_TEAM,na,na,CRUMP PT,,PRIMARY
TEAMSWITCH,1,7152:CRUMP P.T.-H1,CRUMP_TEAM,na,na,CRUMP PT,,PRIMARY
TEAMSWITCH,1,395043E:RAR1099,STUTZ_TEAM,na,na,NARROWS,,PRIMARY
TEAMSWITCH,1,1019552E:RCS1078,STUTZ_TEAM,na,na,NARROWS,,PRIMARY
TEAMSWITCH,1,GT128057:RCS1714,STUTZ_TEAM,na,na,NARROWS,,PRIMARY
TEAMSWITCH,1,3001065E:RCS1752,STUTZ_TEAM,na,na,NARROWS,,PRIMARY
TEAMSWITCH,1,5194961:RCS2031-2,STUTZ_TEAM,na,na,NARROWS,,PRIMARY
TEAMSWITCH,1,116420E:RCS0133,STUTZ_TEAM,na,na,NARROWS,,PRIMARY
TEAMSWITCH,1,1227077E:RSR1069,STUTZ_TEAM,na,na,NARROWS,,PRIMARY
TEAMSWITCH,1,1630188E:RSR1784,STUTZ_TEAM,na,na,NARROWS,,PRIMARY
TEAMSWITCH,1,_C5202B4F-59A7-4651-8F6F-80F0CB36E56E,STUTZ_TEAM,na,na,NARROWS,,PRIMARY
TEAMSWITCH,1,_EB5291AA-34D9-4F89-90B3-93A462E79A00,HAYDEN_TEAM,na,na,INGLEWOOD,,PRIMARY
TEAMSWITCH,1,4141418E:RCS0332,TOWNSHIP_TEAM,na,na,SANTA SUSANA,,PRIMARY
TEAMSWITCH,1,4701070E:RCS0458,TOWNSHIP_TEAM,na,na,SANTA SUSANA,,PRIMARY
TEAMSWITCH,1,1515683E:RCS0436,TOWNSHIP_TEAM,na,na,SANTA SUSANA,,PRIMARY
TEAMSWITCH,1,1754005E:RCS3538,TOWNSHIP_TEAM,na,na,SANTA SUSANA,,PRIMARY
TEAMSWITCH,1,104305E:RCS0477,TOWNSHIP_TEAM,na,na,SANTA SUSANA,,PRIMARY
TEAMSWITCH,1,4141416E:RCS0400,TOWNSHIP_TEAM,na,na,SANTA SUSANA,,PRIMARY
TEAMSWITCH,1,5313906:RCS1235-1,TOWNSHIP_TEAM,na,na,SANTA SUSANA,,PRIMARY
TEAMSWITCH,1,_D0976633-EEF2-4303-9745-AC57144EE0CD,TOWNSHIP_TEAM,na,na,SANTA SUSANA,,PRIMARY
TEAMSWITCH,1,_3A8662A3-DBCB-43E4-8FF6-986DB327EF7A,STERLING_TEAM,na,na,TIPPECANOE,,PRIMARY
TEAMSWITCH,1,1261153E:RCS0647,MARSHALL_TEAM,na,na,MARINE,,PRIMARY
TEAMSWITCH,1,1308753E:RCS0414,MARSHALL_TEAM,na,na,MARINE,,PRIMARY
TEAMSWITCH,1,5038647:RCS4815-1,MARSHALL_TEAM,na,na,MARINE,,PRIMARY
TEAMSWITCH,1,5304044:RCS1217-4,MARSHALL_TEAM,na,na,MARINE,,PRIMARY
TEAMSWITCH,1,_ADA154CC-E311-44D4-9D41-09C5A55BD9E3,MARSHALL_TEAM,na,na,MARINE,,PRIMARY
TEAMSWITCH,1,805292E:RCS0087,HARRISON_TEAM,na,na,WABASH,,PRIMARY
TEAMSWITCH,1,1408406E:RCS1591,HARRISON_TEAM,na,na,WABASH,,PRIMARY
TEAMSWITCH,1,5465332:RCS2149-1,HARRISON_TEAM,na,na,WABASH,,PRIMARY
TEAMSWITCH,1,_2E16DBA7-8B31-46B0-9335-752BFB2A0759,HARRISON_TEAM,na,na,WABASH,,PRIMARY
TEAMSWITCH,1,4776831E:RAR2271,SHOWDOWN_TEAM,na,na,RITTER RANCH,,PRIMARY
TEAMSWITCH,1,4526869E:RCS0159,SHOWDOWN_TEAM,na,na,RITTER RANCH,,PRIMARY
TEAMSWITCH,1,_B4B0418E-FFC3-4356-A146-5F23F7BFF50D,SHOWDOWN_TEAM,na,na,RITTER RANCH,,PRIMARY
TEAMSWITCH,1,_74A6262B-4C17-4D00-A04D-35328B4AB117,WOODWARD_TEAM,na,na,ALHAMBRA,,PRIMARY
TEAMSWITCH,1,4526189E:RCS0047,BARTON_TEAM,na,na,TIPPECANOE,,PRIMARY
TEAMSWITCH,1,_56B69B8C-A9D3-4AF2-8420-D19722276C4C,BARTON_TEAM,na,na,TIPPECANOE,,PRIMARY
TEAMSWITCH,1,5549661:RCS4077-2,GABBERT_TEAM,na,na,MOORPARK,,PRIMARY
TEAMSWITCH,1,5395383:RCS0124-4,GABBERT_TEAM,na,na,MOORPARK,,PRIMARY
TEAMSWITCH,1,5548738:RCS5161-2,GABBERT_TEAM,na,na,MOORPARK,,PRIMARY
TEAMSWITCH,1,4557113E:RSR1756,GABBERT_TEAM,na,na,MOORPARK,,PRIMARY
TEAMSWITCH,1,5502276:RCS8821-1,GABBERT_TEAM,na,na,MOORPARK,,PRIMARY
TEAMSWITCH,1,_617A66F7-7012-4F8A-A083-98E3E8FE5648,GABBERT_TEAM,na,na,MOORPARK,,PRIMARY
TEAMSWITCH,1,5045990:RCS3855-3_CS,MICA_TEAM,na,na,CREST,,PRIMARY
TEAMSWITCH,1,5120617:RCS1478-3_CS,MICA_TEAM,na,na,CREST,,PRIMARY
TEAMSWITCH,1,_CEE0CDB5-334C-47E8-BF22-3D71F03B0BA8,MICA_TEAM,na,na,CREST,,PRIMARY
TEAMSWITCH,1,5714741:RCS5321-5,TRACTOR_TEAM,na,na,DECLEZ,,PRIMARY
TEAMSWITCH,1,4847647E:RCS2452,TRACTOR_TEAM,na,na,DECLEZ,,PRIMARY
TEAMSWITCH,1,_B600F6CA-6F6A-45AB-B839-9128A222E58C,TRACTOR_TEAM,na,na,DECLEZ,,PRIMARY
TEAMSWITCH,1,4441621E:RCS2247,REDWOOD_TEAM,na,na,DECLEZ,,PRIMARY
TEAMSWITCH,1,4237200E:RCS2447,REDWOOD_TEAM,na,na,DECLEZ,,PRIMARY
TEAMSWITCH,1,4885392E:RCS0575,REDWOOD_TEAM,na,na,DECLEZ,,PRIMARY
TEAMSWITCH,1,4222609E:RCS2245,REDWOOD_TEAM,na,na,DECLEZ,,PRIMARY
TEAMSWITCH,1,4698481E:RCS5780,REDWOOD_TEAM,na,na,DECLEZ,,PRIMARY
TEAMSWITCH,1,4797773E:RCS6585,REDWOOD_TEAM,na,na,DECLEZ,,PRIMARY
TEAMSWITCH,1,5456964:RCS6595-3_CS,REDWOOD_TEAM,na,na,DECLEZ,,PRIMARY
TEAMSWITCH,1,4222637E:RSR7042,REDWOOD_TEAM,na,na,DECLEZ,,PRIMARY
TEAMSWITCH,1,_C9F15097-948A-426A-9088-9C4D1F922440,REDWOOD_TEAM,na,na,DECLEZ,,PRIMARY
TEAMSWITCH,1,1514860E:RCS1975,REIMANN_TEAM,na,na,COLONIA,,PRIMARY
TEAMSWITCH,1,4456423E:RCS5290,REIMANN_TEAM,na,na,COLONIA,,PRIMARY
TEAMSWITCH,1,_51AC8EEA-7569-498E-B775-16F8CBB6BBB9,REIMANN_TEAM,na,na,COLONIA,,PRIMARY
TEAMSWITCH,1,4775178E:RAR0534,DUKE_TEAM,na,na,MARASCHINO,,PRIMARY
TEAMSWITCH,1,5564972:RCS1435-2,DUKE_TEAM,na,na,MARASCHINO,,PRIMARY
TEAMSWITCH,1,4415124E:RCS0968,DUKE_TEAM,na,na,MARASCHINO,,PRIMARY
TEAMSWITCH,1,_277679CB-71FD-4854-A86A-874661017AF0,DUKE_TEAM,na,na,MARASCHINO,,PRIMARY
TEAMSWITCH,1,4845613E:RCS0535,KASOTA_TEAM,na,na,VICTORVILLE,,PRIMARY
TEAMSWITCH,1,4404894E:RCS0709,KASOTA_TEAM,na,na,VICTORVILLE,,PRIMARY
TEAMSWITCH,1,4279991E:RCS0973,KASOTA_TEAM,na,na,VICTORVILLE,,PRIMARY
TEAMSWITCH,1,5573856:RCS1597-2_CS,KASOTA_TEAM,na,na,VICTORVILLE,,PRIMARY
TEAMSWITCH,1,4774089E:RSR0652,KASOTA_TEAM,na,na,VICTORVILLE,,PRIMARY
TEAMSWITCH,1,_D31D5683-1AAC-4B62-872C-27F8B450022D,KASOTA_TEAM,na,na,VICTORVILLE,,PRIMARY
TEAMSWITCH,1,_E0581C04-2EF5-452A-8A37-8EDB71D0514A,TURF_TEAM,na,na,ARCADIA,,PRIMARY
TEAMSWITCH,1,_0721C883-67F5-46FF-92C9-8250F40E2FE8,BRUTUS_TEAM,na,na,HASKELL,,PRIMARY
TEAMSWITCH,1,960517E:RAR1187,BARRINGTON_TEAM,na,na,FILLMORE,,PRIMARY
TEAMSWITCH,1,88902E:RAR0405,BARRINGTON_TEAM,na,na,FILLMORE,,PRIMARY
TEAMSWITCH,1,4477384E:RAR7346,BARRINGTON_TEAM,na,na,FILLMORE,,PRIMARY
TEAMSWITCH,1,901519E:RCS0538,BARRINGTON_TEAM,na,na,FILLMORE,,PRIMARY
TEAMSWITCH,1,95121E:RCS1130,BARRINGTON_TEAM,na,na,FILLMORE,,PRIMARY
TEAMSWITCH,1,4539026E:RCS2747,BARRINGTON_TEAM,na,na,FILLMORE,,PRIMARY
TEAMSWITCH,1,929106E:RCS1309,BARRINGTON_TEAM,na,na,FILLMORE,,PRIMARY
TEAMSWITCH,1,_5CF1F34B-00FE-4BE7-B253-AEC98EBDAD4D,BARRINGTON_TEAM,na,na,FILLMORE,,PRIMARY
TEAMSWITCH,1,379205E:RCS0127,HINSHAW_TEAM,na,na,RAVENDALE,,PRIMARY
TEAMSWITCH,1,_8B6B2676-39EA-4826-BE11-4630D08E8D53,HINSHAW_TEAM,na,na,RAVENDALE,,PRIMARY
TEAMSWITCH,1,_15124E2C-DEE7-4214-B25A-A358DF8D5004,HINSHAW_TEAM,na,na,RAVENDALE,,PRIMARY
TEAMSWITCH,1,4723064E:RSR1186,CRESTA_TEAM,na,na,ALHAMBRA,,PRIMARY
TEAMSWITCH,1,4531673E:RSR1493,CRESTA_TEAM,na,na,ALHAMBRA,,PRIMARY
TEAMSWITCH,1,_87AEF46F-1ABD-4DE6-A2D3-5473DADF75AA,CRESTA_TEAM,na,na,ALHAMBRA,,PRIMARY
TEAMSWITCH,1,_6C5F1A1C-5B7A-4B93-BEB5-95FA5F5ED1F0,CRESTA_TEAM,na,na,ALHAMBRA,,PRIMARY
TEAMSWITCH,1,1073507E:RCS0734,DAMERAL_TEAM,na,na,DALTON,,PRIMARY
TEAMSWITCH,1,1034017E:RCS0865,DAMERAL_TEAM,na,na,DALTON,,PRIMARY
TEAMSWITCH,1,_C4BAE047-5312-427A-923B-FE1DE1ABB4E6,DAMERAL_TEAM,na,na,DALTON,,PRIMARY
TEAMSWITCH,1,_F1DC6E86-7E8C-4909-9D82-2BC6D36A8B77,ARDEN_TEAM,na,na,AMADOR,,PRIMARY
TEAMSWITCH,1,1826380E:RCS0335,ALLA_TEAM,na,na,CULVER,,PRIMARY
TEAMSWITCH,1,5465175:RCS4432-3,ALLA_TEAM,na,na,CULVER,,PRIMARY
TEAMSWITCH,1,_4819B802-D196-4879-B02B-41F93B6FCB2B,ALLA_TEAM,na,na,CULVER,,PRIMARY
TEAMSWITCH,1,_BAB7CA72-1AA2-49E2-8F0F-723AA263219A,ALLA_TEAM,na,na,CULVER,,PRIMARY
TEAMSWITCH,1,_42F57C16-6664-4FF2-881C-7A177073F9EE,WHITLOCK_TEAM,na,na,TIPPECANOE,,PRIMARY
TEAMSWITCH,1,1763291E:RAR0028,VALLEY OF THE MOON_TEAM,na,na,VALLEY OF THE MOON PT,,PRIMARY
TEAMSWITCH,1,4684483E:RAR0027,VALLEY OF THE MOON_TEAM,na,na,VALLEY OF THE MOON PT,,PRIMARY
TEAMSWITCH,1,1254967E:RCS0384,SEABASS_TEAM,na,na,EL NIDO,,PRIMARY
TEAMSWITCH,1,_ED0A466D-6340-4E88-83E7-E612B5FCEB7E,SEABASS_TEAM,na,na,EL NIDO,,PRIMARY
TEAMSWITCH,1,_A3E823D4-B2E6-4243-A084-C80EC090FBDC,SEABASS_TEAM,na,na,EL NIDO,,PRIMARY
TEAMSWITCH,1,4427636E:RCS1054,COVEVIEW_TEAM,na,na,MARYMOUNT,,PRIMARY
TEAMSWITCH,1,1140576E:RCS0044,COVEVIEW_TEAM,na,na,MARYMOUNT,,PRIMARY
TEAMSWITCH,1,5130048:RCS6128-1,COVEVIEW_TEAM,na,na,MARYMOUNT,,PRIMARY
TEAMSWITCH,1,5120767:RCS6114-1,COVEVIEW_TEAM,na,na,MARYMOUNT,,PRIMARY
TEAMSWITCH,1,5561034:RCS6495-3,COVEVIEW_TEAM,na,na,MARYMOUNT,,PRIMARY
TEAMSWITCH,1,5561036:RCS6584-4_CS,COVEVIEW_TEAM,na,na,MARYMOUNT,,PRIMARY
TEAMSWITCH,1,_07F1C5B1-BBF0-4CD4-9B23-6BD8046458AC,COVEVIEW_TEAM,na,na,MARYMOUNT,,PRIMARY
TEAMSWITCH,1,5163913:RCS0704-1_CS,BALLARD_TEAM,na,na,NARROWS,,PRIMARY
TEAMSWITCH,1,5163950:RCS0705-1_CS,BALLARD_TEAM,na,na,NARROWS,,PRIMARY
TEAMSWITCH,1,249961E:RSR1780,BALLARD_TEAM,na,na,NARROWS,,PRIMARY
TEAMSWITCH,1,832694E:RSR0822,BALLARD_TEAM,na,na,NARROWS,,PRIMARY
TEAMSWITCH,1,4417702E:RSR0389,BALLARD_TEAM,na,na,NARROWS,,PRIMARY
TEAMSWITCH,1,_48D8E5CE-C77D-44E4-9DC8-1657488917C8,BALLARD_TEAM,na,na,NARROWS,,PRIMARY
TEAMSWITCH,1,4451322E:RAR0244,HANGER_TEAM,na,na,OASIS,,PRIMARY
TEAMSWITCH,1,1355652E:RCS0829,HANGER_TEAM,na,na,OASIS,,PRIMARY
TEAMSWITCH,1,536343E:RCS0088,HANGER_TEAM,na,na,OASIS,,PRIMARY
TEAMSWITCH,1,5708926:RCS0246-2,HANGER_TEAM,na,na,OASIS,,PRIMARY
TEAMSWITCH,1,5574332:RCSG332-3,HANGER_TEAM,na,na,OASIS,,PRIMARY
TEAMSWITCH,1,5542182:RCSG182-3,HANGER_TEAM,na,na,OASIS,,PRIMARY
TEAMSWITCH,1,5634911:RCSG911-3,HANGER_TEAM,na,na,OASIS,,PRIMARY
TEAMSWITCH,1,5634911:RCSG911-4,HANGER_TEAM,na,na,OASIS,,PRIMARY
TEAMSWITCH,1,5551001:RCSG001-3,HANGER_TEAM,na,na,OASIS,,PRIMARY
TEAMSWITCH,1,5551001:RCSG001-4,HANGER_TEAM,na,na,OASIS,,PRIMARY
TEAMSWITCH,1,5551006:RCSG006-3,HANGER_TEAM,na,na,OASIS,,PRIMARY
TEAMSWITCH,1,_231E2793-FF8F-46C7-BB83-F6158EAC5849,HANGER_TEAM,na,na,OASIS,,PRIMARY
TEAMSWITCH,1,1709615E:RCS0173,JOSHUA_TEAM,na,na,LANCASTER,,PRIMARY
TEAMSWITCH,1,970613E:RCS1015,JOSHUA_TEAM,na,na,LANCASTER,,PRIMARY
TEAMSWITCH,1,4662721E:RCS0315,JOSHUA_TEAM,na,na,LANCASTER,,PRIMARY
TEAMSWITCH,1,_32D8DB8D-9A7B-4DE5-832B-DD035C2FB7E5,JOSHUA_TEAM,na,na,LANCASTER,,PRIMARY
TEAMSWITCH,1,4500393E:RAR0861,IDA_TEAM,na,na,MARASCHINO,,PRIMARY
TEAMSWITCH,1,169185E:RAR0212,IDA_TEAM,na,na,MARASCHINO,,PRIMARY
TEAMSWITCH,1,4804671E:RCS0478,IDA_TEAM,na,na,MARASCHINO,,PRIMARY
TEAMSWITCH,1,4615786E:RCS0771,IDA_TEAM,na,na,MARASCHINO,,PRIMARY
TEAMSWITCH,1,169171E:RCS0433,IDA_TEAM,na,na,MARASCHINO,,PRIMARY
TEAMSWITCH,1,2260788E:RCS1375,IDA_TEAM,na,na,MARASCHINO,,PRIMARY
TEAMSWITCH,1,4981609E:RSR3413,IDA_TEAM,na,na,MARASCHINO,,PRIMARY
TEAMSWITCH,1,_8F271D39-8A98-40E5-B9D6-E59E23DC4CAE,IDA_TEAM,na,na,MARASCHINO,,PRIMARY
TEAMSWITCH,1,632870E:RAR0297,CROFT_TEAM,na,na,YUCAIPA,,PRIMARY
TEAMSWITCH,1,5508395:RCS2211-1,CROFT_TEAM,na,na,YUCAIPA,,PRIMARY
TEAMSWITCH,1,5456901:RCS1155-2,CROFT_TEAM,na,na,YUCAIPA,,PRIMARY
TEAMSWITCH,1,5300635:RCS0764-4,CROFT_TEAM,na,na,YUCAIPA,,PRIMARY
TEAMSWITCH,1,824286E:RCS0030,CROFT_TEAM,na,na,YUCAIPA,,PRIMARY
TEAMSWITCH,1,4612632E:RSR0622,CROFT_TEAM,na,na,YUCAIPA,,PRIMARY
TEAMSWITCH,1,_0D412152-6DB0-44A4-9AE8-F46011ED8522,CROFT_TEAM,na,na,YUCAIPA,,PRIMARY
TEAMSWITCH,1,_15F6888B-B284-4DC8-8CD4-32CC788F8D30,CROFT_TEAM,na,na,YUCAIPA,,PRIMARY
TEAMSWITCH,1,4685621E:RCS1052,PADDY_TEAM,na,na,PALMDALE,,PRIMARY
TEAMSWITCH,1,4685606E:RCS1053,PADDY_TEAM,na,na,PALMDALE,,PRIMARY
TEAMSWITCH,1,5453275:RCS3275-1,PADDY_TEAM,na,na,PALMDALE,,PRIMARY
TEAMSWITCH,1,5365703:RCS0303-3,PADDY_TEAM,na,na,PALMDALE,,PRIMARY
TEAMSWITCH,1,_1F5B7326-F116-4D6E-827A-59CDC1F52795,PADDY_TEAM,na,na,PALMDALE,,PRIMARY
TEAMSWITCH,1,1585394E:RCS0501,LESSER_TEAM,na,na,NEWBURY,,PRIMARY
TEAMSWITCH,1,1296679E:RCS4096,LESSER_TEAM,na,na,NEWBURY,,PRIMARY
TEAMSWITCH,1,5465573:RCSG003-3,LESSER_TEAM,na,na,NEWBURY,,PRIMARY
TEAMSWITCH,1,_225E5848-BFCB-4D79-B147-43A525F1BEB9,LESSER_TEAM,na,na,NEWBURY,,PRIMARY
TEAMSWITCH,1,1636372E:RCS1505,RHINE_TEAM,na,na,RIO HONDO,,PRIMARY
TEAMSWITCH,1,5584425:RCS0213-1,RHINE_TEAM,na,na,RIO HONDO,,PRIMARY
TEAMSWITCH,1,_7CBD6E05-AA52-4732-91D6-5B94293186CE,RHINE_TEAM,na,na,RIO HONDO,,PRIMARY
TEAMSWITCH,1,4623795E:RAR1239,AMETHYST_TEAM,na,na,ARCHLINE,,PRIMARY
TEAMSWITCH,1,5320724:RCS3673-2,AMETHYST_TEAM,na,na,ARCHLINE,,PRIMARY
TEAMSWITCH,1,5557226:RCS5836-3,AMETHYST_TEAM,na,na,ARCHLINE,,PRIMARY
TEAMSWITCH,1,4445113E:RCS2301,AMETHYST_TEAM,na,na,ARCHLINE,,PRIMARY
TEAMSWITCH,1,_1FBA6505-2CD0-40EA-B59A-A3CAAD07FA75,AMETHYST_TEAM,na,na,ARCHLINE,,PRIMARY
TEAMSWITCH,1,5029131:RCS1574-1,KANAN_TEAM,na,na,MALIBU,,PRIMARY
TEAMSWITCH,1,5023832:RCS1740-4,KANAN_TEAM,na,na,MALIBU,,PRIMARY
TEAMSWITCH,1,5023832:RCS1739-4,KANAN_TEAM,na,na,MALIBU,,PRIMARY
TEAMSWITCH,1,5023825:RCS1577-4,KANAN_TEAM,na,na,MALIBU,,PRIMARY
TEAMSWITCH,1,1709013E:RCS1603,KANAN_TEAM,na,na,MALIBU,,PRIMARY
TEAMSWITCH,1,5025892:RCS1578-1_CS,KANAN_TEAM,na,na,MALIBU,,PRIMARY
TEAMSWITCH,1,_651640DE-DB93-4F97-AF6F-5EF8C6B5CD8C,KANAN_TEAM,na,na,MALIBU,,PRIMARY
TEAMSWITCH,1,_43E417C4-E797-442E-8BC4-B4FED29BA6B3,CRANBROOK_TEAM,na,na,YUKON,,PRIMARY
TEAMSWITCH,1,1254146E:RCS1612,COOPER_TEAM,na,na,TIPTON,,PRIMARY
TEAMSWITCH,1,4600154E:RCS2174,COOPER_TEAM,na,na,TIPTON,,PRIMARY
TEAMSWITCH,1,1576356E:RCS1976,COOPER_TEAM,na,na,TIPTON,,PRIMARY
TEAMSWITCH,1,_85C9A449-EC1E-40CF-BC96-B433E7EAA5AB,COOPER_TEAM,na,na,TIPTON,,PRIMARY
TEAMSWITCH,1,4754057E:RCS5086,PROFESSOR_TEAM,na,na,ISLA VISTA,,PRIMARY
TEAMSWITCH,1,1608879E:RCS0506,PROFESSOR_TEAM,na,na,ISLA VISTA,,PRIMARY
TEAMSWITCH,1,_80362ECE-904E-40FC-A859-3D37195D4FE6,PROFESSOR_TEAM,na,na,ISLA VISTA,,PRIMARY
TEAMSWITCH,1,5642035:RCS2035-2,NICHOLAS_TEAM,na,na,TAPIA,,PRIMARY
TEAMSWITCH,1,5788720:RCS0429-1_CS,NICHOLAS_TEAM,na,na,TAPIA,,PRIMARY
TEAMSWITCH,1,5809037:RCS1551-4_CS,NICHOLAS_TEAM,na,na,TAPIA,,PRIMARY
TEAMSWITCH,1,5809051:RCS1556-4_CS,NICHOLAS_TEAM,na,na,TAPIA,,PRIMARY
TEAMSWITCH,1,5382218:RCS1368-3_CS,NICHOLAS_TEAM,na,na,TAPIA,,PRIMARY
TEAMSWITCH,1,5809005:RCS1560-4_CS,NICHOLAS_TEAM,na,na,TAPIA,,PRIMARY
TEAMSWITCH,1,_F1EBCC8A-9198-4A5F-9908-9DB48C7A894C,NICHOLAS_TEAM,na,na,TAPIA,,PRIMARY
TEAMSWITCH,1,_CD4B5818-315A-4838-9DA3-26BF8E8C8596,NICHOLAS_TEAM,na,na,TAPIA,,PRIMARY
TEAMSWITCH,1,1518343E:RCS0352,VINEYARD_TEAM,na,na,SATICOY,,PRIMARY
TEAMSWITCH,1,1564062E:RCS1077,VINEYARD_TEAM,na,na,SATICOY,,PRIMARY
TEAMSWITCH,1,89597E:RCS5037,VINEYARD_TEAM,na,na,SATICOY,,PRIMARY
TEAMSWITCH,1,1138889E:RCS0724,VINEYARD_TEAM,na,na,SATICOY,,PRIMARY
TEAMSWITCH,1,1564068E:RSR0251,VINEYARD_TEAM,na,na,SATICOY,,PRIMARY
TEAMSWITCH,1,1921097E:RSR0143,VINEYARD_TEAM,na,na,SATICOY,,PRIMARY
TEAMSWITCH,1,1089522E:RSR0167,VINEYARD_TEAM,na,na,SATICOY,,PRIMARY
TEAMSWITCH,1,_BA1C619F-B67C-40B0-82D5-B5A46786C16A,VINEYARD_TEAM,na,na,SATICOY,,PRIMARY
TEAMSWITCH,1,_8CD04F9B-51E2-4FD5-A32C-677FC939081E,LUPINE_TEAM,na,na,OASIS,,PRIMARY
TEAMSWITCH,1,1378480E:RCS0307,VAN WICK_TEAM,na,na,HOWARD,,PRIMARY
TEAMSWITCH,1,_56AE8651-8460-415E-82EC-6BCDFC09F9F5,VAN WICK_TEAM,na,na,HOWARD,,PRIMARY
TEAMSWITCH,1,4831683E:RAR0013,NORTH BAY_TEAM,na,na,NORTH BAY PT,,PRIMARY
TEAMSWITCH,1,7578:NORTH BAY P.T.-L1,NORTH BAY_TEAM,na,na,NORTH BAY PT,,PRIMARY
TEAMSWITCH,1,7578:NORTH BAY P.T.-H1,NORTH BAY_TEAM,na,na,NORTH BAY PT,,PRIMARY
TEAMSWITCH,1,4692364E:RCS1794,AMANDA_TEAM,na,na,GONZALES,,PRIMARY
TEAMSWITCH,1,5805936:RCSG011-3,AMANDA_TEAM,na,na,GONZALES,,PRIMARY
TEAMSWITCH,1,4521056E:RCS1881,AMANDA_TEAM,na,na,GONZALES,,PRIMARY
TEAMSWITCH,1,1647372E:RCS1763,AMANDA_TEAM,na,na,GONZALES,,PRIMARY
TEAMSWITCH,1,1444311E:RSR3113,AMANDA_TEAM,na,na,GONZALES,,PRIMARY
TEAMSWITCH,1,1364806E:RSR2019,AMANDA_TEAM,na,na,GONZALES,,PRIMARY
TEAMSWITCH,1,_BF4C1BE2-6F60-4938-BCFD-B86657FE4B2C,AMANDA_TEAM,na,na,GONZALES,,PRIMARY
TEAMSWITCH,1,1650879E:RCS0053,SITZMARK_TEAM,na,na,SKILAND,,PRIMARY
TEAMSWITCH,1,1687482E:RCS0144,SITZMARK_TEAM,na,na,SKILAND,,PRIMARY
TEAMSWITCH,1,1901430E:RCS0002,SITZMARK_TEAM,na,na,SKILAND,,PRIMARY
TEAMSWITCH,1,1901427E:RCS0300,SITZMARK_TEAM,na,na,SKILAND,,PRIMARY
TEAMSWITCH,1,2179730E:RCS0233,SITZMARK_TEAM,na,na,SKILAND,,PRIMARY
TEAMSWITCH,1,_E8F44033-FAD8-4B6B-A93B-F5C40A21884A,SITZMARK_TEAM,na,na,SKILAND,,PRIMARY
TEAMSWITCH,1,_2D46ACF6-DC91-4837-844F-34CAAB679FDA,NORTHRIDGE_TEAM,na,na,WINDSOR HILLS,,PRIMARY
TEAMSWITCH,1,883300E:RAR0051,GRANDAD_TEAM,na,na,CASITAS,,PRIMARY
TEAMSWITCH,1,1795645E:RCS0038,GRANDAD_TEAM,na,na,CASITAS,,PRIMARY
TEAMSWITCH,1,1748960E:RCS5666,GRANDAD_TEAM,na,na,CASITAS,,PRIMARY
TEAMSWITCH,1,4505370E:RCS3208,GRANDAD_TEAM,na,na,CASITAS,,PRIMARY
TEAMSWITCH,1,_9FE6EBFE-FC30-4B67-9805-EB262CCE03A5,GRANDAD_TEAM,na,na,CASITAS,,PRIMARY
TEAMSWITCH,1,_E0D0982C-36C2-4EEA-AC9F-B35C383F53F9,PANSY_TEAM,na,na,ROLLING HILLS,,PRIMARY
TEAMSWITCH,1,4578087E:RCS1065,MERCER_TEAM,na,na,NEWMARK,,PRIMARY
TEAMSWITCH,1,4356203E:RCS0586,MERCER_TEAM,na,na,NEWMARK,,PRIMARY
TEAMSWITCH,1,5164463:RCS1074-1,MERCER_TEAM,na,na,NEWMARK,,PRIMARY
TEAMSWITCH,1,123195E:RCS1572,MERCER_TEAM,na,na,NEWMARK,,PRIMARY
TEAMSWITCH,1,1013372E:RSR0584,MERCER_TEAM,na,na,NEWMARK,,PRIMARY
TEAMSWITCH,1,_46C824B8-15C6-4B8C-A168-BC5E89D45AED,MERCER_TEAM,na,na,NEWMARK,,PRIMARY
TEAMSWITCH,1,4636951E:RCS5337,GOWAN_TEAM,na,na,GLEN AVON,,PRIMARY
TEAMSWITCH,1,2374538E:RCS3242,GOWAN_TEAM,na,na,GLEN AVON,,PRIMARY
TEAMSWITCH,1,5011199:RCS0138-2,GOWAN_TEAM,na,na,GLEN AVON,,PRIMARY
TEAMSWITCH,1,5011199:RCS0138-4,GOWAN_TEAM,na,na,GLEN AVON,,PRIMARY
TEAMSWITCH,1,988299E:RCS0549,GOWAN_TEAM,na,na,GLEN AVON,,PRIMARY
TEAMSWITCH,1,5623174:RCS7074-3_CS,GOWAN_TEAM,na,na,GLEN AVON,,PRIMARY
TEAMSWITCH,1,4684155E:RSR6990,GOWAN_TEAM,na,na,GLEN AVON,,PRIMARY
TEAMSWITCH,1,_AB5C7E3E-78D3-4D30-84FD-76ED455842F2,GOWAN_TEAM,na,na,GLEN AVON,,PRIMARY
TEAMSWITCH,1,5744164:RCSG848-3,CACTUS_TEAM,na,na,COLTON,,PRIMARY
TEAMSWITCH,1,_6EB62985-5EB1-4AF4-AD20-8B6BB676A50B,CACTUS_TEAM,na,na,COLTON,,PRIMARY
TEAMSWITCH,1,_20AE81FB-B321-4196-A0CD-96BE8D5A7E2E,TANK FARM 6_TEAM,na,na,COMPRESS,,PRIMARY
TEAMSWITCH,1,4133238E:RCS0375,FLATCAR_TEAM,na,na,BLOOMINGTON,,PRIMARY
TEAMSWITCH,1,5428288:RCS4494-2,FLATCAR_TEAM,na,na,BLOOMINGTON,,PRIMARY
TEAMSWITCH,1,4494605E:RCS0739,FLATCAR_TEAM,na,na,BLOOMINGTON,,PRIMARY
TEAMSWITCH,1,4445126E:RCS0061,FLATCAR_TEAM,na,na,BLOOMINGTON,,PRIMARY
TEAMSWITCH,1,4968847E:RCS0093,FLATCAR_TEAM,na,na,BLOOMINGTON,,PRIMARY
TEAMSWITCH,1,4778220E:RCS0448,FLATCAR_TEAM,na,na,BLOOMINGTON,,PRIMARY
TEAMSWITCH,1,5756861:RCS6615-1,FLATCAR_TEAM,na,na,BLOOMINGTON,,PRIMARY
TEAMSWITCH,1,4744839E:RSR0135,FLATCAR_TEAM,na,na,BLOOMINGTON,,PRIMARY
TEAMSWITCH,1,_875FADCB-677C-43C2-93F0-ACA655F8C537,FLATCAR_TEAM,na,na,BLOOMINGTON,,PRIMARY
TEAMSWITCH,1,2246683E:RCS0563,CODONA_TEAM,na,na,WALTERIA,,PRIMARY
TEAMSWITCH,1,_611E733D-8F83-4DF7-8944-06DBD978F300,CODONA_TEAM,na,na,WALTERIA,,PRIMARY
TEAMSWITCH,1,5403669:RCS3669-2,DRY CANYON_TEAM,na,na,SAUGUS,,PRIMARY
TEAMSWITCH,1,5325946:RCS2386-2,DRY CANYON_TEAM,na,na,SAUGUS,,PRIMARY
TEAMSWITCH,1,5403669:RCS3669-1,DRY CANYON_TEAM,na,na,SAUGUS,,PRIMARY
TEAMSWITCH,1,_F51E8BFA-0C9E-49CC-A9A9-0096428A3D59,DRY CANYON_TEAM,na,na,SAUGUS,,PRIMARY
TEAMSWITCH,1,1827161E:RAR5087,VICASA_TEAM,na,na,VALDEZ,,PRIMARY
TEAMSWITCH,1,4706493E:RAR0956,VICASA_TEAM,na,na,VALDEZ,,PRIMARY
TEAMSWITCH,1,1639203E:RAR0700,VICASA_TEAM,na,na,VALDEZ,,PRIMARY
TEAMSWITCH,1,751197E:RCS0013,VICASA_TEAM,na,na,VALDEZ,,PRIMARY
TEAMSWITCH,1,1451460E:RCS8858,VICASA_TEAM,na,na,VALDEZ,,PRIMARY
TEAMSWITCH,1,5641009:RCS8596-3,VICASA_TEAM,na,na,VALDEZ,,PRIMARY
TEAMSWITCH,1,5792990:RCS1503-2_CS,VICASA_TEAM,na,na,VALDEZ,,PRIMARY
TEAMSWITCH,1,5810633:RCS0633-3_CS,VICASA_TEAM,na,na,VALDEZ,,PRIMARY
TEAMSWITCH,1,5810449:RCS0449-2_CS,VICASA_TEAM,na,na,VALDEZ,,PRIMARY
TEAMSWITCH,1,5810414:RCS1447-2_CS,VICASA_TEAM,na,na,VALDEZ,,PRIMARY
TEAMSWITCH,1,5810411:RCS1444-3_CS,VICASA_TEAM,na,na,VALDEZ,,PRIMARY
TEAMSWITCH,1,5641021:RCS8618-2_CS,VICASA_TEAM,na,na,VALDEZ,,PRIMARY
TEAMSWITCH,1,5641021:RCS8618-4_CS,VICASA_TEAM,na,na,VALDEZ,,PRIMARY
TEAMSWITCH,1,5810452:RCS0452-3_CS,VICASA_TEAM,na,na,VALDEZ,,PRIMARY
TEAMSWITCH,1,_303A1A22-CF5D-4B47-8892-D17BAC8C79D4,VICASA_TEAM,na,na,VALDEZ,,PRIMARY
TEAMSWITCH,1,4785352E:RCS0360,JASPER_TEAM,na,na,REDLANDS,,PRIMARY
TEAMSWITCH,1,1580923E:RCS0251,JASPER_TEAM,na,na,REDLANDS,,PRIMARY
TEAMSWITCH,1,_F36990C6-3CA3-4DA5-B190-AF89B81E0FE0,JASPER_TEAM,na,na,REDLANDS,,PRIMARY
TEAMSWITCH,1,2001289E:RCS0385,TARUSA_TEAM,na,na,VENICE HILL,,PRIMARY
TEAMSWITCH,1,4262572E:RCS0014,TARUSA_TEAM,na,na,VENICE HILL,,PRIMARY
TEAMSWITCH,1,1011967E:RCS1088,TARUSA_TEAM,na,na,VENICE HILL,,PRIMARY
TEAMSWITCH,1,925993E:RCS0387,TARUSA_TEAM,na,na,VENICE HILL,,PRIMARY
TEAMSWITCH,1,_50262F3D-7D0E-4536-A0AC-4C9C8A2BCA2B,TARUSA_TEAM,na,na,VENICE HILL,,PRIMARY
TEAMSWITCH,1,4013952E:RAR0664,BUCKTHORN_TEAM,na,na,HESPERIA,,PRIMARY
TEAMSWITCH,1,2279398E:RCS0571,BUCKTHORN_TEAM,na,na,HESPERIA,,PRIMARY
TEAMSWITCH,1,2279394E:RCS0572,BUCKTHORN_TEAM,na,na,HESPERIA,,PRIMARY
TEAMSWITCH,1,4120158E:RCS0785,BUCKTHORN_TEAM,na,na,HESPERIA,,PRIMARY
TEAMSWITCH,1,_2B46DF21-1F02-43AD-BBC3-940E3017FBE6,BUCKTHORN_TEAM,na,na,HESPERIA,,PRIMARY
TEAMSWITCH,1,4501696E:RCS0144,SPRING VALLEY_TEAM,na,na,SAVAGE,,PRIMARY
TEAMSWITCH,1,5021003:RCS0369-2,SPRING VALLEY_TEAM,na,na,SAVAGE,,PRIMARY
TEAMSWITCH,1,5021007:RCS0371-1,SPRING VALLEY_TEAM,na,na,SAVAGE,,PRIMARY
TEAMSWITCH,1,5576704:RCS2986-1,SPRING VALLEY_TEAM,na,na,SAVAGE,,PRIMARY
TEAMSWITCH,1,5023438:RCS4043-4_CS,SPRING VALLEY_TEAM,na,na,SAVAGE,,PRIMARY
TEAMSWITCH,1,_BBA62933-9EED-49D0-BF22-9383A964DE03,SPRING VALLEY_TEAM,na,na,SAVAGE,,PRIMARY
TEAMSWITCH,1,4678288E:RAR0435,CAMP_TEAM,na,na,KERN RIVER 1,,PRIMARY
TEAMSWITCH,1,_345EFBEF-777E-4547-86BB-B1092A73F3FC,CAMP_TEAM,na,na,KERN RIVER 1,,PRIMARY
TEAMSWITCH,1,983951E:RAR1711,SINALOA_TEAM,na,na,ROYAL,,PRIMARY
TEAMSWITCH,1,4438878E:RCS0417,SINALOA_TEAM,na,na,ROYAL,,PRIMARY
TEAMSWITCH,1,5027756:RCS1593-1,SINALOA_TEAM,na,na,ROYAL,,PRIMARY
TEAMSWITCH,1,5027756:RCS1593-2,SINALOA_TEAM,na,na,ROYAL,,PRIMARY
TEAMSWITCH,1,_CFFF86FF-9203-4550-B752-BFB725367654,SINALOA_TEAM,na,na,ROYAL,,PRIMARY
TEAMSWITCH,1,1827208E:RAR7208,MERLIN_TEAM,na,na,LATIGO,,PRIMARY
TEAMSWITCH,1,3002928E:RAR0775,MERLIN_TEAM,na,na,LATIGO,,PRIMARY
TEAMSWITCH,1,966935E:RCS0663,MERLIN_TEAM,na,na,LATIGO,,PRIMARY
TEAMSWITCH,1,4551294E:RCS5162,MERLIN_TEAM,na,na,LATIGO,,PRIMARY
TEAMSWITCH,1,3004666E:RCS0702,MERLIN_TEAM,na,na,LATIGO,,PRIMARY
TEAMSWITCH,1,4197914E:RCS3850,MERLIN_TEAM,na,na,LATIGO,,PRIMARY
TEAMSWITCH,1,711020E:RCS0721,MERLIN_TEAM,na,na,LATIGO,,PRIMARY
TEAMSWITCH,1,711028E:RCS0784,MERLIN_TEAM,na,na,LATIGO,,PRIMARY
TEAMSWITCH,1,4249681E:RCS0505,MERLIN_TEAM,na,na,LATIGO,,PRIMARY
TEAMSWITCH,1,_A720A249-5A3F-4835-BCFD-6DE6E6620D17,MERLIN_TEAM,na,na,LATIGO,,PRIMARY
TEAMSWITCH,1,4220782E:RAR6451,DINELY_TEAM,na,na,CORRECTION,,PRIMARY
TEAMSWITCH,1,4929707E:RSR9707,DINELY_TEAM,na,na,CORRECTION,,PRIMARY
TEAMSWITCH,1,33110M:RAR0212,BACHELOR_TEAM,na,na,WALTERIA,,PRIMARY
TEAMSWITCH,1,1726316E:RCS0180,BACHELOR_TEAM,na,na,WALTERIA,,PRIMARY
TEAMSWITCH,1,4415164E:RCS0555,BACHELOR_TEAM,na,na,WALTERIA,,PRIMARY
TEAMSWITCH,1,4706090E:RCS0046,BACHELOR_TEAM,na,na,WALTERIA,,PRIMARY
TEAMSWITCH,1,781992E:RSR0023,BACHELOR_TEAM,na,na,WALTERIA,,PRIMARY
TEAMSWITCH,1,_C77196F0-BBE3-4542-BAEE-048A75A1B682,BACHELOR_TEAM,na,na,WALTERIA,,PRIMARY
TEAMSWITCH,1,5723044:RCS4011-3,DINA_TEAM,na,na,ROADWAY,,PRIMARY
TEAMSWITCH,1,5705095:RCS4050-2,DINA_TEAM,na,na,ROADWAY,,PRIMARY
TEAMSWITCH,1,_658B75FF-26AD-4BB5-8BC3-1CE4814059FB,DINA_TEAM,na,na,ROADWAY,,PRIMARY
TEAMSWITCH,1,_AF40099E-6B41-4A04-94B5-5B2DAF01AA32,CABRILLO_TEAM,na,na,MADRID,,PRIMARY
TEAMSWITCH,1,1813313E:RCS0652,TEAPOT_TEAM,na,na,PORTERVILLE,,PRIMARY
TEAMSWITCH,1,1813332E:RCS0291,TEAPOT_TEAM,na,na,PORTERVILLE,,PRIMARY
TEAMSWITCH,1,4668256E:RAR3527,MACOMBER_TEAM,na,na,TIPTON,,PRIMARY
TEAMSWITCH,1,509887E:RAR3528,MACOMBER_TEAM,na,na,TIPTON,,PRIMARY
TEAMSWITCH,1,4566809E:RAR3076,MACOMBER_TEAM,na,na,TIPTON,,PRIMARY
TEAMSWITCH,1,1340286E:RCS1723,MACOMBER_TEAM,na,na,TIPTON,,PRIMARY
TEAMSWITCH,1,5618220:RCSG105-1_CS,MACOMBER_TEAM,na,na,TIPTON,,PRIMARY
TEAMSWITCH,1,_1359E968-6BD2-4565-B4D9-6DE10B16D145,MACOMBER_TEAM,na,na,TIPTON,,PRIMARY
TEAMSWITCH,1,_D2ED876C-FF52-4818-860E-9FD5A8EC88D3,COUNTRY CLUB_TEAM,na,na,BEVERLY,,PRIMARY
TEAMSWITCH,1,_6F06F854-0075-4CCA-AFED-599B172FC311,GRANDVIEW_TEAM,na,na,YUKON,,PRIMARY
TEAMSWITCH,1,4980863E:RAR0627,STORES_TEAM,na,na,OUTLET PT,,PRIMARY
TEAMSWITCH,1,1731550E:RAR0820,STORES_TEAM,na,na,OUTLET PT,,PRIMARY
TEAMSWITCH,1,4826141E:RAR1072,STORES_TEAM,na,na,OUTLET PT,,PRIMARY
TEAMSWITCH,1,4729350E:RAR1024,STORES_TEAM,na,na,OUTLET PT,,PRIMARY
TEAMSWITCH,1,5420008:RCS5933-1,STORES_TEAM,na,na,OUTLET PT,,PRIMARY
TEAMSWITCH,1,5482564:RCS4872-1,STORES_TEAM,na,na,OUTLET PT,,PRIMARY
TEAMSWITCH,1,4625877E:RCS1102,STORES_TEAM,na,na,OUTLET PT,,PRIMARY
TEAMSWITCH,1,4871427E:RCS1105,STORES_TEAM,na,na,OUTLET PT,,PRIMARY
TEAMSWITCH,1,4826147E:RCS1104,STORES_TEAM,na,na,OUTLET PT,,PRIMARY
TEAMSWITCH,1,4896650E:RCS1103,STORES_TEAM,na,na,OUTLET PT,,PRIMARY
TEAMSWITCH,1,_7424E7C0-3E29-4075-80BB-DDBC546F0CA5,FACTOR_TEAM,na,na,YUKON,,PRIMARY
TEAMSWITCH,1,_73D56E6A-DEC3-46F5-8D10-E5C0AB49C4A4,FACTOR_TEAM,na,na,YUKON,,PRIMARY
TEAMSWITCH,1,4428513E:RAR0580,HASS_TEAM,na,na,MENTONE,,PRIMARY
TEAMSWITCH,1,246134E:RAR0116,HASS_TEAM,na,na,MENTONE,,PRIMARY
TEAMSWITCH,1,1733116E:RCS0904,HASS_TEAM,na,na,MENTONE,,PRIMARY
TEAMSWITCH,1,4892815E:RSR1137,HASS_TEAM,na,na,MENTONE,,PRIMARY
TEAMSWITCH,1,860488E:RSR0299,HASS_TEAM,na,na,MENTONE,,PRIMARY
TEAMSWITCH,1,4173334E:RSR0112,HASS_TEAM,na,na,MENTONE,,PRIMARY
TEAMSWITCH,1,1375694E:RSR0195,HASS_TEAM,na,na,MENTONE,,PRIMARY
TEAMSWITCH,1,A1473245E:RSR1138,HASS_TEAM,na,na,MENTONE,,PRIMARY
TEAMSWITCH,1,_E84E2409-1905-43C9-9E51-8582E9514B90,HASS_TEAM,na,na,MENTONE,,PRIMARY
TEAMSWITCH,1,_7F10D3A2-DE65-4D0B-B37B-0E68BCDBFC91,AZALIA_TEAM,na,na,ROLLING HILLS,,PRIMARY
TEAMSWITCH,1,5154257:RCS1351-1,ALLSTATE_TEAM,na,na,HOMART,,PRIMARY
TEAMSWITCH,1,5311780:RCS1354-1,ALLSTATE_TEAM,na,na,HOMART,,PRIMARY
TEAMSWITCH,1,_E75149F8-BFFA-4A6F-868C-F930D534E226,ALLSTATE_TEAM,na,na,HOMART,,PRIMARY
TEAMSWITCH,1,1292815E:RCS0653,PICKENS_TEAM,na,na,LA CANADA,,PRIMARY
TEAMSWITCH,1,5460841:RCS1705-2_CS,PICKENS_TEAM,na,na,LA CANADA,,PRIMARY
TEAMSWITCH,1,5460841:RCS1705-3_CS,PICKENS_TEAM,na,na,LA CANADA,,PRIMARY
TEAMSWITCH,1,_7A06DBA6-67E0-4756-8C0D-047B5FE7CF72,PICKENS_TEAM,na,na,LA CANADA,,PRIMARY
TEAMSWITCH,1,_D446F9FF-7071-42F6-95C9-D2DB420BB1A0,JOHANNA_TEAM,na,na,MONETA,,PRIMARY
TEAMSWITCH,1,1112616E:RAR0012,OAK GLEN_TEAM,na,na,YUCAIPA,,PRIMARY
TEAMSWITCH,1,4802012E:RAR0270,OAK GLEN_TEAM,na,na,YUCAIPA,,PRIMARY
TEAMSWITCH,1,4241782E:RCS0059,OAK GLEN_TEAM,na,na,YUCAIPA,,PRIMARY
TEAMSWITCH,1,581578E:RCS1037,OAK GLEN_TEAM,na,na,YUCAIPA,,PRIMARY
TEAMSWITCH,1,1764422E:RCS1239,OAK GLEN_TEAM,na,na,YUCAIPA,,PRIMARY
TEAMSWITCH,1,860380E:RSR1004,OAK GLEN_TEAM,na,na,YUCAIPA,,PRIMARY
TEAMSWITCH,1,2190241E:RSR0405,OAK GLEN_TEAM,na,na,YUCAIPA,,PRIMARY
TEAMSWITCH,1,_DC3D8F9C-6835-492C-A7D7-EE297F8D55EB,OAK GLEN_TEAM,na,na,YUCAIPA,,PRIMARY
TEAMSWITCH,1,_65FA060A-8EBB-4402-A621-7A923AB5EA2A,OAK GLEN_TEAM,na,na,YUCAIPA,,PRIMARY
TEAMSWITCH,1,5000154:RCS1726-1,DRESSEN_TEAM,na,na,HOMART,,PRIMARY
TEAMSWITCH,1,1258072E:RCS0690,DRESSEN_TEAM,na,na,HOMART,,PRIMARY
TEAMSWITCH,1,4852987E:RSR0962,DRESSEN_TEAM,na,na,HOMART,,PRIMARY
TEAMSWITCH,1,1251552E:RSR0688,DRESSEN_TEAM,na,na,HOMART,,PRIMARY
TEAMSWITCH,1,_8CBFD9D0-4137-476E-A6E3-1D3981916E2C,DRESSEN_TEAM,na,na,HOMART,,PRIMARY
TEAMSWITCH,1,_AD1BAADB-3C18-494A-BC91-9CC122B1ACEB,CAMINO REAL_TEAM,na,na,REDONDO,,PRIMARY
TEAMSWITCH,1,_73A80D3D-B91A-4BFF-AE70-A72EC70A5BDC,SECO_TEAM,na,na,ARROYO,,PRIMARY
TEAMSWITCH,1,4680008E:RAR0968,TURNOUT_TEAM,na,na,AQUEDUCT,,PRIMARY
TEAMSWITCH,1,_96A4B5D4-393B-4A60-94C4-DFF71333D7B8,TURNOUT_TEAM,na,na,AQUEDUCT,,PRIMARY
TEAMSWITCH,1,4603998E:RCS2146,CATAWBA_TEAM,na,na,DECLEZ,,PRIMARY
TEAMSWITCH,1,968540E:RCS0193,CATAWBA_TEAM,na,na,DECLEZ,,PRIMARY
TEAMSWITCH,1,4885392E:RCS0575,CATAWBA_TEAM,na,na,DECLEZ,,PRIMARY
TEAMSWITCH,1,_E425C1C0-8BB8-4D6F-B909-9C5C44E0F82A,CATAWBA_TEAM,na,na,DECLEZ,,PRIMARY
TEAMSWITCH,1,_70BB7329-86A5-4794-A0C1-C0340AF105FA,COPRA_TEAM,na,na,MONETA,,PRIMARY
TEAMSWITCH,1,_067A2344-00B9-45FA-8C79-9B0A3F464221,NOX 1_TEAM,na,na,COMPRESS,,PRIMARY
TEAMSWITCH,1,_DCD953D4-56F1-4558-9E1E-EDE59125CDC5,FUEL GAS 1_TEAM,na,na,COMPRESS,,PRIMARY
TEAMSWITCH,1,4040744E:RAR0500,TEJON_TEAM,na,na,NEENACH,,PRIMARY
TEAMSWITCH,1,4493276E:RAR2183,TEJON_TEAM,na,na,NEENACH,,PRIMARY
TEAMSWITCH,1,1048129E:RCS0460,TEJON_TEAM,na,na,NEENACH,,PRIMARY
TEAMSWITCH,1,1123620E:RCS1316,TEJON_TEAM,na,na,NEENACH,,PRIMARY
TEAMSWITCH,1,4631796E:RCS1238,TEJON_TEAM,na,na,NEENACH,,PRIMARY
TEAMSWITCH,1,4089662E:RCS1309,TEJON_TEAM,na,na,NEENACH,,PRIMARY
TEAMSWITCH,1,1123660E:RCS0528,TEJON_TEAM,na,na,NEENACH,,PRIMARY
TEAMSWITCH,1,4573741E:RSR0354,TEJON_TEAM,na,na,NEENACH,,PRIMARY
TEAMSWITCH,1,_0C1ADF44-31C1-4665-A65F-892A5B0213A9,TEJON_TEAM,na,na,NEENACH,,PRIMARY
TEAMSWITCH,1,5503276:RCS2239-2,CAROON_TEAM,na,na,MARASCHINO,,PRIMARY
TEAMSWITCH,1,5503691:RCS2274-2,CAROON_TEAM,na,na,MARASCHINO,,PRIMARY
TEAMSWITCH,1,_69D6612E-F66E-4181-973B-83D6464F9E98,CAROON_TEAM,na,na,MARASCHINO,,PRIMARY
TEAMSWITCH,1,4816985E:RCS3514,EDENDALE_TEAM,na,na,TIPTON,,PRIMARY
TEAMSWITCH,1,_EBEB7907-2887-4740-9CD2-E012D266B1BE,EDENDALE_TEAM,na,na,TIPTON,,PRIMARY
TEAMSWITCH,1,710004E:RAR0775,SKYLAND_TEAM,na,na,HUSTON,,PRIMARY
TEAMSWITCH,1,801695E:RAR0882,SKYLAND_TEAM,na,na,HUSTON,,PRIMARY
TEAMSWITCH,1,908959E:RCS0865,SKYLAND_TEAM,na,na,HUSTON,,PRIMARY
TEAMSWITCH,1,4831610E:RCS0795,SKYLAND_TEAM,na,na,HUSTON,,PRIMARY
TEAMSWITCH,1,_FDD707BC-85B2-4F4E-A399-B22CEF710E35,SKYLAND_TEAM,na,na,HUSTON,,PRIMARY
TEAMSWITCH,1,GT1947:RCS0415,WADSWORTH_TEAM,na,na,OCEAN PARK,,PRIMARY
TEAMSWITCH,1,967308E:RCS0411,WADSWORTH_TEAM,na,na,OCEAN PARK,,PRIMARY
TEAMSWITCH,1,_87923B69-C601-4DBE-9DEB-498F01A91447,WADSWORTH_TEAM,na,na,OCEAN PARK,,PRIMARY
TEAMSWITCH,1,2363767E:RCS2188,ASSEMBLY_TEAM,na,na,OASIS,,PRIMARY
TEAMSWITCH,1,4836646E:RCS0689,ASSEMBLY_TEAM,na,na,OASIS,,PRIMARY
TEAMSWITCH,1,4837929E:RCS0280,ASSEMBLY_TEAM,na,na,OASIS,,PRIMARY
TEAMSWITCH,1,_B4AE7B4F-6272-4151-93F8-0B0CAA169284,ASSEMBLY_TEAM,na,na,OASIS,,PRIMARY
TEAMSWITCH,1,1784677E:RAR0111,SEAFORTH_TEAM,na,na,HESPERIA,,PRIMARY
TEAMSWITCH,1,4052545E:RCS0084,SEAFORTH_TEAM,na,na,HESPERIA,,PRIMARY
TEAMSWITCH,1,657905S:RCS0563,SEAFORTH_TEAM,na,na,HESPERIA,,PRIMARY
TEAMSWITCH,1,4796322E:RCS0659,SEAFORTH_TEAM,na,na,HESPERIA,,PRIMARY
TEAMSWITCH,1,4616584E:RCS0412,SEAFORTH_TEAM,na,na,HESPERIA,,PRIMARY
TEAMSWITCH,1,1600675E:RCS0420,SEAFORTH_TEAM,na,na,HESPERIA,,PRIMARY
TEAMSWITCH,1,4846645E:RSR0889,SEAFORTH_TEAM,na,na,HESPERIA,,PRIMARY
TEAMSWITCH,1,_B17A4348-3F16-4D21-80CF-0DBBFEE5DD21,SEAFORTH_TEAM,na,na,HESPERIA,,PRIMARY
TEAMSWITCH,1,2101597E:RCS0390,FROST_TEAM,na,na,REDLANDS,,PRIMARY
TEAMSWITCH,1,_0D60BA58-9177-4D89-A3CE-831F1FCFF26D,FROST_TEAM,na,na,REDLANDS,,PRIMARY
TEAMSWITCH,1,5306222:RCS0894-5_CS,ABRAHAM_TEAM,na,na,ROYAL,,PRIMARY
TEAMSWITCH,1,5167128:RCS0997-1_CS,ABRAHAM_TEAM,na,na,ROYAL,,PRIMARY
TEAMSWITCH,1,5788590:RCS1474-4_CS,ABRAHAM_TEAM,na,na,ROYAL,,PRIMARY
TEAMSWITCH,1,_6C128193-22DA-44DE-9E8F-761598E7DEF2,ABRAHAM_TEAM,na,na,ROYAL,,PRIMARY
TEAMSWITCH,1,4280052E:RAR0805,VERDEMONT_TEAM,na,na,CALECTRIC,,PRIMARY
TEAMSWITCH,1,4942865E:RCS0796,VERDEMONT_TEAM,na,na,CALECTRIC,,PRIMARY
TEAMSWITCH,1,4720965E:RCS0858,VERDEMONT_TEAM,na,na,CALECTRIC,,PRIMARY
TEAMSWITCH,1,154092E:RCS0781,VERDEMONT_TEAM,na,na,CALECTRIC,,PRIMARY
TEAMSWITCH,1,4796507E:RCS0794,VERDEMONT_TEAM,na,na,CALECTRIC,,PRIMARY
TEAMSWITCH,1,4893228E:RCS1101,VERDEMONT_TEAM,na,na,CALECTRIC,,PRIMARY
TEAMSWITCH,1,1734284E:RCS0833,VERDEMONT_TEAM,na,na,CALECTRIC,,PRIMARY
TEAMSWITCH,1,4227225E:RCS0823,VERDEMONT_TEAM,na,na,CALECTRIC,,PRIMARY
TEAMSWITCH,1,1811690E:RCS0680,VERDEMONT_TEAM,na,na,CALECTRIC,,PRIMARY
TEAMSWITCH,1,_48573756-B05A-43E5-99A9-41D2C1768C54,VERDEMONT_TEAM,na,na,CALECTRIC,,PRIMARY
TEAMSWITCH,1,4863778E:RAR1055,COVENTRY_TEAM,na,na,THOUSAND OAKS,,PRIMARY
TEAMSWITCH,1,4835954E:RAR1224,COVENTRY_TEAM,na,na,THOUSAND OAKS,,PRIMARY
TEAMSWITCH,1,4485639E:RAR0008,COVENTRY_TEAM,na,na,THOUSAND OAKS,,PRIMARY
TEAMSWITCH,1,1694043E:RCS6511,COVENTRY_TEAM,na,na,THOUSAND OAKS,,PRIMARY
TEAMSWITCH,1,1976800E:RCS0292,COVENTRY_TEAM,na,na,THOUSAND OAKS,,PRIMARY
TEAMSWITCH,1,5381592:RCS1310-1,COVENTRY_TEAM,na,na,THOUSAND OAKS,,PRIMARY
TEAMSWITCH,1,5582710:RCS3987-1,COVENTRY_TEAM,na,na,THOUSAND OAKS,,PRIMARY
TEAMSWITCH,1,5028813:RCS0704-1,COVENTRY_TEAM,na,na,THOUSAND OAKS,,PRIMARY
TEAMSWITCH,1,5025476:RCS1343-2,COVENTRY_TEAM,na,na,THOUSAND OAKS,,PRIMARY
TEAMSWITCH,1,4124702E:RCS0006,COVENTRY_TEAM,na,na,THOUSAND OAKS,,PRIMARY
TEAMSWITCH,1,5381571:RCS0135-2,COVENTRY_TEAM,na,na,THOUSAND OAKS,,PRIMARY
TEAMSWITCH,1,5381571:RCS0135-1,COVENTRY_TEAM,na,na,THOUSAND OAKS,,PRIMARY
TEAMSWITCH,1,5026855:RCS0534-4_CS,COVENTRY_TEAM,na,na,THOUSAND OAKS,,PRIMARY
TEAMSWITCH,1,5028799:RCS4070-1_CS,COVENTRY_TEAM,na,na,THOUSAND OAKS,,PRIMARY
TEAMSWITCH,1,_7BDF1509-35DE-42DE-80BD-D8582773317B,COVENTRY_TEAM,na,na,THOUSAND OAKS,,PRIMARY
TEAMSWITCH,1,1310176E:RAR0263,PETAN_TEAM,na,na,PIUTE,,PRIMARY
TEAMSWITCH,1,1355310E:RCS0348,PETAN_TEAM,na,na,PIUTE,,PRIMARY
TEAMSWITCH,1,2365972E:RSR2068,PETAN_TEAM,na,na,PIUTE,,PRIMARY
TEAMSWITCH,1,1355257E:RSR0798,PETAN_TEAM,na,na,PIUTE,,PRIMARY
TEAMSWITCH,1,_804A71EB-0EF3-4181-A84C-78B890D61E8C,PETAN_TEAM,na,na,PIUTE,,PRIMARY
TEAMSWITCH,1,_9905FE2A-C8F4-4A5A-A7C8-209AA9FDB15D,STRAWBERRY_TEAM,na,na,PERRY,,PRIMARY
TEAMSWITCH,1,5581871:RCS6184-3,BARRACUDA_TEAM,na,na,EL NIDO,,PRIMARY
TEAMSWITCH,1,5150779:RCS4986-4_CS,BARRACUDA_TEAM,na,na,EL NIDO,,PRIMARY
TEAMSWITCH,1,5150778:RCS5799-2_CS,BARRACUDA_TEAM,na,na,EL NIDO,,PRIMARY
TEAMSWITCH,1,_A4386633-15F9-4F73-9476-ECA60E81BD38,BARRACUDA_TEAM,na,na,EL NIDO,,PRIMARY
TEAMSWITCH,1,_BE5C8CBC-EC27-47AC-8A23-0DBC4D1863AE,BARRACUDA_TEAM,na,na,EL NIDO,,PRIMARY
TEAMSWITCH,1,4754784E:RAR8623,CUTHBERT_TEAM,na,na,LATIGO,,PRIMARY
TEAMSWITCH,1,726855E:RAR0686,CUTHBERT_TEAM,na,na,LATIGO,,PRIMARY
TEAMSWITCH,1,4831519E:RAR8848,CUTHBERT_TEAM,na,na,LATIGO,,PRIMARY
TEAMSWITCH,1,3004617E:RCS0036,CUTHBERT_TEAM,na,na,LATIGO,,PRIMARY
TEAMSWITCH,1,899886E:RCS0556,CUTHBERT_TEAM,na,na,LATIGO,,PRIMARY
TEAMSWITCH,1,3004666E:RCS0702,CUTHBERT_TEAM,na,na,LATIGO,,PRIMARY
TEAMSWITCH,1,2171980E:RCS0919,CUTHBERT_TEAM,na,na,LATIGO,,PRIMARY
TEAMSWITCH,1,5661522:RCS1692-1,CUTHBERT_TEAM,na,na,LATIGO,,PRIMARY
TEAMSWITCH,1,3004631E:RCS5486,CUTHBERT_TEAM,na,na,LATIGO,,PRIMARY
TEAMSWITCH,1,_7C8E8D81-1E7A-4552-945F-7D449A2FDECA,CUTHBERT_TEAM,na,na,LATIGO,,PRIMARY
TEAMSWITCH,1,4620716E:RAR0214,ALFALFA_TEAM,na,na,REDMAN,,PRIMARY
TEAMSWITCH,1,1270577E:RCS0016,ALFALFA_TEAM,na,na,REDMAN,,PRIMARY
TEAMSWITCH,1,192360E:RSR0051,ALFALFA_TEAM,na,na,REDMAN,,PRIMARY
TEAMSWITCH,1,1270573E:RSR0049,ALFALFA_TEAM,na,na,REDMAN,,PRIMARY
TEAMSWITCH,1,_752EAC81-D4CD-479B-84ED-EBDC597CDA06,ALFALFA_TEAM,na,na,REDMAN,,PRIMARY
TEAMSWITCH,1,_D789243C-5F9C-453F-9DE5-3F7296E620B2,DITMAN_TEAM,na,na,BELVEDERE,,PRIMARY
TEAMSWITCH,1,4768771E:RCS2273,HEDBERG_TEAM,na,na,ETIWANDA,,PRIMARY
TEAMSWITCH,1,_0D7FEA7B-E0C3-4246-BB79-4FE5467ED441,HEDBERG_TEAM,na,na,ETIWANDA,,PRIMARY
TEAMSWITCH,1,_83DF2EE1-DA25-403F-A72C-DBDB2E65F832,DAHLIA_TEAM,na,na,ROLLING HILLS,,PRIMARY
TEAMSWITCH,1,1240254E:RCS0023,CORDON_TEAM,na,na,ARCHLINE,,PRIMARY
TEAMSWITCH,1,1125316E:RCS0345,CORDON_TEAM,na,na,ARCHLINE,,PRIMARY
TEAMSWITCH,1,_C9D87000-C44D-4781-B836-0BBD3DECC431,CORDON_TEAM,na,na,ARCHLINE,,PRIMARY
TEAMSWITCH,1,4806318E:RCS0065,BURGUNDY_TEAM,na,na,PEPPER,,PRIMARY
TEAMSWITCH,1,1500044E:RCS0395,BURGUNDY_TEAM,na,na,PEPPER,,PRIMARY
TEAMSWITCH,1,1296555E:RCS0007,BURGUNDY_TEAM,na,na,PEPPER,,PRIMARY
TEAMSWITCH,1,4070312E:RCS2409,BURGUNDY_TEAM,na,na,PEPPER,,PRIMARY
TEAMSWITCH,1,1329192E:RCS0599,BURGUNDY_TEAM,na,na,PEPPER,,PRIMARY
TEAMSWITCH,1,_66ECAE9B-6817-489A-A0C6-BB17401462A9,BURGUNDY_TEAM,na,na,PEPPER,,PRIMARY
TEAMSWITCH,1,1487255E:RCS0484,BEACHCOMBER_TEAM,na,na,SANTA MONICA,,PRIMARY
TEAMSWITCH,1,X17483E:RCS0779,BEACHCOMBER_TEAM,na,na,SANTA MONICA,,PRIMARY
TEAMSWITCH,1,718621E:RCS4405,BEACHCOMBER_TEAM,na,na,SANTA MONICA,,PRIMARY
TEAMSWITCH,1,_29CC2EEC-64CF-4142-8143-66081D9B4527,BEACHCOMBER_TEAM,na,na,SANTA MONICA,,PRIMARY
TEAMSWITCH,1,_87836BE0-7CC8-47ED-8450-1844F57BC51E,BEACHCOMBER_TEAM,na,na,SANTA MONICA,,PRIMARY
TEAMSWITCH,1,1203541E:RAR1741,EVITA_TEAM,na,na,CAMARILLO,,PRIMARY
TEAMSWITCH,1,4743209E:RCS3868,EVITA_TEAM,na,na,CAMARILLO,,PRIMARY
TEAMSWITCH,1,5019122:RCS1555-1,EVITA_TEAM,na,na,CAMARILLO,,PRIMARY
TEAMSWITCH,1,5035016:RCS0734-4,EVITA_TEAM,na,na,CAMARILLO,,PRIMARY
TEAMSWITCH,1,5197534:RCS0237-2,EVITA_TEAM,na,na,CAMARILLO,,PRIMARY
TEAMSWITCH,1,5179668:RCS3191-1,EVITA_TEAM,na,na,CAMARILLO,,PRIMARY
TEAMSWITCH,1,_B8C976ED-EDDB-4E12-9716-382D8EE26AE8,EVITA_TEAM,na,na,CAMARILLO,,PRIMARY
TEAMSWITCH,1,4352810E:RCS0173,PAT_TEAM,na,na,REPETTO,,PRIMARY
TEAMSWITCH,1,1676487E:RCS0642,PAT_TEAM,na,na,REPETTO,,PRIMARY
TEAMSWITCH,1,1676479E:RCS0643,PAT_TEAM,na,na,REPETTO,,PRIMARY
TEAMSWITCH,1,5351839:RCS1312-4,PAT_TEAM,na,na,REPETTO,,PRIMARY
TEAMSWITCH,1,5207816:RCS1314-4,PAT_TEAM,na,na,REPETTO,,PRIMARY
TEAMSWITCH,1,_3D7E270E-7912-4920-8A0A-DE4A1CBB9702,PAT_TEAM,na,na,REPETTO,,PRIMARY
TEAMSWITCH,1,_D56AAB17-1017-4B5C-A552-553B0008E96D,PAT_TEAM,na,na,REPETTO,,PRIMARY
TEAMSWITCH,1,629931E:RAR0298,STURGEON_TEAM,na,na,BLISS,,PRIMARY
TEAMSWITCH,1,4352328E:RAR0679,STURGEON_TEAM,na,na,BLISS,,PRIMARY
TEAMSWITCH,1,885928E:RAR0382,STURGEON_TEAM,na,na,BLISS,,PRIMARY
TEAMSWITCH,1,131938E:RCS5741,STURGEON_TEAM,na,na,BLISS,,PRIMARY
TEAMSWITCH,1,4141141E:RCS0439,STURGEON_TEAM,na,na,BLISS,,PRIMARY
TEAMSWITCH,1,4432150E:RCS0390,STURGEON_TEAM,na,na,BLISS,,PRIMARY
TEAMSWITCH,1,_93165232-4445-4137-972E-8E269CFB316A,STURGEON_TEAM,na,na,BLISS,,PRIMARY
TEAMSWITCH,1,1112448E:RCS0703,CLINIC_TEAM,na,na,TIMOTEO,,PRIMARY
TEAMSWITCH,1,5409122:RCS2070-2,CLINIC_TEAM,na,na,TIMOTEO,,PRIMARY
TEAMSWITCH,1,_206ADFD9-54D2-41DF-B879-42D8EBA87E83,CLINIC_TEAM,na,na,TIMOTEO,,PRIMARY
TEAMSWITCH,1,4477364E:RAR0156,COJO_TEAM,na,na,GAVIOTA,,PRIMARY
TEAMSWITCH,1,1340991E:RCS3521,COJO_TEAM,na,na,GAVIOTA,,PRIMARY
TEAMSWITCH,1,_E588F295-1AAE-47F0-BB4B-49DC21903CA6,COJO_TEAM,na,na,GAVIOTA,,PRIMARY
TEAMSWITCH,1,1121112E:RAR0302,KINSEY_TEAM,na,na,GORMAN,,PRIMARY
TEAMSWITCH,1,1061881E:RAR1468,KINSEY_TEAM,na,na,GORMAN,,PRIMARY
TEAMSWITCH,1,1897488E:RAR0452,KINSEY_TEAM,na,na,GORMAN,,PRIMARY
TEAMSWITCH,1,4263168E:RAR5737,KINSEY_TEAM,na,na,GORMAN,,PRIMARY
TEAMSWITCH,1,948925E:RCS0738,KINSEY_TEAM,na,na,GORMAN,,PRIMARY
TEAMSWITCH,1,4539401E:RCS0708,KINSEY_TEAM,na,na,GORMAN,,PRIMARY
TEAMSWITCH,1,_68D630F4-DC66-4B5D-9911-A52683A3EED5,KINSEY_TEAM,na,na,GORMAN,,PRIMARY
TEAMSWITCH,1,_D5D27536-BB9E-40A2-8A08-D20FF7D959BE,MARENDALE_TEAM,na,na,ARCADIA,,PRIMARY
TEAMSWITCH,1,1881593E:RCS4612,SUNKIST_TEAM,na,na,CITRUS,,PRIMARY
TEAMSWITCH,1,1174618E:RCS0168,SUNKIST_TEAM,na,na,CITRUS,,PRIMARY
TEAMSWITCH,1,4574231E:RSR0547,SUNKIST_TEAM,na,na,CITRUS,,PRIMARY
TEAMSWITCH,1,_F3F70C1F-D3AF-412B-9CF5-A7947174080A,SUNKIST_TEAM,na,na,CITRUS,,PRIMARY
TEAMSWITCH,1,7815:TEJON PEAK P.T.-L1,TEJON PEAK_TEAM,na,na,TEJON PEAK PT,,PRIMARY
TEAMSWITCH,1,1414426E:RAR0041,ROWCO_TEAM,na,na,RUNNING SPRINGS,,PRIMARY
TEAMSWITCH,1,472896E:RAR0033,ROWCO_TEAM,na,na,RUNNING SPRINGS,,PRIMARY
TEAMSWITCH,1,1354188E:RCS0552,ROWCO_TEAM,na,na,RUNNING SPRINGS,,PRIMARY
TEAMSWITCH,1,X15104E:RCS0664,ROWCO_TEAM,na,na,RUNNING SPRINGS,,PRIMARY
TEAMSWITCH,1,1589852E:RCS0551,ROWCO_TEAM,na,na,RUNNING SPRINGS,,PRIMARY
TEAMSWITCH,1,4767800E:RCS0615,ROWCO_TEAM,na,na,RUNNING SPRINGS,,PRIMARY
TEAMSWITCH,1,4809802E:RCS0549,ROWCO_TEAM,na,na,RUNNING SPRINGS,,PRIMARY
TEAMSWITCH,1,1389221E:RCS0666,ROWCO_TEAM,na,na,RUNNING SPRINGS,,PRIMARY
TEAMSWITCH,1,_22D117D5-7DB6-4E64-93B1-9FDAED58B7E3,ROWCO_TEAM,na,na,RUNNING SPRINGS,,PRIMARY
TEAMSWITCH,1,1279089E:RCS7200,BARD_TEAM,na,na,BARD PT,,PRIMARY
TEAMSWITCH,1,7058:BARD P.T.-L1,BARD_TEAM,na,na,BARD PT,,PRIMARY
TEAMSWITCH,1,7058:BARD P.T.-H1,BARD_TEAM,na,na,BARD PT,,PRIMARY
TEAMSWITCH,1,2212059E:RAR0511,RAMAC_TEAM,na,na,ESTERO,,PRIMARY
TEAMSWITCH,1,842001E:RAR1867,RAMAC_TEAM,na,na,ESTERO,,PRIMARY
TEAMSWITCH,1,792754E:RCS1945,RAMAC_TEAM,na,na,ESTERO,,PRIMARY
TEAMSWITCH,1,792828E:RCS2189,RAMAC_TEAM,na,na,ESTERO,,PRIMARY
TEAMSWITCH,1,537251E:RCS1820,RAMAC_TEAM,na,na,ESTERO,,PRIMARY
TEAMSWITCH,1,1360186E:RCS1860,RAMAC_TEAM,na,na,ESTERO,,PRIMARY
TEAMSWITCH,1,_D1D688F2-5069-4BF9-8348-2F8F80CB2FC2,RAMAC_TEAM,na,na,ESTERO,,PRIMARY
TEAMSWITCH,1,2241738E:RAR0216,POND_TEAM,na,na,BROWNING,,PRIMARY
TEAMSWITCH,1,957512E:RCS1485,POND_TEAM,na,na,BROWNING,,PRIMARY
TEAMSWITCH,1,2321316E:RCS1575,POND_TEAM,na,na,BROWNING,,PRIMARY
TEAMSWITCH,1,4571555E:RCS1803,POND_TEAM,na,na,BROWNING,,PRIMARY
TEAMSWITCH,1,4590099E:RSR1111,POND_TEAM,na,na,BROWNING,,PRIMARY
TEAMSWITCH,1,_361929CE-1876-4540-96DB-2D468C73E6D4,POND_TEAM,na,na,BROWNING,,PRIMARY
TEAMSWITCH,1,_B43D2AD7-FA73-429B-82F4-4B10E96B73C1,TRIANGLE_TEAM,na,na,BEVERLY,,PRIMARY
TEAMSWITCH,1,1746557E:RAR0975,MCKEVETT_TEAM,na,na,MCKEVETT PT,,PRIMARY
TEAMSWITCH,1,7510:MCKEVETT P.T.-L1,MCKEVETT_TEAM,na,na,MCKEVETT PT,,PRIMARY
TEAMSWITCH,1,7510:MCKEVETT P.T.-H1,MCKEVETT_TEAM,na,na,MCKEVETT PT,,PRIMARY
TEAMSWITCH,1,4123358E:RCS2268,STOOGES_TEAM,na,na,ETIWANDA,,PRIMARY
TEAMSWITCH,1,5347049:RCS3977-1,STOOGES_TEAM,na,na,ETIWANDA,,PRIMARY
TEAMSWITCH,1,_9DE97A55-24C5-4DC9-816C-1DDB92366F8D,STOOGES_TEAM,na,na,ETIWANDA,,PRIMARY
TEAMSWITCH,1,5655880:RCSG973-3,KETTLE_TEAM,na,na,NIAGARA,,PRIMARY
TEAMSWITCH,1,509114E:RAR5853,MOFFITT_TEAM,na,na,LEMON COVE,,PRIMARY
TEAMSWITCH,1,1806926E:RCS0774,MOFFITT_TEAM,na,na,LEMON COVE,,PRIMARY
TEAMSWITCH,1,4519285E:RCS0031,MOFFITT_TEAM,na,na,LEMON COVE,,PRIMARY
TEAMSWITCH,1,_F02685CC-240F-4461-AA3B-E4BD47F9CC31,MOFFITT_TEAM,na,na,LEMON COVE,,PRIMARY
TEAMSWITCH,1,5408996:RCS2069-2,RULER_TEAM,na,na,HIGHLAND,,PRIMARY
TEAMSWITCH,1,5339773:RCS1752-1,RULER_TEAM,na,na,HIGHLAND,,PRIMARY
TEAMSWITCH,1,_91DC0798-FAAE-4947-9650-CBA73E3D1E9F,RULER_TEAM,na,na,HIGHLAND,,PRIMARY
TEAMSWITCH,1,4531687E:RCS0785,FORMOSA_TEAM,na,na,FAIRFAX,,PRIMARY
TEAMSWITCH,1,5645870:RCS4511-1,FORMOSA_TEAM,na,na,FAIRFAX,,PRIMARY
TEAMSWITCH,1,_9DC81899-975E-4794-AC40-706E4CD49843,FORMOSA_TEAM,na,na,FAIRFAX,,PRIMARY
TEAMSWITCH,1,_DD80CE41-E1D2-4735-9A0D-470C23F63BE3,FORMOSA_TEAM,na,na,FAIRFAX,,PRIMARY
TEAMSWITCH,1,7576:NIDEVER P.T.-L1,NIDEVER_TEAM,na,na,NIDEVER PT,,PRIMARY
TEAMSWITCH,1,7576:NIDEVER P.T.-H1,NIDEVER_TEAM,na,na,NIDEVER PT,,PRIMARY
TEAMSWITCH,1,1732520E:RAR0491,SUCCESS_TEAM,na,na,PORTERVILLE,,PRIMARY
TEAMSWITCH,1,4662268E:RAR0267,SUCCESS_TEAM,na,na,PORTERVILLE,,PRIMARY
TEAMSWITCH,1,4879891E:RAR0299,SUCCESS_TEAM,na,na,PORTERVILLE,,PRIMARY
TEAMSWITCH,1,4362950E:RCS0649,SUCCESS_TEAM,na,na,PORTERVILLE,,PRIMARY
TEAMSWITCH,1,4621275E:RCS2842,SUCCESS_TEAM,na,na,PORTERVILLE,,PRIMARY
TEAMSWITCH,1,4657609E:RCS2058,SUCCESS_TEAM,na,na,PORTERVILLE,,PRIMARY
TEAMSWITCH,1,4420711E:RCS0202,SUCCESS_TEAM,na,na,PORTERVILLE,,PRIMARY
TEAMSWITCH,1,4675588E:RCS0521,SUCCESS_TEAM,na,na,PORTERVILLE,,PRIMARY
TEAMSWITCH,1,_A7ABB937-BCD2-4E88-AE22-0CA50A8EFA07,SUCCESS_TEAM,na,na,PORTERVILLE,,PRIMARY
TEAMSWITCH,1,4732001E:RAR0029,CHILLON_TEAM,na,na,CHILLON PT,,PRIMARY
TEAMSWITCH,1,4275576E:RAR0030,CHILLON_TEAM,na,na,CHILLON PT,,PRIMARY
TEAMSWITCH,1,7132:CHILLON P.T.-L1,CHILLON_TEAM,na,na,CHILLON PT,,PRIMARY
TEAMSWITCH,1,7132:CHILLON P.T.-H1,CHILLON_TEAM,na,na,CHILLON PT,,PRIMARY
TEAMSWITCH,1,5744096:RCSG096-3,DEBRA_TEAM,na,na,HELIJET,,PRIMARY
TEAMSWITCH,1,_30EAEDC6-C237-458F-AB45-D118FE6B4A90,DEBRA_TEAM,na,na,HELIJET,,PRIMARY
TEAMSWITCH,1,_DF701A02-463F-4063-A65E-51D52B4C697E,DEBRA_TEAM,na,na,HELIJET,,PRIMARY
TEAMSWITCH,1,1920739E:RCS0588,STEARNS_TEAM,na,na,SANTA SUSANA,,PRIMARY
TEAMSWITCH,1,1332722E:RCS9871,STEARNS_TEAM,na,na,SANTA SUSANA,,PRIMARY
TEAMSWITCH,1,1344312E:RCS0122,STEARNS_TEAM,na,na,SANTA SUSANA,,PRIMARY
TEAMSWITCH,1,5537870:RCS4615-1,STEARNS_TEAM,na,na,SANTA SUSANA,,PRIMARY
TEAMSWITCH,1,_09E9A6D2-FE53-46BD-83FA-486B7FAA917C,STEARNS_TEAM,na,na,SANTA SUSANA,,PRIMARY
TEAMSWITCH,1,_A15C4BD6-1597-4C9F-A6D4-DD7CAD402FC0,JETWATER_TEAM,na,na,MOBILOIL,,PRIMARY
TEAMSWITCH,1,4376682E:RCS0103,MUTUAL_TEAM,na,na,REDLANDS,,PRIMARY
TEAMSWITCH,1,4512310E:RCS0719,MUTUAL_TEAM,na,na,REDLANDS,,PRIMARY
TEAMSWITCH,1,_B07CB284-07D4-43EB-9171-03CED1F82958,MUTUAL_TEAM,na,na,REDLANDS,,PRIMARY
TEAMSWITCH,1,958787E:RCS2312,FIELDS_TEAM,na,na,ETIWANDA,,PRIMARY
TEAMSWITCH,1,_6E261F79-38ED-499A-9613-B9BD35B748E9,FIELDS_TEAM,na,na,ETIWANDA,,PRIMARY
TEAMSWITCH,1,_9EFC6E29-CDC6-4552-AA51-2E520F0E95C4,KORNBLUM_TEAM,na,na,LAWNDALE,,PRIMARY
TEAMSWITCH,1,4121259E:RCS1363,HALLET_TEAM,na,na,INGLEWOOD,,PRIMARY
TEAMSWITCH,1,2175183E:RSR0126,HALLET_TEAM,na,na,INGLEWOOD,,PRIMARY
TEAMSWITCH,1,2175187E:RSR0010,HALLET_TEAM,na,na,INGLEWOOD,,PRIMARY
TEAMSWITCH,1,_0D88A2D1-FFCE-41D3-ADB5-8CD81522E86C,HALLET_TEAM,na,na,INGLEWOOD,,PRIMARY
TEAMSWITCH,1,4875386E:RSR3309,GOODNER_TEAM,na,na,MT VERNON,,PRIMARY
TEAMSWITCH,1,_76869131-4BF4-4F45-A18B-4AFE0E503A72,GOODNER_TEAM,na,na,MT VERNON,,PRIMARY
TEAMSWITCH,1,225010E:RCS0747,COOLEY_TEAM,na,na,COLTON,,PRIMARY
TEAMSWITCH,1,_6532136F-BC5F-44AB-ADA8-D7A0D40B3610,COOLEY_TEAM,na,na,COLTON,,PRIMARY
TEAMSWITCH,1,4706482E:RCS0118,ROEBUCK_TEAM,na,na,PIERPONT,,PRIMARY
TEAMSWITCH,1,4863761E:RCS8466,ROEBUCK_TEAM,na,na,PIERPONT,,PRIMARY
TEAMSWITCH,1,_3408B7E9-D8E0-48DD-A5E3-741619718DE2,ROEBUCK_TEAM,na,na,PIERPONT,,PRIMARY
TEAMSWITCH,1,5560906:RCS1474-1,LAPINS_TEAM,na,na,MARASCHINO,,PRIMARY
TEAMSWITCH,1,_0895DAC6-15A0-4F35-AC06-4A3580C8543A,LAPINS_TEAM,na,na,MARASCHINO,,PRIMARY
TEAMSWITCH,1,4778890E:RAR0904,MUSTANG_TEAM,na,na,ISABELLA,,PRIMARY
TEAMSWITCH,1,1019256E:RAR0668,MUSTANG_TEAM,na,na,ISABELLA,,PRIMARY
TEAMSWITCH,1,4319947E:RAR0619,MUSTANG_TEAM,na,na,ISABELLA,,PRIMARY
TEAMSWITCH,1,1317020E:RSR0601,MUSTANG_TEAM,na,na,ISABELLA,,PRIMARY
TEAMSWITCH,1,1786780E:RSR0700,MUSTANG_TEAM,na,na,ISABELLA,,PRIMARY
TEAMSWITCH,1,4778519E:RSR0672,MUSTANG_TEAM,na,na,ISABELLA,,PRIMARY
TEAMSWITCH,1,_47C1984F-AFC2-43DD-B27C-8AA958E2A559,MUSTANG_TEAM,na,na,ISABELLA,,PRIMARY
TEAMSWITCH,1,4080197E:RAR0915,CRESCENTA_TEAM,na,na,GOULD,,PRIMARY
TEAMSWITCH,1,1760688E:RCS0643,CRESCENTA_TEAM,na,na,GOULD,,PRIMARY
TEAMSWITCH,1,4881546E:RCS0613,CRESCENTA_TEAM,na,na,GOULD,,PRIMARY
TEAMSWITCH,1,1661816E:RCS1526,CRESCENTA_TEAM,na,na,GOULD,,PRIMARY
TEAMSWITCH,1,1798680E:RCS0660,CRESCENTA_TEAM,na,na,GOULD,,PRIMARY
TEAMSWITCH,1,4843752E:RCS2046,CRESCENTA_TEAM,na,na,GOULD,,PRIMARY
TEAMSWITCH,1,610609E:RCS1785,CRESCENTA_TEAM,na,na,GOULD,,PRIMARY
TEAMSWITCH,1,154599E:RCS0596,CRESCENTA_TEAM,na,na,GOULD,,PRIMARY
TEAMSWITCH,1,883925E:RCS0683,CRESCENTA_TEAM,na,na,GOULD,,PRIMARY
TEAMSWITCH,1,_81AD1206-D637-4750-9BA2-95DA252DCEA4,CRESCENTA_TEAM,na,na,GOULD,,PRIMARY
TEAMSWITCH,1,_C9796FF7-576B-4868-B5EC-2AB1CF6C0C3E,DUNLAP_TEAM,na,na,HOMART,,PRIMARY
TEAMSWITCH,1,4972815E:RCS0298,KIEWAY_TEAM,na,na,ARCADIA,,PRIMARY
TEAMSWITCH,1,4773777E:RCS1463,KIEWAY_TEAM,na,na,ARCADIA,,PRIMARY
TEAMSWITCH,1,4763429E:RSR0289,KIEWAY_TEAM,na,na,ARCADIA,,PRIMARY
TEAMSWITCH,1,_C0FFEB9F-7A88-40DA-AC8F-C272D744AB2A,KIEWAY_TEAM,na,na,ARCADIA,,PRIMARY
TEAMSWITCH,1,2026537E:RAR0125,LEMONADE_TEAM,na,na,CITRUS,,PRIMARY
TEAMSWITCH,1,1739197E:RAR0172,LEMONADE_TEAM,na,na,CITRUS,,PRIMARY
TEAMSWITCH,1,96645E:RCS0218,LEMONADE_TEAM,na,na,CITRUS,,PRIMARY
TEAMSWITCH,1,1343415E:RCS0170,LEMONADE_TEAM,na,na,CITRUS,,PRIMARY
TEAMSWITCH,1,5413347:RCS3791-2,LEMONADE_TEAM,na,na,CITRUS,,PRIMARY
TEAMSWITCH,1,_8A015201-FA44-4CA0-818F-A09E41FD595A,LEMONADE_TEAM,na,na,CITRUS,,PRIMARY
TEAMSWITCH,1,_5A5AAF7F-14D2-4ECC-9223-DBBFC978CE48,OPAL_TEAM,na,na,REDONDO,,PRIMARY
TEAMSWITCH,1,_A01C74AB-C2CF-4FFD-AFA2-ECE08EEE9B98,SNOVER_TEAM,na,na,MOBILOIL,,PRIMARY
TEAMSWITCH,1,7887:VANDERLIP P.T.-L1,VANDERLIP_TEAM,na,na,VANDERLIP PT,,PRIMARY
TEAMSWITCH,1,7887:VANDERLIP P.T.-H1,VANDERLIP_TEAM,na,na,VANDERLIP PT,,PRIMARY
TEAMSWITCH,1,1231751E:RCS0088,SALMON_TEAM,na,na,EL NIDO,,PRIMARY
TEAMSWITCH,1,5044449:RCS6094-1,SALMON_TEAM,na,na,EL NIDO,,PRIMARY
TEAMSWITCH,1,5045755:RCS0441-1,SALMON_TEAM,na,na,EL NIDO,,PRIMARY
TEAMSWITCH,1,5045756:RCS6097-1,SALMON_TEAM,na,na,EL NIDO,,PRIMARY
TEAMSWITCH,1,5581871:RCS6184-2,SALMON_TEAM,na,na,EL NIDO,,PRIMARY
TEAMSWITCH,1,5581871:RCS6184-3,SALMON_TEAM,na,na,EL NIDO,,PRIMARY
TEAMSWITCH,1,5463312:RCS6135-4_CS,SALMON_TEAM,na,na,EL NIDO,,PRIMARY
TEAMSWITCH,1,833663E:RCS0178,SALMON_TEAM,na,na,EL NIDO,,PRIMARY
TEAMSWITCH,1,5150779:RCS4986-4_CS,SALMON_TEAM,na,na,EL NIDO,,PRIMARY
TEAMSWITCH,1,1459092E:RSR1392,SALMON_TEAM,na,na,EL NIDO,,PRIMARY
TEAMSWITCH,1,651655E:RSR0070,SALMON_TEAM,na,na,EL NIDO,,PRIMARY
TEAMSWITCH,1,1392950E:RSR0638,SALMON_TEAM,na,na,EL NIDO,,PRIMARY
TEAMSWITCH,1,_0A2D0831-50FC-4260-A9BD-19A6EE1C8F04,SALMON_TEAM,na,na,EL NIDO,,PRIMARY
TEAMSWITCH,1,_8BE2BA0D-DE95-47FC-A1D5-E81987841BB4,SALMON_TEAM,na,na,EL NIDO,,PRIMARY
TEAMSWITCH,1,5304397:RCS1039-1,SECRETARY_TEAM,na,na,BEVERLY,,PRIMARY
TEAMSWITCH,1,5304400:RCS1085-5,SECRETARY_TEAM,na,na,BEVERLY,,PRIMARY
TEAMSWITCH,1,_2291FF0C-BA2E-4304-A4A1-DEB9F2C654C7,SECRETARY_TEAM,na,na,BEVERLY,,PRIMARY
TEAMSWITCH,1,_5CE6ED48-5D79-4509-8653-668B9B121965,SECRETARY_TEAM,na,na,BEVERLY,,PRIMARY
TEAMSWITCH,1,4388677E:RAR0208,LA MANCHA_TEAM,na,na,POTRERO,,PRIMARY
TEAMSWITCH,1,4733047E:RAR0781,LA MANCHA_TEAM,na,na,POTRERO,,PRIMARY
TEAMSWITCH,1,4701083E:RCS4062,LA MANCHA_TEAM,na,na,POTRERO,,PRIMARY
TEAMSWITCH,1,5024290:RCS2271-1,LA MANCHA_TEAM,na,na,POTRERO,,PRIMARY
TEAMSWITCH,1,5024240:RCS1356-1,LA MANCHA_TEAM,na,na,POTRERO,,PRIMARY
TEAMSWITCH,1,_F1372C27-1B0F-4182-B7AB-2A96EE2ADA2D,LA MANCHA_TEAM,na,na,POTRERO,,PRIMARY
TEAMSWITCH,1,4761550E:RCS0630,EVERETT_TEAM,na,na,MOORPARK,,PRIMARY
TEAMSWITCH,1,5470990:RCS1656-1,EVERETT_TEAM,na,na,MOORPARK,,PRIMARY
TEAMSWITCH,1,_23322E8A-09AA-4E05-9B1A-10FF8BDD437E,EVERETT_TEAM,na,na,MOORPARK,,PRIMARY
TEAMSWITCH,1,5054452:RCS2645-1,ZIRCON_TEAM,na,na,CREST,,PRIMARY
TEAMSWITCH,1,5054473:RCS2643-1,ZIRCON_TEAM,na,na,CREST,,PRIMARY
TEAMSWITCH,1,_D1A582EB-3EA4-4CB8-8D43-7C990CEE5990,ZIRCON_TEAM,na,na,CREST,,PRIMARY
TEAMSWITCH,1,5357053:RCS7053-2,SKYWALKER_TEAM,na,na,SHUTTLE,,PRIMARY
TEAMSWITCH,1,_E2E79BC5-0BE4-4AA6-9D90-131F7FA64159,SKYWALKER_TEAM,na,na,SHUTTLE,,PRIMARY
TEAMSWITCH,1,1310550E:RAR0786,KEENE_TEAM,na,na,MONOLITH,,PRIMARY
TEAMSWITCH,1,706447E:RCS5547,KEENE_TEAM,na,na,MONOLITH,,PRIMARY
TEAMSWITCH,1,2338634E:RCSG605,KEENE_TEAM,na,na,MONOLITH,,PRIMARY
TEAMSWITCH,1,2370561E:RSR0624,KEENE_TEAM,na,na,MONOLITH,,PRIMARY
TEAMSWITCH,1,_5A6FDD15-6BD3-46FB-A2DB-CEEC9B518C91,KEENE_TEAM,na,na,MONOLITH,,PRIMARY
TEAMSWITCH,1,1927429E:RCS1994,BUCKAROO_TEAM,na,na,GONZALES,,PRIMARY
TEAMSWITCH,1,2027539E:RCS8532,BUCKAROO_TEAM,na,na,GONZALES,,PRIMARY
TEAMSWITCH,1,2295665E:RCS2691,BUCKAROO_TEAM,na,na,GONZALES,,PRIMARY
TEAMSWITCH,1,1920707E:RSR0040,BUCKAROO_TEAM,na,na,GONZALES,,PRIMARY
TEAMSWITCH,1,_56BF05E0-3D58-4175-BE3A-82C729C889C5,BUCKAROO_TEAM,na,na,GONZALES,,PRIMARY
TEAMSWITCH,1,_54FC4D80-62C2-41CC-856D-26F8F0C77FE5,JUPITER_TEAM,na,na,BLUFF COVE,,PRIMARY
TEAMSWITCH,1,1602741E:RCS1017,GARDEA_TEAM,na,na,AMADOR,,PRIMARY
TEAMSWITCH,1,804699E:RCS1227,GARDEA_TEAM,na,na,AMADOR,,PRIMARY
TEAMSWITCH,1,1237412E:RCS1360,GARDEA_TEAM,na,na,AMADOR,,PRIMARY
TEAMSWITCH,1,1196867E:RCS1361,GARDEA_TEAM,na,na,AMADOR,,PRIMARY
TEAMSWITCH,1,_EACB9002-EEF7-42C2-9EEB-9E55E37B7C0A,GARDEA_TEAM,na,na,AMADOR,,PRIMARY
TEAMSWITCH,1,4890265E:RAR9670,MILPAS_TEAM,na,na,SANTA BARBARA,,PRIMARY
TEAMSWITCH,1,4722084E:RCS9669,MILPAS_TEAM,na,na,SANTA BARBARA,,PRIMARY
TEAMSWITCH,1,749798E:RCS0469,MILPAS_TEAM,na,na,SANTA BARBARA,,PRIMARY
TEAMSWITCH,1,4744286E:RCS0429,MILPAS_TEAM,na,na,SANTA BARBARA,,PRIMARY
TEAMSWITCH,1,4370230E:RCS0648,MILPAS_TEAM,na,na,SANTA BARBARA,,PRIMARY
TEAMSWITCH,1,849614E:RCS0724,MILPAS_TEAM,na,na,SANTA BARBARA,,PRIMARY
TEAMSWITCH,1,4129841E:RCS9605,MILPAS_TEAM,na,na,SANTA BARBARA,,PRIMARY
TEAMSWITCH,1,5031210:RCS0169-1,MILPAS_TEAM,na,na,SANTA BARBARA,,PRIMARY
TEAMSWITCH,1,5031612:RCS0729-4,MILPAS_TEAM,na,na,SANTA BARBARA,,PRIMARY
TEAMSWITCH,1,5029348:RCS0504-1,MILPAS_TEAM,na,na,SANTA BARBARA,,PRIMARY
TEAMSWITCH,1,4758261E:RCS0521,MILPAS_TEAM,na,na,SANTA BARBARA,,PRIMARY
TEAMSWITCH,1,828250E:RCS0022,MILPAS_TEAM,na,na,SANTA BARBARA,,PRIMARY
TEAMSWITCH,1,5030104:RCS0175-5_CS,MILPAS_TEAM,na,na,SANTA BARBARA,,PRIMARY
TEAMSWITCH,1,5030134:RCS0690-4_CS,MILPAS_TEAM,na,na,SANTA BARBARA,,PRIMARY
TEAMSWITCH,1,1345928E:RSR0116,MILPAS_TEAM,na,na,SANTA BARBARA,,PRIMARY
TEAMSWITCH,1,_7B2B9E89-6C04-4226-9F41-C5952D291B24,MILPAS_TEAM,na,na,SANTA BARBARA,,PRIMARY
TEAMSWITCH,1,_BAB85D2D-3615-48D8-9FF9-6CD25E6D242B,MILPAS_TEAM,na,na,SANTA BARBARA,,PRIMARY
TEAMSWITCH,1,4539564E:RAR7214,REDSTONE_TEAM,na,na,ESTERO,,PRIMARY
TEAMSWITCH,1,4032532E:RCS2806,REDSTONE_TEAM,na,na,ESTERO,,PRIMARY
TEAMSWITCH,1,4498284E:RCS7096,REDSTONE_TEAM,na,na,ESTERO,,PRIMARY
TEAMSWITCH,1,4981059E:RCS1835,REDSTONE_TEAM,na,na,ESTERO,,PRIMARY
TEAMSWITCH,1,1515032E:RCS2113,REDSTONE_TEAM,na,na,ESTERO,,PRIMARY
TEAMSWITCH,1,5338704:RCS0366-2,REDSTONE_TEAM,na,na,ESTERO,,PRIMARY
TEAMSWITCH,1,1803895E:RSR2794,REDSTONE_TEAM,na,na,ESTERO,,PRIMARY
TEAMSWITCH,1,_9023DA26-040F-49BE-89B2-F0EBA6B3053F,REDSTONE_TEAM,na,na,ESTERO,,PRIMARY
TEAMSWITCH,1,4563795E:RAR0283,MARSH_TEAM,na,na,EARLIMART,,PRIMARY
TEAMSWITCH,1,4432092E:RCS2572,MARSH_TEAM,na,na,EARLIMART,,PRIMARY
TEAMSWITCH,1,1342871E:RCS1826,MARSH_TEAM,na,na,EARLIMART,,PRIMARY
TEAMSWITCH,1,1208852E:RCS1420,MARSH_TEAM,na,na,EARLIMART,,PRIMARY
TEAMSWITCH,1,1637496E:RCS3946,MARSH_TEAM,na,na,EARLIMART,,PRIMARY
TEAMSWITCH,1,995297E:RSR0091,MARSH_TEAM,na,na,EARLIMART,,PRIMARY
TEAMSWITCH,1,_55DE68A1-6ECE-48B9-AC3A-81CBC1639C72,MARSH_TEAM,na,na,EARLIMART,,PRIMARY
TEAMSWITCH,1,_3BC087A2-4B51-4E0F-AA09-95AD78F96072,EAST MONTANA_TEAM,na,na,SAN VICENTE,,PRIMARY
TEAMSWITCH,1,_B19CC1D2-0263-4615-9B87-ABA4F5AD681B,HOOVER_TEAM,na,na,ALHAMBRA,,PRIMARY
TEAMSWITCH,1,1500603E:RAR1389,MORELAND_TEAM,na,na,SANTA SUSANA,,PRIMARY
TEAMSWITCH,1,1515430E:RCS0349,MORELAND_TEAM,na,na,SANTA SUSANA,,PRIMARY
TEAMSWITCH,1,3004564E:RCS0075,MORELAND_TEAM,na,na,SANTA SUSANA,,PRIMARY
TEAMSWITCH,1,1540634E:RCS0465,MORELAND_TEAM,na,na,SANTA SUSANA,,PRIMARY
TEAMSWITCH,1,4669629E:RCS0382,MORELAND_TEAM,na,na,SANTA SUSANA,,PRIMARY
TEAMSWITCH,1,4754699E:RCS6393,MORELAND_TEAM,na,na,SANTA SUSANA,,PRIMARY
TEAMSWITCH,1,5167722:RCS1015-1,MORELAND_TEAM,na,na,SANTA SUSANA,,PRIMARY
TEAMSWITCH,1,5382557:RCS1398-4,MORELAND_TEAM,na,na,SANTA SUSANA,,PRIMARY
TEAMSWITCH,1,_5B294F7D-B170-4F09-8466-CA16589D177E,MORELAND_TEAM,na,na,SANTA SUSANA,,PRIMARY
TEAMSWITCH,1,5536847:RCS2288-4,NASSAU_TEAM,na,na,VICTOR,,PRIMARY
TEAMSWITCH,1,5331726:RCS1710-4,NASSAU_TEAM,na,na,VICTOR,,PRIMARY
TEAMSWITCH,1,5536847:RCS2288-1,NASSAU_TEAM,na,na,VICTOR,,PRIMARY
TEAMSWITCH,1,5331618:RCS1828-2_CS,NASSAU_TEAM,na,na,VICTOR,,PRIMARY
TEAMSWITCH,1,_42266F00-FDEB-4A45-881C-05BF8523E695,NASSAU_TEAM,na,na,VICTOR,,PRIMARY
TEAMSWITCH,1,7086:BROOKINGS P.T.-L1,BROOKINGS_TEAM,na,na,BROOKINGS PT,,PRIMARY
TEAMSWITCH,1,7086:BROOKINGS P.T.-H1,BROOKINGS_TEAM,na,na,BROOKINGS PT,,PRIMARY
TEAMSWITCH,1,4267348E:RAR2237,SUN VILLAGE_TEAM,na,na,LITTLE ROCK,,PRIMARY
TEAMSWITCH,1,2175584E:RAR0468,SUN VILLAGE_TEAM,na,na,LITTLE ROCK,,PRIMARY
TEAMSWITCH,1,1062114E:RAR0473,SUN VILLAGE_TEAM,na,na,LITTLE ROCK,,PRIMARY
TEAMSWITCH,1,1404350E:RAR0483,SUN VILLAGE_TEAM,na,na,LITTLE ROCK,,PRIMARY
TEAMSWITCH,1,4215451E:RCS0458,SUN VILLAGE_TEAM,na,na,LITTLE ROCK,,PRIMARY
TEAMSWITCH,1,4662717E:RCS2096,SUN VILLAGE_TEAM,na,na,LITTLE ROCK,,PRIMARY
TEAMSWITCH,1,4862670E:RCS1101,SUN VILLAGE_TEAM,na,na,LITTLE ROCK,,PRIMARY
TEAMSWITCH,1,4520961E:RCS1159,SUN VILLAGE_TEAM,na,na,LITTLE ROCK,,PRIMARY
TEAMSWITCH,1,4312474E:RSR0866,SUN VILLAGE_TEAM,na,na,LITTLE ROCK,,PRIMARY
TEAMSWITCH,1,_746D77A4-EEDB-4301-9244-19DE1923C756,SUN VILLAGE_TEAM,na,na,LITTLE ROCK,,PRIMARY
TEAMSWITCH,1,1931843E:RAR0454,KUEHNER_TEAM,na,na,SANTA SUSANA,,PRIMARY
TEAMSWITCH,1,5190772:RCS5411-1,KUEHNER_TEAM,na,na,SANTA SUSANA,,PRIMARY
TEAMSWITCH,1,5188960:RCS1082-5,KUEHNER_TEAM,na,na,SANTA SUSANA,,PRIMARY
TEAMSWITCH,1,5188960:RCS1082-3,KUEHNER_TEAM,na,na,SANTA SUSANA,,PRIMARY
TEAMSWITCH,1,5189618:RCS1113-3_CS,KUEHNER_TEAM,na,na,SANTA SUSANA,,PRIMARY
TEAMSWITCH,1,_ABB1A80A-2B1B-4F94-B6D3-A6423010D5D1,KUEHNER_TEAM,na,na,SANTA SUSANA,,PRIMARY
TEAMSWITCH,1,4434813E:RCS0146,MOCCASIN_TEAM,na,na,NORTH OAKS,,PRIMARY
TEAMSWITCH,1,4372755E:RCS6003,MOCCASIN_TEAM,na,na,NORTH OAKS,,PRIMARY
TEAMSWITCH,1,5417731:RCS0066-2,MOCCASIN_TEAM,na,na,NORTH OAKS,,PRIMARY
TEAMSWITCH,1,4247329E:RAR0005,REDBANKS_TEAM,na,na,VENICE HILL,,PRIMARY
TEAMSWITCH,1,4044597E:RAR0717,REDBANKS_TEAM,na,na,VENICE HILL,,PRIMARY
TEAMSWITCH,1,897705E:RAR4053,REDBANKS_TEAM,na,na,VENICE HILL,,PRIMARY
TEAMSWITCH,1,1602519E:RCS1779,REDBANKS_TEAM,na,na,VENICE HILL,,PRIMARY
TEAMSWITCH,1,1260593E:RCS1765,REDBANKS_TEAM,na,na,VENICE HILL,,PRIMARY
TEAMSWITCH,1,723290E:RCS4156,REDBANKS_TEAM,na,na,VENICE HILL,,PRIMARY
TEAMSWITCH,1,4901382E:RSR4204,REDBANKS_TEAM,na,na,VENICE HILL,,PRIMARY
TEAMSWITCH,1,4402558E:RSR0715,REDBANKS_TEAM,na,na,VENICE HILL,,PRIMARY
TEAMSWITCH,1,1872804E:RSR6112,REDBANKS_TEAM,na,na,VENICE HILL,,PRIMARY
TEAMSWITCH,1,_7CCF2329-88BC-445A-85EA-67A7E001D128,REDBANKS_TEAM,na,na,VENICE HILL,,PRIMARY
TEAMSWITCH,1,_AF8B7E5C-61D0-4F09-931A-EBFDCF7A4AC0,SAMPRAS_TEAM,na,na,WIMBLEDON,,PRIMARY
TEAMSWITCH,1,5518340:RCS4559-1,LUCKMAN_TEAM,na,na,BEVERLY,,PRIMARY
TEAMSWITCH,1,5037886:RCS0148-1_CS,LUCKMAN_TEAM,na,na,BEVERLY,,PRIMARY
TEAMSWITCH,1,_9EAA420C-E53A-40F8-982F-5EDD7581C31B,LUCKMAN_TEAM,na,na,BEVERLY,,PRIMARY
TEAMSWITCH,1,_4C6A7E91-D8D3-452C-AB7F-C88DA0F457FD,LUCKMAN_TEAM,na,na,BEVERLY,,PRIMARY
TEAMSWITCH,1,_31898E15-96A6-4C74-A735-29C6520DD039,BERYL_TEAM,na,na,REDONDO,,PRIMARY
TEAMSWITCH,1,1759135E:RCS0243,CAPSTAN_TEAM,na,na,CULVER,,PRIMARY
TEAMSWITCH,1,1826380E:RCS0335,CAPSTAN_TEAM,na,na,CULVER,,PRIMARY
TEAMSWITCH,1,377742M:RCS4597,CAPSTAN_TEAM,na,na,CULVER,,PRIMARY
TEAMSWITCH,1,_2748EC04-FDF0-4B35-8693-CA6C7968839C,CAPSTAN_TEAM,na,na,CULVER,,PRIMARY
TEAMSWITCH,1,_FC9DB98E-5374-471F-A4DE-D9CB4A0A7F6D,CAPSTAN_TEAM,na,na,CULVER,,PRIMARY
TEAMSWITCH,1,1428400E:RAR3524,CLOER_TEAM,na,na,POPLAR,,PRIMARY
TEAMSWITCH,1,4110006E:RAR4021,CLOER_TEAM,na,na,POPLAR,,PRIMARY
TEAMSWITCH,1,1686751E:RAR0335,CLOER_TEAM,na,na,POPLAR,,PRIMARY
TEAMSWITCH,1,4747432E:RCS0141,CLOER_TEAM,na,na,POPLAR,,PRIMARY
TEAMSWITCH,1,2104738E:RCS0342,CLOER_TEAM,na,na,POPLAR,,PRIMARY
TEAMSWITCH,1,4798874E:RCSG286,CLOER_TEAM,na,na,POPLAR,,PRIMARY
TEAMSWITCH,1,4252990E:RCS2111,CLOER_TEAM,na,na,POPLAR,,PRIMARY
TEAMSWITCH,1,5759488:RCS6796-3_CS,CLOER_TEAM,na,na,POPLAR,,PRIMARY
TEAMSWITCH,1,_D1B8E69C-294F-4DEF-BFE1-0047EE0EF5B4,CLOER_TEAM,na,na,POPLAR,,PRIMARY
TEAMSWITCH,1,5552275:RCS4602-2,PARKMORE_TEAM,na,na,VALDEZ,,PRIMARY
TEAMSWITCH,1,5719836:RCS2292-1_CS,PARKMORE_TEAM,na,na,VALDEZ,,PRIMARY
TEAMSWITCH,1,5349235:RCS1232-4_CS,PARKMORE_TEAM,na,na,VALDEZ,,PRIMARY
TEAMSWITCH,1,5024031:RCS0428-4_CS,PARKMORE_TEAM,na,na,VALDEZ,,PRIMARY
TEAMSWITCH,1,5349697:RCS1335-4_CS,PARKMORE_TEAM,na,na,VALDEZ,,PRIMARY
TEAMSWITCH,1,_F3A3B1EF-CFF6-4ECA-837C-1D9DE11F17B0,PARKMORE_TEAM,na,na,VALDEZ,,PRIMARY
TEAMSWITCH,1,_EE02CE88-2615-4C78-B3DC-968A542C236E,DOWELL_TEAM,na,na,WINDSOR HILLS,,PRIMARY
TEAMSWITCH,1,2179730E:RCS0233,BOBSLED_TEAM,na,na,SKILAND,,PRIMARY
TEAMSWITCH,1,5173622:RCS0041-3,BOBSLED_TEAM,na,na,SKILAND,,PRIMARY
TEAMSWITCH,1,5175320:RCS0291-4,BOBSLED_TEAM,na,na,SKILAND,,PRIMARY
TEAMSWITCH,1,5062629:RCS0079-1,BOBSLED_TEAM,na,na,SKILAND,,PRIMARY
TEAMSWITCH,1,1994593E:RCS0059,BOBSLED_TEAM,na,na,SKILAND,,PRIMARY
TEAMSWITCH,1,5011688E:RCS0102,BOBSLED_TEAM,na,na,SKILAND,,PRIMARY
TEAMSWITCH,1,5175202:RCS0082-6_CS,BOBSLED_TEAM,na,na,SKILAND,,PRIMARY
TEAMSWITCH,1,_528C2011-A429-440C-8548-68C4FF0720C3,BOBSLED_TEAM,na,na,SKILAND,,PRIMARY
TEAMSWITCH,1,1190824E:RAR0386,BIG PINES_TEAM,na,na,LITTLE ROCK,,PRIMARY
TEAMSWITCH,1,4191740E:RAR0537,BIG PINES_TEAM,na,na,LITTLE ROCK,,PRIMARY
TEAMSWITCH,1,4099544E:RAR2208,BIG PINES_TEAM,na,na,LITTLE ROCK,,PRIMARY
TEAMSWITCH,1,4916020E:RAR0393,BIG PINES_TEAM,na,na,LITTLE ROCK,,PRIMARY
TEAMSWITCH,1,1190884E:RCS0181,BIG PINES_TEAM,na,na,LITTLE ROCK,,PRIMARY
TEAMSWITCH,1,4194068E:RCS1190,BIG PINES_TEAM,na,na,LITTLE ROCK,,PRIMARY
TEAMSWITCH,1,4032346E:RCS1189,BIG PINES_TEAM,na,na,LITTLE ROCK,,PRIMARY
TEAMSWITCH,1,4619524E:RCS0622,BIG PINES_TEAM,na,na,LITTLE ROCK,,PRIMARY
TEAMSWITCH,1,5639140:RCSG140-3,BIG PINES_TEAM,na,na,LITTLE ROCK,,PRIMARY
TEAMSWITCH,1,5658111:RCSG111-3,BIG PINES_TEAM,na,na,LITTLE ROCK,,PRIMARY
TEAMSWITCH,1,5655874:RCSG874-1,BIG PINES_TEAM,na,na,LITTLE ROCK,,PRIMARY
TEAMSWITCH,1,799918E:RCS2197,BIG PINES_TEAM,na,na,LITTLE ROCK,,PRIMARY
TEAMSWITCH,1,1820822E:RSR2169,BIG PINES_TEAM,na,na,LITTLE ROCK,,PRIMARY
TEAMSWITCH,1,4620503E:RSR2241,BIG PINES_TEAM,na,na,LITTLE ROCK,,PRIMARY
TEAMSWITCH,1,4312474E:RSR0866,BIG PINES_TEAM,na,na,LITTLE ROCK,,PRIMARY
TEAMSWITCH,1,_C46450C2-31F1-44CF-B3D9-71A838B29BF0,BIG PINES_TEAM,na,na,LITTLE ROCK,,PRIMARY
TEAMSWITCH,1,_578E979D-1C97-42B7-8B81-BDDDBC9A89DB,QUEEN_TEAM,na,na,INGLEWOOD,,PRIMARY
TEAMSWITCH,1,1610214E:RCS0342,KING_TEAM,na,na,VICTORIA,,PRIMARY
TEAMSWITCH,1,5648872:RCS6848-1,KING_TEAM,na,na,VICTORIA,,PRIMARY
TEAMSWITCH,1,5653152:RCS6744-1,KING_TEAM,na,na,VICTORIA,,PRIMARY
TEAMSWITCH,1,5054118:RCS6460-2,KING_TEAM,na,na,VICTORIA,,PRIMARY
TEAMSWITCH,1,5054119:RCS3451-2,KING_TEAM,na,na,VICTORIA,,PRIMARY
TEAMSWITCH,1,5700697:RCS5711-1_CS,KING_TEAM,na,na,VICTORIA,,PRIMARY
TEAMSWITCH,1,851021E:RCS0026,KING_TEAM,na,na,VICTORIA,,PRIMARY
TEAMSWITCH,1,758140E:RCS1399,KING_TEAM,na,na,VICTORIA,,PRIMARY
TEAMSWITCH,1,5054122:RCS6729-1,KING_TEAM,na,na,VICTORIA,,PRIMARY
TEAMSWITCH,1,4899202E:RSR1397,KING_TEAM,na,na,VICTORIA,,PRIMARY
TEAMSWITCH,1,4867052E:RSR0665,KING_TEAM,na,na,VICTORIA,,PRIMARY
TEAMSWITCH,1,_5B8FC04C-2CA0-4746-9A99-4A0189F0A58F,KING_TEAM,na,na,VICTORIA,,PRIMARY
TEAMSWITCH,1,742277E:RCS0119,YNEZ_TEAM,na,na,NEWMARK,,PRIMARY
TEAMSWITCH,1,668083E:RCS0177,YNEZ_TEAM,na,na,NEWMARK,,PRIMARY
TEAMSWITCH,1,_7BCDF32F-0424-4C55-9D91-BC67FD05CAEA,YNEZ_TEAM,na,na,NEWMARK,,PRIMARY
TEAMSWITCH,1,_F6C16C97-3750-4E02-9DD9-9FCFC8172078,PAULING_TEAM,na,na,PHARMACY,,PRIMARY
TEAMSWITCH,1,1836187E:RCS0588,BUNGALOW_TEAM,na,na,SEPULVEDA,,PRIMARY
TEAMSWITCH,1,2098397E:RSR0193,BUNGALOW_TEAM,na,na,SEPULVEDA,,PRIMARY
TEAMSWITCH,1,_C655C18D-F1BE-4B92-A439-E557BE83C637,BUNGALOW_TEAM,na,na,SEPULVEDA,,PRIMARY
TEAMSWITCH,1,206986S:RCS0677,NAYLOR_TEAM,na,na,RUBIDOUX,,PRIMARY
TEAMSWITCH,1,4907376E:RCS1653,NAYLOR_TEAM,na,na,RUBIDOUX,,PRIMARY
TEAMSWITCH,1,4438734E:RCS2509,NAYLOR_TEAM,na,na,RUBIDOUX,,PRIMARY
TEAMSWITCH,1,4895234E:RSR2502,NAYLOR_TEAM,na,na,RUBIDOUX,,PRIMARY
TEAMSWITCH,1,4815323E:RSR2503,NAYLOR_TEAM,na,na,RUBIDOUX,,PRIMARY
TEAMSWITCH,1,4804897E:RSR2501,NAYLOR_TEAM,na,na,RUBIDOUX,,PRIMARY
TEAMSWITCH,1,1566822E:RSR2504,NAYLOR_TEAM,na,na,RUBIDOUX,,PRIMARY
TEAMSWITCH,1,4823074E:RSR2499,NAYLOR_TEAM,na,na,RUBIDOUX,,PRIMARY
TEAMSWITCH,1,_A54CCCE9-89B4-4D9D-B671-87573C8DA800,NAYLOR_TEAM,na,na,RUBIDOUX,,PRIMARY
TEAMSWITCH,1,2064245E:RCS0593,ADDIS_TEAM,na,na,VICTORIA,,PRIMARY
TEAMSWITCH,1,5653152:RCS6744-1,ADDIS_TEAM,na,na,VICTORIA,,PRIMARY
TEAMSWITCH,1,5054118:RCS6460-2,ADDIS_TEAM,na,na,VICTORIA,,PRIMARY
TEAMSWITCH,1,758140E:RCS1399,ADDIS_TEAM,na,na,VICTORIA,,PRIMARY
TEAMSWITCH,1,5054865:RCS4617-4_CS,ADDIS_TEAM,na,na,VICTORIA,,PRIMARY
TEAMSWITCH,1,1640278E:RSR0666,ADDIS_TEAM,na,na,VICTORIA,,PRIMARY
TEAMSWITCH,1,1667434E:RSR0394,ADDIS_TEAM,na,na,VICTORIA,,PRIMARY
TEAMSWITCH,1,1639879E:RSR0580,ADDIS_TEAM,na,na,VICTORIA,,PRIMARY
TEAMSWITCH,1,4867052E:RSR0665,ADDIS_TEAM,na,na,VICTORIA,,PRIMARY
TEAMSWITCH,1,_0E2E2E2B-FC02-4DE1-9280-41AABF3050F7,ADDIS_TEAM,na,na,VICTORIA,,PRIMARY
TEAMSWITCH,1,4719310E:RAR0592,RAVINE_TEAM,na,na,ARROYO,,PRIMARY
TEAMSWITCH,1,4141742E:RCS0129,RAVINE_TEAM,na,na,ARROYO,,PRIMARY
TEAMSWITCH,1,4432461E:RCS0667,RAVINE_TEAM,na,na,ARROYO,,PRIMARY
TEAMSWITCH,1,1760758E:RCS0540,RAVINE_TEAM,na,na,ARROYO,,PRIMARY
TEAMSWITCH,1,_EE10EA47-F2F4-44BE-B9E6-25C4220EC63A,RAVINE_TEAM,na,na,ARROYO,,PRIMARY
TEAMSWITCH,1,4769910E:RCS0195,BAMBOO_TEAM,na,na,DECLEZ,,PRIMARY
TEAMSWITCH,1,4308316E:RCS2020,BAMBOO_TEAM,na,na,DECLEZ,,PRIMARY
TEAMSWITCH,1,4378058E:RCS2274,BAMBOO_TEAM,na,na,DECLEZ,,PRIMARY
TEAMSWITCH,1,_7548B040-AF24-45B5-8D20-07ACD4A1A728,BAMBOO_TEAM,na,na,DECLEZ,,PRIMARY
TEAMSWITCH,1,2215346E:RCS2380,WINNEBAGO_TEAM,na,na,WEST RIVERSIDE,,PRIMARY
TEAMSWITCH,1,4326354E:RCS5493,WINNEBAGO_TEAM,na,na,WEST RIVERSIDE,,PRIMARY
TEAMSWITCH,1,5001496:RCS6222-4_CS,WINNEBAGO_TEAM,na,na,WEST RIVERSIDE,,PRIMARY
TEAMSWITCH,1,4819414E:RCS6961,WINNEBAGO_TEAM,na,na,WEST RIVERSIDE,,PRIMARY
TEAMSWITCH,1,4206225E:RCS6944,WINNEBAGO_TEAM,na,na,WEST RIVERSIDE,,PRIMARY
TEAMSWITCH,1,5756777:RCS6641-1_CS,WINNEBAGO_TEAM,na,na,WEST RIVERSIDE,,PRIMARY
TEAMSWITCH,1,1948063E:RSR5499,WINNEBAGO_TEAM,na,na,WEST RIVERSIDE,,PRIMARY
TEAMSWITCH,1,4846289E:RSR5495,WINNEBAGO_TEAM,na,na,WEST RIVERSIDE,,PRIMARY
TEAMSWITCH,1,4915386E:RSR2505,WINNEBAGO_TEAM,na,na,WEST RIVERSIDE,,PRIMARY
TEAMSWITCH,1,_BCD8A23E-FA6F-4432-8A45-31CF830F28C4,WINNEBAGO_TEAM,na,na,WEST RIVERSIDE,,PRIMARY
TEAMSWITCH,1,_48D1119B-D530-4AF3-940D-479AC7370343,ROBERTSON_TEAM,na,na,OLYMPIC,,PRIMARY
TEAMSWITCH,1,_FED5B86A-64A1-459D-BB31-31D945058A7F,KENBO_TEAM,na,na,REPETTO,,PRIMARY
TEAMSWITCH,1,_BF901092-5790-4DF1-97E2-5175E1889A63,COMO_TEAM,na,na,PERRY,,PRIMARY
TEAMSWITCH,1,4844832E:RCS0344,POWELL_TEAM,na,na,NEWHALL,,PRIMARY
TEAMSWITCH,1,_0870AA49-A5A9-42C8-A6FD-1AF0BE901698,POWELL_TEAM,na,na,NEWHALL,,PRIMARY
TEAMSWITCH,1,1270898E:RCS0236,LIBRA_TEAM,na,na,REPETTO,,PRIMARY
TEAMSWITCH,1,1673087E:RSR0629,LIBRA_TEAM,na,na,REPETTO,,PRIMARY
TEAMSWITCH,1,_5BAEF51C-DCB0-4838-A57B-29C648F29664,LIBRA_TEAM,na,na,REPETTO,,PRIMARY
TEAMSWITCH,1,_E55BFFDB-0DA0-4E82-9665-3EF1FF6AD0DE,LIBRA_TEAM,na,na,REPETTO,,PRIMARY
TEAMSWITCH,1,1099106E:RCS0108,CHADRON_TEAM,na,na,BRIGHTON,,PRIMARY
TEAMSWITCH,1,1110166E:RCS0598,CHADRON_TEAM,na,na,BRIGHTON,,PRIMARY
TEAMSWITCH,1,4843767E:RSR0298,CHADRON_TEAM,na,na,BRIGHTON,,PRIMARY
TEAMSWITCH,1,1099120E:RSR1468,CHADRON_TEAM,na,na,BRIGHTON,,PRIMARY
TEAMSWITCH,1,_3A1011DF-2C59-4074-8AD3-105535988656,CHADRON_TEAM,na,na,BRIGHTON,,PRIMARY
TEAMSWITCH,1,5582249:RCS0157-3,WIND TUNNEL_TEAM,na,na,ALDER,,PRIMARY
TEAMSWITCH,1,_24C65C9D-9022-484A-A2E7-037139D9681C,WIND TUNNEL_TEAM,na,na,ALDER,,PRIMARY
TEAMSWITCH,1,_786478A5-77F3-4974-878E-1AEFCC354782,PACOMA_TEAM,na,na,HOWARD,,PRIMARY
TEAMSWITCH,1,122071S:RCS0277,IRONHORSE_TEAM,na,na,BLOOMINGTON,,PRIMARY
TEAMSWITCH,1,4794966E:RCS2355,IRONHORSE_TEAM,na,na,BLOOMINGTON,,PRIMARY
TEAMSWITCH,1,422757E:RSR2548,IRONHORSE_TEAM,na,na,BLOOMINGTON,,PRIMARY
TEAMSWITCH,1,2254053E:RSR2002,IRONHORSE_TEAM,na,na,BLOOMINGTON,,PRIMARY
TEAMSWITCH,1,_9EFC4183-75B3-4DF5-9E33-C7D969435E21,IRONHORSE_TEAM,na,na,BLOOMINGTON,,PRIMARY
TEAMSWITCH,1,4771373E:RAR3860,PANCHO_TEAM,na,na,CAMARILLO,,PRIMARY
TEAMSWITCH,1,4743209E:RCS3868,PANCHO_TEAM,na,na,CAMARILLO,,PRIMARY
TEAMSWITCH,1,5197908:RCS2977-4,PANCHO_TEAM,na,na,CAMARILLO,,PRIMARY
TEAMSWITCH,1,5195249:RCS5055-1,PANCHO_TEAM,na,na,CAMARILLO,,PRIMARY
TEAMSWITCH,1,4424305E:RCS1832,PANCHO_TEAM,na,na,CAMARILLO,,PRIMARY
TEAMSWITCH,1,_BF9F19EA-C774-464E-8CA6-8C0F81C973A5,PANCHO_TEAM,na,na,CAMARILLO,,PRIMARY
TEAMSWITCH,1,4635419E:RCS0565,BURWOOD_TEAM,na,na,SAVAGE,,PRIMARY
TEAMSWITCH,1,2293858E:RCS0567,BURWOOD_TEAM,na,na,SAVAGE,,PRIMARY
TEAMSWITCH,1,5571251:RCS2449-1,BURWOOD_TEAM,na,na,SAVAGE,,PRIMARY
TEAMSWITCH,1,5520006:RCS2242-4,BURWOOD_TEAM,na,na,SAVAGE,,PRIMARY
TEAMSWITCH,1,_1F5BE7EC-A6E3-41EF-A0B5-1546511524C4,BURWOOD_TEAM,na,na,SAVAGE,,PRIMARY
TEAMSWITCH,1,271872E:RAR2997,MOUNTAIN_TEAM,na,na,ARRO,,PRIMARY
TEAMSWITCH,1,_8AB34D99-4BCD-4FA3-85D7-AE9F840B4A66,MOUNTAIN_TEAM,na,na,ARRO,,PRIMARY
TEAMSWITCH,1,_BA3B0D7A-A822-4791-B59D-8C8A97A9E056,EL MONTE_TEAM,na,na,AMADOR,,PRIMARY
TEAMSWITCH,1,1652143E:RCS0177,ZIMMER_TEAM,na,na,RANDALL,,PRIMARY
TEAMSWITCH,1,5503182:RCS4875-2,ZIMMER_TEAM,na,na,RANDALL,,PRIMARY
TEAMSWITCH,1,5613000:RCS5584-5,ZIMMER_TEAM,na,na,RANDALL,,PRIMARY
TEAMSWITCH,1,_5E3568C0-BEB2-4B6E-9F38-10ED72763D82,ZIMMER_TEAM,na,na,RANDALL,,PRIMARY
TEAMSWITCH,1,1473400E:RAR1910,CROSSON_TEAM,na,na,CAMARILLO,,PRIMARY
TEAMSWITCH,1,4375298E:RCS5057,CROSSON_TEAM,na,na,CAMARILLO,,PRIMARY
TEAMSWITCH,1,5195428:RCS3431-3,CROSSON_TEAM,na,na,CAMARILLO,,PRIMARY
TEAMSWITCH,1,5019765:RCS1370-1,CROSSON_TEAM,na,na,CAMARILLO,,PRIMARY
TEAMSWITCH,1,5019760:RCS9602-1,CROSSON_TEAM,na,na,CAMARILLO,,PRIMARY
TEAMSWITCH,1,5173517:RCS3135-1,CROSSON_TEAM,na,na,CAMARILLO,,PRIMARY
TEAMSWITCH,1,4365405E:RSR7070,CROSSON_TEAM,na,na,CAMARILLO,,PRIMARY
TEAMSWITCH,1,1539727E:RSR2790,CROSSON_TEAM,na,na,CAMARILLO,,PRIMARY
TEAMSWITCH,1,_E57CCEFB-BC53-472B-861E-7AA30EDAEC2C,CROSSON_TEAM,na,na,CAMARILLO,,PRIMARY
TEAMSWITCH,1,_C8AB4201-AB4A-4A4F-ACBA-DA3F709FCE47,STACY_TEAM,na,na,FELTON,,PRIMARY
TEAMSWITCH,1,1515430E:RCS0349,GLASSCOCK_TEAM,na,na,SANTA SUSANA,,PRIMARY
TEAMSWITCH,1,3004564E:RCS0075,GLASSCOCK_TEAM,na,na,SANTA SUSANA,,PRIMARY
TEAMSWITCH,1,1754005E:RCS3538,GLASSCOCK_TEAM,na,na,SANTA SUSANA,,PRIMARY
TEAMSWITCH,1,1311824E:RCS0624,GLASSCOCK_TEAM,na,na,SANTA SUSANA,,PRIMARY
TEAMSWITCH,1,_330A1B3E-F9C9-4EF1-A880-2DCE98DB97AA,GLASSCOCK_TEAM,na,na,SANTA SUSANA,,PRIMARY
TEAMSWITCH,1,4750270E:RAR1075,HEAPS PEAK_TEAM,na,na,BURNT MILL,,PRIMARY
TEAMSWITCH,1,1669225E:RAR0050,HEAPS PEAK_TEAM,na,na,BURNT MILL,,PRIMARY
TEAMSWITCH,1,1649437E:RCS0408,HEAPS PEAK_TEAM,na,na,BURNT MILL,,PRIMARY
TEAMSWITCH,1,1467018E:RCS0403,HEAPS PEAK_TEAM,na,na,BURNT MILL,,PRIMARY
TEAMSWITCH,1,4713032E:RCS0434,HEAPS PEAK_TEAM,na,na,BURNT MILL,,PRIMARY
TEAMSWITCH,1,4831280E:RSR1113,HEAPS PEAK_TEAM,na,na,BURNT MILL,,PRIMARY
TEAMSWITCH,1,_2EE928D2-209A-48A1-9F1D-859F48C120AD,HEAPS PEAK_TEAM,na,na,BURNT MILL,,PRIMARY
TEAMSWITCH,1,1424394E:RCS8534,DIABLO_TEAM,na,na,SAN MIGUEL,,PRIMARY
TEAMSWITCH,1,4204315E:RCS0855,DIABLO_TEAM,na,na,SAN MIGUEL,,PRIMARY
TEAMSWITCH,1,5182935:RCS1310-2,DIABLO_TEAM,na,na,SAN MIGUEL,,PRIMARY
TEAMSWITCH,1,4796656E:RCS3082,DIABLO_TEAM,na,na,SAN MIGUEL,,PRIMARY
TEAMSWITCH,1,4967139E:RCS3083,DIABLO_TEAM,na,na,SAN MIGUEL,,PRIMARY
TEAMSWITCH,1,5502255:RCS3044-4,DIABLO_TEAM,na,na,SAN MIGUEL,,PRIMARY
TEAMSWITCH,1,5182993:RCS2993-3_CS,DIABLO_TEAM,na,na,SAN MIGUEL,,PRIMARY
TEAMSWITCH,1,_D7A7E5DE-CB30-4401-A21C-21D30A9F846A,DIABLO_TEAM,na,na,SAN MIGUEL,,PRIMARY
TEAMSWITCH,1,2082370E:RCS2042,DORSEY_TEAM,na,na,ALDER,,PRIMARY
TEAMSWITCH,1,1056364E:RCS0120,DORSEY_TEAM,na,na,ALDER,,PRIMARY
TEAMSWITCH,1,5612735:RCS5892-6,DORSEY_TEAM,na,na,ALDER,,PRIMARY
TEAMSWITCH,1,320331E:RCS0152,DORSEY_TEAM,na,na,ALDER,,PRIMARY
TEAMSWITCH,1,_5BCFF54A-E465-48ED-B67D-6AC8C3627DAB,DORSEY_TEAM,na,na,ALDER,,PRIMARY
TEAMSWITCH,1,_FEF72595-8323-47E1-9197-41D0641C9823,ROYCE_TEAM,na,na,ARROYO,,PRIMARY
TEAMSWITCH,1,1687812E:RAR0020,KUFFEL_TEAM,na,na,KUFFEL PT,,PRIMARY
TEAMSWITCH,1,7424:KUFFEL P.T.-L1,KUFFEL_TEAM,na,na,KUFFEL PT,,PRIMARY
TEAMSWITCH,1,7424:KUFFEL P.T.-H1,KUFFEL_TEAM,na,na,KUFFEL PT,,PRIMARY
TEAMSWITCH,1,5349148:RCS9148-3,JBSHERMAN_TEAM,na,na,SAUGUS,,PRIMARY
TEAMSWITCH,1,5138862:RCS8862-3,JBSHERMAN_TEAM,na,na,SAUGUS,,PRIMARY
TEAMSWITCH,1,_F8F07AB9-057F-43E1-B0CF-9FEE412B266A,JBSHERMAN_TEAM,na,na,SAUGUS,,PRIMARY
TEAMSWITCH,1,4601696E:RAR0724,NAPOLEON_TEAM,na,na,MARASCHINO,,PRIMARY
TEAMSWITCH,1,4210914E:RAR0932,NAPOLEON_TEAM,na,na,MARASCHINO,,PRIMARY
TEAMSWITCH,1,2210643E:RCS0484,NAPOLEON_TEAM,na,na,MARASCHINO,,PRIMARY
TEAMSWITCH,1,4202028E:RCS0321,NAPOLEON_TEAM,na,na,MARASCHINO,,PRIMARY
TEAMSWITCH,1,4804671E:RCS0478,NAPOLEON_TEAM,na,na,MARASCHINO,,PRIMARY
TEAMSWITCH,1,5503691:RCS2274-2,NAPOLEON_TEAM,na,na,MARASCHINO,,PRIMARY
TEAMSWITCH,1,5560906:RCS1474-1,NAPOLEON_TEAM,na,na,MARASCHINO,,PRIMARY
TEAMSWITCH,1,5564972:RCS1435-2,NAPOLEON_TEAM,na,na,MARASCHINO,,PRIMARY
TEAMSWITCH,1,5581478:RCS1392-1,NAPOLEON_TEAM,na,na,MARASCHINO,,PRIMARY
TEAMSWITCH,1,5659641:RCS2756-1,NAPOLEON_TEAM,na,na,MARASCHINO,,PRIMARY
TEAMSWITCH,1,5659557:RCS2576-2,NAPOLEON_TEAM,na,na,MARASCHINO,,PRIMARY
TEAMSWITCH,1,5198267:RCS0759-3,NAPOLEON_TEAM,na,na,MARASCHINO,,PRIMARY
TEAMSWITCH,1,_07B120EA-C951-40E7-9E35-729563C7EFF1,NAPOLEON_TEAM,na,na,MARASCHINO,,PRIMARY
TEAMSWITCH,1,4698304E:RCS5714,GILFILLAN_TEAM,na,na,ALDER,,PRIMARY
TEAMSWITCH,1,5714730:RCSG026-1_CS,GILFILLAN_TEAM,na,na,ALDER,,PRIMARY
TEAMSWITCH,1,_A876D1C4-4DD5-4712-95B8-7CF4B03A3D6F,GILFILLAN_TEAM,na,na,ALDER,,PRIMARY
TEAMSWITCH,1,4843197E:RAR1381,GLASGOW_TEAM,na,na,INGLEWOOD,,PRIMARY
TEAMSWITCH,1,_020A9B6E-4654-4771-92D2-A7272A0B5C23,GLASGOW_TEAM,na,na,INGLEWOOD,,PRIMARY
TEAMSWITCH,1,4047171E:RAR0210,MILO_TEAM,na,na,VALDEZ,,PRIMARY
TEAMSWITCH,1,1638613E:RCS0230,MILO_TEAM,na,na,VALDEZ,,PRIMARY
TEAMSWITCH,1,5441332:RCS0172-1,MILO_TEAM,na,na,VALDEZ,,PRIMARY
TEAMSWITCH,1,5370907:RCS0120-2,MILO_TEAM,na,na,VALDEZ,,PRIMARY
TEAMSWITCH,1,5314039:RCS0183-4,MILO_TEAM,na,na,VALDEZ,,PRIMARY
TEAMSWITCH,1,5538677:RCS1766-1,MILO_TEAM,na,na,VALDEZ,,PRIMARY
TEAMSWITCH,1,_995CAC0B-90AC-4F9D-8A40-8CBCD5AE5A1C,MILO_TEAM,na,na,VALDEZ,,PRIMARY
TEAMSWITCH,1,2295422E:RAR0183,SHEFFIELD_TEAM,na,na,CARPINTERIA,,PRIMARY
TEAMSWITCH,1,4495608E:RAR4095,SHEFFIELD_TEAM,na,na,CARPINTERIA,,PRIMARY
TEAMSWITCH,1,4456602E:RAR0166,SHEFFIELD_TEAM,na,na,CARPINTERIA,,PRIMARY
TEAMSWITCH,1,2383668E:RAR0374,SHEFFIELD_TEAM,na,na,CARPINTERIA,,PRIMARY
TEAMSWITCH,1,4041819E:RAR0377,SHEFFIELD_TEAM,na,na,CARPINTERIA,,PRIMARY
TEAMSWITCH,1,1235946E:RCS5197,SHEFFIELD_TEAM,na,na,CARPINTERIA,,PRIMARY
TEAMSWITCH,1,1133612E:RCS0419,SHEFFIELD_TEAM,na,na,CARPINTERIA,,PRIMARY
TEAMSWITCH,1,4340209E:RCS9707,SHEFFIELD_TEAM,na,na,CARPINTERIA,,PRIMARY
TEAMSWITCH,1,2303949E:RCS9708,SHEFFIELD_TEAM,na,na,CARPINTERIA,,PRIMARY
TEAMSWITCH,1,1749664E:RSR0024,SHEFFIELD_TEAM,na,na,CARPINTERIA,,PRIMARY
TEAMSWITCH,1,4371456E:RSR9414,SHEFFIELD_TEAM,na,na,CARPINTERIA,,PRIMARY
TEAMSWITCH,1,_3594074D-935E-42F9-B24D-E1A9CA06D972,SHEFFIELD_TEAM,na,na,CARPINTERIA,,PRIMARY
TEAMSWITCH,1,_FD398433-9D0E-4497-818F-64584F9B1B81,LOVE_TEAM,na,na,RIALTO,,PRIMARY
TEAMSWITCH,1,5722879:RCS2879-4,CUMMINS_TEAM,na,na,ROADWAY,,PRIMARY
TEAMSWITCH,1,5722879:RCS2879-2,CUMMINS_TEAM,na,na,ROADWAY,,PRIMARY
TEAMSWITCH,1,5722909:RCS3194-1,CUMMINS_TEAM,na,na,ROADWAY,,PRIMARY
TEAMSWITCH,1,5722914:RCS3198-2,CUMMINS_TEAM,na,na,ROADWAY,,PRIMARY
TEAMSWITCH,1,5722914:RCS3198-1,CUMMINS_TEAM,na,na,ROADWAY,,PRIMARY
TEAMSWITCH,1,5655875:RCSG990-2,CUMMINS_TEAM,na,na,ROADWAY,,PRIMARY
TEAMSWITCH,1,5655875:RCSG990-3,CUMMINS_TEAM,na,na,ROADWAY,,PRIMARY
TEAMSWITCH,1,5428893:RCS1591-3_CS,CUMMINS_TEAM,na,na,ROADWAY,,PRIMARY
TEAMSWITCH,1,_3A91BAB5-E1FE-4431-9F24-A9C8C48B8A99,CUMMINS_TEAM,na,na,ROADWAY,,PRIMARY
TEAMSWITCH,1,5189400:RCS0808-1_CS,CONIFER_TEAM,na,na,OAK PARK,,PRIMARY
TEAMSWITCH,1,5190449:RCS1189-1_CS,CONIFER_TEAM,na,na,OAK PARK,,PRIMARY
TEAMSWITCH,1,5190448:RCS1366-3_CS,CONIFER_TEAM,na,na,OAK PARK,,PRIMARY
TEAMSWITCH,1,_F8BA1B32-1CFC-42C5-B790-CDAB2DA738D0,CONIFER_TEAM,na,na,OAK PARK,,PRIMARY
TEAMSWITCH,1,2360195E:RCS0959,DONERT_TEAM,na,na,SAVAGE,,PRIMARY
TEAMSWITCH,1,4531707E:RCS0079,DONERT_TEAM,na,na,SAVAGE,,PRIMARY
TEAMSWITCH,1,4186122E:RCS0817,DONERT_TEAM,na,na,SAVAGE,,PRIMARY
TEAMSWITCH,1,23513CIT:RCS0085,DONERT_TEAM,na,na,SAVAGE,,PRIMARY
TEAMSWITCH,1,4616573E:RSR0674,DONERT_TEAM,na,na,SAVAGE,,PRIMARY
TEAMSWITCH,1,_D7D51C4B-646B-4429-A01C-494E439FEF0F,DONERT_TEAM,na,na,SAVAGE,,PRIMARY
TEAMSWITCH,1,4447558E:RAR0740,TUNNEL_TEAM,na,na,AQUEDUCT,,PRIMARY
TEAMSWITCH,1,4443775E:RCS0984,TUNNEL_TEAM,na,na,AQUEDUCT,,PRIMARY
TEAMSWITCH,1,4877228E:RCS1202,TUNNEL_TEAM,na,na,AQUEDUCT,,PRIMARY
TEAMSWITCH,1,_77266BEC-FAF2-40EE-8C14-2ADCBEADC5B8,TUNNEL_TEAM,na,na,AQUEDUCT,,PRIMARY
TEAMSWITCH,1,_658E4747-3531-436F-A2DE-080424A976F6,POTTER_TEAM,na,na,MOBILOIL,,PRIMARY
TEAMSWITCH,1,1781580E:RAR0046,RED MOUNTAIN_TEAM,na,na,CASITAS,,PRIMARY
TEAMSWITCH,1,1748960E:RCS5666,RED MOUNTAIN_TEAM,na,na,CASITAS,,PRIMARY
TEAMSWITCH,1,4622642E:RCS0514,RED MOUNTAIN_TEAM,na,na,CASITAS,,PRIMARY
TEAMSWITCH,1,1748957E:RCS0153,RED MOUNTAIN_TEAM,na,na,CASITAS,,PRIMARY
TEAMSWITCH,1,4840152E:RCS0681,RED MOUNTAIN_TEAM,na,na,CASITAS,,PRIMARY
TEAMSWITCH,1,1781557E:RCS3054,RED MOUNTAIN_TEAM,na,na,CASITAS,,PRIMARY
TEAMSWITCH,1,4973880E:RSR0272,RED MOUNTAIN_TEAM,na,na,CASITAS,,PRIMARY
TEAMSWITCH,1,1138762E:RSR0157,RED MOUNTAIN_TEAM,na,na,CASITAS,,PRIMARY
TEAMSWITCH,1,_02EF6EDA-CD9B-4D1E-A864-EF482E24FB92,RED MOUNTAIN_TEAM,na,na,CASITAS,,PRIMARY
TEAMSWITCH,1,803042E:RAR0475,ZONE_TEAM,na,na,MOORPARK,,PRIMARY
TEAMSWITCH,1,308294E:RAR2385,ZONE_TEAM,na,na,MOORPARK,,PRIMARY
TEAMSWITCH,1,4215744E:RCS0810,ZONE_TEAM,na,na,MOORPARK,,PRIMARY
TEAMSWITCH,1,1441491E:RCS2388,ZONE_TEAM,na,na,MOORPARK,,PRIMARY
TEAMSWITCH,1,4762268E:RCS2381,ZONE_TEAM,na,na,MOORPARK,,PRIMARY
TEAMSWITCH,1,1632902E:RCS3707,ZONE_TEAM,na,na,MOORPARK,,PRIMARY
TEAMSWITCH,1,5381305:RCS0156-1,ZONE_TEAM,na,na,MOORPARK,,PRIMARY
TEAMSWITCH,1,475269E:RCS2380,ZONE_TEAM,na,na,MOORPARK,,PRIMARY
TEAMSWITCH,1,4215712E:RCS0130,ZONE_TEAM,na,na,MOORPARK,,PRIMARY
TEAMSWITCH,1,1166628E:RSR1531,ZONE_TEAM,na,na,MOORPARK,,PRIMARY
TEAMSWITCH,1,2274217E:RSR1538,ZONE_TEAM,na,na,MOORPARK,,PRIMARY
TEAMSWITCH,1,_366BE6E9-A8D5-4CA0-9C69-D1CB75F5B569,ZONE_TEAM,na,na,MOORPARK,,PRIMARY
TEAMSWITCH,1,5367424:RCS7424-2,WILDWOOD_TEAM,na,na,NEWHALL,,PRIMARY
TEAMSWITCH,1,5367419:RCS7419-2,WILDWOOD_TEAM,na,na,NEWHALL,,PRIMARY
TEAMSWITCH,1,5346825:RCS6825-1,WILDWOOD_TEAM,na,na,NEWHALL,,PRIMARY
TEAMSWITCH,1,_EE6E281E-D005-4F8D-A9E9-46A5973BE11E,WILDWOOD_TEAM,na,na,NEWHALL,,PRIMARY
TEAMSWITCH,1,4101838E:RCS2150,CITROW_TEAM,na,na,DECLEZ,,PRIMARY
TEAMSWITCH,1,968540E:RCS0193,CITROW_TEAM,na,na,DECLEZ,,PRIMARY
TEAMSWITCH,1,4237200E:RCS2447,CITROW_TEAM,na,na,DECLEZ,,PRIMARY
TEAMSWITCH,1,_F7CCD313-B623-4A8A-A9E5-D0A687F42BF7,CITROW_TEAM,na,na,DECLEZ,,PRIMARY
TEAMSWITCH,1,_88739E4A-9F3D-40F2-9008-D2F253F0FE8C,THOMPSEN_TEAM,na,na,HIGHLAND,,PRIMARY
TEAMSWITCH,1,4797225E:RAR3570,CAIRNS_TEAM,na,na,LINDSAY,,PRIMARY
TEAMSWITCH,1,4400942E:RCS1985,CAIRNS_TEAM,na,na,LINDSAY,,PRIMARY
TEAMSWITCH,1,131802E:RCS1597,CAIRNS_TEAM,na,na,LINDSAY,,PRIMARY
TEAMSWITCH,1,765156E:RCS3722,CAIRNS_TEAM,na,na,LINDSAY,,PRIMARY
TEAMSWITCH,1,4256684E:RCS0140,CAIRNS_TEAM,na,na,LINDSAY,,PRIMARY
TEAMSWITCH,1,5647859:RCSG571-3,CAIRNS_TEAM,na,na,LINDSAY,,PRIMARY
TEAMSWITCH,1,5647860:RCSG572-3,CAIRNS_TEAM,na,na,LINDSAY,,PRIMARY
TEAMSWITCH,1,5647860:RCSG572-4,CAIRNS_TEAM,na,na,LINDSAY,,PRIMARY
TEAMSWITCH,1,_8FCA82A6-CEA4-4E07-BAB9-BB68A8EEFDF3,CAIRNS_TEAM,na,na,LINDSAY,,PRIMARY
TEAMSWITCH,1,2378017E:RCS0810,SPARLING_TEAM,na,na,TENNESSEE,,PRIMARY
TEAMSWITCH,1,981973E:RCS0355,SPARLING_TEAM,na,na,TENNESSEE,,PRIMARY
TEAMSWITCH,1,1164324E:RCS0440,SPARLING_TEAM,na,na,TENNESSEE,,PRIMARY
TEAMSWITCH,1,727397E:RCS0457,SPARLING_TEAM,na,na,TENNESSEE,,PRIMARY
TEAMSWITCH,1,4672455E:RSR1911,SPARLING_TEAM,na,na,TENNESSEE,,PRIMARY
TEAMSWITCH,1,4603547E:RSR0704,SPARLING_TEAM,na,na,TENNESSEE,,PRIMARY
TEAMSWITCH,1,1512172E:RSR0458,SPARLING_TEAM,na,na,TENNESSEE,,PRIMARY
TEAMSWITCH,1,_9F069041-679E-47D2-9257-51FF60EDB960,SPARLING_TEAM,na,na,TENNESSEE,,PRIMARY
TEAMSWITCH,1,4569625E:RCS0350,MOON_TEAM,na,na,WALTERIA,,PRIMARY
TEAMSWITCH,1,4439775E:RCS0527,MOON_TEAM,na,na,WALTERIA,,PRIMARY
TEAMSWITCH,1,_D45C7EBE-E96B-47D6-B8FC-7386095F678F,MOON_TEAM,na,na,WALTERIA,,PRIMARY
TEAMSWITCH,1,4804649E:RAR1207,DOMIC_TEAM,na,na,COLTON,,PRIMARY
TEAMSWITCH,1,4785396E:RCS0028,DOMIC_TEAM,na,na,COLTON,,PRIMARY
TEAMSWITCH,1,4260443E:RCS0416,DOMIC_TEAM,na,na,COLTON,,PRIMARY
TEAMSWITCH,1,1981330E:RCS0016,DOMIC_TEAM,na,na,COLTON,,PRIMARY
TEAMSWITCH,1,4691457E:RCS0467,DOMIC_TEAM,na,na,COLTON,,PRIMARY
TEAMSWITCH,1,1986205E:RCS2489,DOMIC_TEAM,na,na,COLTON,,PRIMARY
TEAMSWITCH,1,4310954E:RCS0997,DOMIC_TEAM,na,na,COLTON,,PRIMARY
TEAMSWITCH,1,4885351E:RCS0134,DOMIC_TEAM,na,na,COLTON,,PRIMARY
TEAMSWITCH,1,4102147E:RSR0278,DOMIC_TEAM,na,na,COLTON,,PRIMARY
TEAMSWITCH,1,_29075F7A-F2A7-44BC-94B7-DA0BF43ACCDF,DOMIC_TEAM,na,na,COLTON,,PRIMARY
TEAMSWITCH,1,5148135:RCS5489-3,FLYWHEEL_TEAM,na,na,DITMAR,,PRIMARY
TEAMSWITCH,1,1578582E:RCS0063,FLYWHEEL_TEAM,na,na,DITMAR,,PRIMARY
TEAMSWITCH,1,_D63AB2BA-185C-497F-94AD-2DE3DC6681C0,FLYWHEEL_TEAM,na,na,DITMAR,,PRIMARY
TEAMSWITCH,1,4858333E:RCS0207,MATEUS_TEAM,na,na,PEPPER,,PRIMARY
TEAMSWITCH,1,1652125E:RSR0210,MATEUS_TEAM,na,na,PEPPER,,PRIMARY
TEAMSWITCH,1,4308857E:RSR2265,MATEUS_TEAM,na,na,PEPPER,,PRIMARY
TEAMSWITCH,1,_D0C4D399-A3C1-4055-9577-FFF5F5C02594,MATEUS_TEAM,na,na,PEPPER,,PRIMARY
TEAMSWITCH,1,4907136E:RCS2114,GIZMO_TEAM,na,na,CHANNEL ISLANDS,,PRIMARY
TEAMSWITCH,1,1987831E:RCS2606,GIZMO_TEAM,na,na,CHANNEL ISLANDS,,PRIMARY
TEAMSWITCH,1,5473404:RCS1634-1,GIZMO_TEAM,na,na,CHANNEL ISLANDS,,PRIMARY
TEAMSWITCH,1,5019437:RCS1042-3,GIZMO_TEAM,na,na,CHANNEL ISLANDS,,PRIMARY
TEAMSWITCH,1,5019430:RCS1035-1,GIZMO_TEAM,na,na,CHANNEL ISLANDS,,PRIMARY
TEAMSWITCH,1,5019571:RCS1176-1,GIZMO_TEAM,na,na,CHANNEL ISLANDS,,PRIMARY
TEAMSWITCH,1,5020380:RCS2696-4_CS,GIZMO_TEAM,na,na,CHANNEL ISLANDS,,PRIMARY
TEAMSWITCH,1,_E13819B1-2E44-4EF2-A2FC-6A04336EA9EE,GIZMO_TEAM,na,na,CHANNEL ISLANDS,,PRIMARY
TEAMSWITCH,1,5035982E:RAR0106,BALSAM_TEAM,na,na,HESPERIA,,PRIMARY
TEAMSWITCH,1,4715121E:RCS0097,BALSAM_TEAM,na,na,HESPERIA,,PRIMARY
TEAMSWITCH,1,4773420E:RCS0690,BALSAM_TEAM,na,na,HESPERIA,,PRIMARY
TEAMSWITCH,1,4495065E:RCS0467,BALSAM_TEAM,na,na,HESPERIA,,PRIMARY
TEAMSWITCH,1,4135874E:RCS0859,BALSAM_TEAM,na,na,HESPERIA,,PRIMARY
TEAMSWITCH,1,_8BDA3D82-1FC0-44FB-9CCF-7CC491A4A1E0,BALSAM_TEAM,na,na,HESPERIA,,PRIMARY
TEAMSWITCH,1,4621066E:RCS2787,PLANO_TEAM,na,na,PORTERVILLE,,PRIMARY
TEAMSWITCH,1,5206302:RCS8674-3,PLANO_TEAM,na,na,PORTERVILLE,,PRIMARY
TEAMSWITCH,1,_69F84D5A-5DAD-4F24-A1B1-02DE4C8416A0,PLANO_TEAM,na,na,PORTERVILLE,,PRIMARY
TEAMSWITCH,1,2254703E:RCS0337,DIXON_TEAM,na,na,DECLEZ,,PRIMARY
TEAMSWITCH,1,5055116:RCS5330-1,DIXON_TEAM,na,na,DECLEZ,,PRIMARY
TEAMSWITCH,1,2202303E:RCS0363,DIXON_TEAM,na,na,DECLEZ,,PRIMARY
TEAMSWITCH,1,_9828CA79-32B6-4706-AB4B-1158DBEEA54B,DIXON_TEAM,na,na,DECLEZ,,PRIMARY
TEAMSWITCH,1,5309328:RCS5779-1_CS,COCHRAN_TEAM,na,na,ROYAL,,PRIMARY
TEAMSWITCH,1,_873C33D6-CAAD-485E-91DA-5152F2BF73AF,COCHRAN_TEAM,na,na,ROYAL,,PRIMARY
TEAMSWITCH,1,4722572E:RAR0531,TATANKA_TEAM,na,na,TATANKA PT,,PRIMARY
TEAMSWITCH,1,1372792E:RAR0461,TATANKA_TEAM,na,na,TATANKA PT,,PRIMARY
TEAMSWITCH,1,4416727E:RCS0514,TATANKA_TEAM,na,na,TATANKA PT,,PRIMARY
TEAMSWITCH,1,849703E:RCS0479,TATANKA_TEAM,na,na,TATANKA PT,,PRIMARY
TEAMSWITCH,1,7093:TATANKA P.T.-L1,TATANKA_TEAM,na,na,TATANKA PT,,PRIMARY
TEAMSWITCH,1,7093:TATANKA P.T.-H1,TATANKA_TEAM,na,na,TATANKA PT,,PRIMARY
TEAMSWITCH,1,4265720E:RAR0327,SEALS_TEAM,na,na,VICTORVILLE,,PRIMARY
TEAMSWITCH,1,4830763E:RAR1301,SEALS_TEAM,na,na,VICTORVILLE,,PRIMARY
TEAMSWITCH,1,2360853E:RAR0619,SEALS_TEAM,na,na,VICTORVILLE,,PRIMARY
TEAMSWITCH,1,4350502E:RCS0292,SEALS_TEAM,na,na,VICTORVILLE,,PRIMARY
TEAMSWITCH,1,4796007E:RSR0590,SEALS_TEAM,na,na,VICTORVILLE,,PRIMARY
TEAMSWITCH,1,_0215913C-21E4-489C-AE3B-EEFE2A46A868,SEALS_TEAM,na,na,VICTORVILLE,,PRIMARY
TEAMSWITCH,1,1589370E:RCS0041,ALASKA_TEAM,na,na,YUKON,,PRIMARY
TEAMSWITCH,1,93158M:RCS0348,ALASKA_TEAM,na,na,YUKON,,PRIMARY
TEAMSWITCH,1,1265799E:RSR0287,ALASKA_TEAM,na,na,YUKON,,PRIMARY
TEAMSWITCH,1,_702AD369-3E08-482B-B884-82BD041008A0,ALASKA_TEAM,na,na,YUKON,,PRIMARY
TEAMSWITCH,1,_64944108-426B-495C-B072-D9B20A2199A4,ALASKA_TEAM,na,na,YUKON,,PRIMARY
TEAMSWITCH,1,887157E:RAR0255,TIMBER CANYON_TEAM,na,na,FILLMORE,,PRIMARY
TEAMSWITCH,1,4297969E:RCS1064,TIMBER CANYON_TEAM,na,na,FILLMORE,,PRIMARY
TEAMSWITCH,1,749121E:RCS1535,TIMBER CANYON_TEAM,na,na,FILLMORE,,PRIMARY
TEAMSWITCH,1,1055037E:RCS1254,TIMBER CANYON_TEAM,na,na,FILLMORE,,PRIMARY
TEAMSWITCH,1,881219E:RCS3140,TIMBER CANYON_TEAM,na,na,FILLMORE,,PRIMARY
TEAMSWITCH,1,1702839E:RCS1104,TIMBER CANYON_TEAM,na,na,FILLMORE,,PRIMARY
TEAMSWITCH,1,1130848E:RSR1111,TIMBER CANYON_TEAM,na,na,FILLMORE,,PRIMARY
TEAMSWITCH,1,_FEC0EFC1-1FD5-4571-8024-0F4657B360D3,TIMBER CANYON_TEAM,na,na,FILLMORE,,PRIMARY
TEAMSWITCH,1,4650513E:RAR0672,FLYCATCHER_TEAM,na,na,ISABELLA,,PRIMARY
TEAMSWITCH,1,4389208E:RAR0658,FLYCATCHER_TEAM,na,na,ISABELLA,,PRIMARY
TEAMSWITCH,1,1170207E:RCS0633,FLYCATCHER_TEAM,na,na,ISABELLA,,PRIMARY
TEAMSWITCH,1,1494448E:RCS0856,FLYCATCHER_TEAM,na,na,ISABELLA,,PRIMARY
TEAMSWITCH,1,_8A35B44A-2E63-4E40-8404-D57EEF863E39,FLYCATCHER_TEAM,na,na,ISABELLA,,PRIMARY
TEAMSWITCH,1,4611198E:RCS7126,ARMOUR_TEAM,na,na,MONTECITO,,PRIMARY
TEAMSWITCH,1,4611185E:RCS7135,ARMOUR_TEAM,na,na,MONTECITO,,PRIMARY
TEAMSWITCH,1,_B3720368-0D04-45F4-8D90-D0DECC13E357,ARMOUR_TEAM,na,na,MONTECITO,,PRIMARY
TEAMSWITCH,1,5040338:RCS0908-1,TUNA_TEAM,na,na,TAPIA,,PRIMARY
TEAMSWITCH,1,5642035:RCS2035-2,TUNA_TEAM,na,na,TAPIA,,PRIMARY
TEAMSWITCH,1,_E5747B5E-EAF1-449C-8B8D-B661EE3E7CEA,TUNA_TEAM,na,na,TAPIA,,PRIMARY
TEAMSWITCH,1,_24337CC6-7462-42E8-90CB-774C374D3FB7,TUNA_TEAM,na,na,TAPIA,,PRIMARY
TEAMSWITCH,1,1430450E:RCS1093,GERONA_TEAM,na,na,ROSEMEAD,,PRIMARY
TEAMSWITCH,1,1551567E:RCS1589,GERONA_TEAM,na,na,ROSEMEAD,,PRIMARY
TEAMSWITCH,1,5003635:RCS0647-2,GERONA_TEAM,na,na,ROSEMEAD,,PRIMARY
TEAMSWITCH,1,1551584E:RCS8091,GERONA_TEAM,na,na,ROSEMEAD,,PRIMARY
TEAMSWITCH,1,_1EDA5C64-7414-4979-A473-F7DCB54689BB,GERONA_TEAM,na,na,ROSEMEAD,,PRIMARY
TEAMSWITCH,1,101204E:RCS0184,CANET_TEAM,na,na,CASITAS,,PRIMARY
TEAMSWITCH,1,5499937:RCS4272-1,CANET_TEAM,na,na,CASITAS,,PRIMARY
TEAMSWITCH,1,1477452E:RCS1144,CANET_TEAM,na,na,CASITAS,,PRIMARY
TEAMSWITCH,1,_6FABAC36-5D4A-46A8-A101-68DBB888B8F5,CANET_TEAM,na,na,CASITAS,,PRIMARY
TEAMSWITCH,1,4815017E:RCS0216,GENERAL PETROLEUM_TEAM,na,na,LA FRESA,,PRIMARY
TEAMSWITCH,1,5148553:RCS6541-4,GENERAL PETROLEUM_TEAM,na,na,LA FRESA,,PRIMARY
TEAMSWITCH,1,_A0D5EC36-C557-42AD-B793-3CDBF0B2BE0E,GENERAL PETROLEUM_TEAM,na,na,LA FRESA,,PRIMARY
TEAMSWITCH,1,_036029A0-4235-434B-A2D7-118A8AB18457,GENERAL PETROLEUM_TEAM,na,na,LA FRESA,,PRIMARY
TEAMSWITCH,1,982899E:RCS0385,LYNNE_TEAM,na,na,LARK ELLEN,,PRIMARY
TEAMSWITCH,1,2284565E:RCS4750,LYNNE_TEAM,na,na,LARK ELLEN,,PRIMARY
TEAMSWITCH,1,4975249E:RSR8571,LYNNE_TEAM,na,na,LARK ELLEN,,PRIMARY
TEAMSWITCH,1,_8E52819B-07D9-4CD6-B37D-C4FA7ED9A51E,LYNNE_TEAM,na,na,LARK ELLEN,,PRIMARY
TEAMSWITCH,1,4244907E:RAR0752,ENCHANTED_TEAM,na,na,ROYAL,,PRIMARY
TEAMSWITCH,1,1943748E:RCS0087,ENCHANTED_TEAM,na,na,ROYAL,,PRIMARY
TEAMSWITCH,1,5371619:RCS0113-1,ENCHANTED_TEAM,na,na,ROYAL,,PRIMARY
TEAMSWITCH,1,5309330:RCS5778-4,ENCHANTED_TEAM,na,na,ROYAL,,PRIMARY
TEAMSWITCH,1,5309332:RCS0653-1_CS,ENCHANTED_TEAM,na,na,ROYAL,,PRIMARY
TEAMSWITCH,1,5309328:RCS1388-4_CS,ENCHANTED_TEAM,na,na,ROYAL,,PRIMARY
TEAMSWITCH,1,_DFCE9EEF-F51D-4464-931C-F57C1D0AB28C,ENCHANTED_TEAM,na,na,ROYAL,,PRIMARY
TEAMSWITCH,1,4662723E:RAR0226,GREASEWOOD_TEAM,na,na,CALCITY,,PRIMARY
TEAMSWITCH,1,4661597E:RCS0196,GREASEWOOD_TEAM,na,na,CALCITY,,PRIMARY
TEAMSWITCH,1,4705953E:RCS0400,GREASEWOOD_TEAM,na,na,CALCITY,,PRIMARY
TEAMSWITCH,1,4705995E:RCS0818,GREASEWOOD_TEAM,na,na,CALCITY,,PRIMARY
TEAMSWITCH,1,4705996E:RCS0819,GREASEWOOD_TEAM,na,na,CALCITY,,PRIMARY
TEAMSWITCH,1,246344S:RCS0419,GREASEWOOD_TEAM,na,na,CALCITY,,PRIMARY
TEAMSWITCH,1,1849577E:RCS0299,GREASEWOOD_TEAM,na,na,CALCITY,,PRIMARY
TEAMSWITCH,1,2055634E:RCS0203,GREASEWOOD_TEAM,na,na,CALCITY,,PRIMARY
TEAMSWITCH,1,4739380E:RSR0894,GREASEWOOD_TEAM,na,na,CALCITY,,PRIMARY
TEAMSWITCH,1,4973005E:RSR0720,GREASEWOOD_TEAM,na,na,CALCITY,,PRIMARY
TEAMSWITCH,1,_77E10021-D65F-4904-B091-2DFD6EA08952,GREASEWOOD_TEAM,na,na,CALCITY,,PRIMARY
TEAMSWITCH,1,_B94F011B-945C-43E4-B7E5-144F5F734F9D,CHINOOK_TEAM,na,na,BREEZE,,PRIMARY
TEAMSWITCH,1,4180731E:RCS0604,TEE VEE_TEAM,na,na,HAVILAH,,PRIMARY
TEAMSWITCH,1,4648498E:RSR0603,TEE VEE_TEAM,na,na,HAVILAH,,PRIMARY
TEAMSWITCH,1,_C6C4EC77-EF03-4124-80AD-C3CEC559802C,TEE VEE_TEAM,na,na,HAVILAH,,PRIMARY
TEAMSWITCH,1,5158381:RCS8381-4,DROID_TEAM,na,na,SHUTTLE,,PRIMARY
TEAMSWITCH,1,5321727:RCS0227-4_CS,DROID_TEAM,na,na,SHUTTLE,,PRIMARY
TEAMSWITCH,1,4090390E:RSR2168,DROID_TEAM,na,na,SHUTTLE,,PRIMARY
TEAMSWITCH,1,_6B2A9DB2-D2FA-4650-955F-8D9901992D93,DROID_TEAM,na,na,SHUTTLE,,PRIMARY
TEAMSWITCH,1,770608E:RCS4427,MESMER_TEAM,na,na,CULVER,,PRIMARY
TEAMSWITCH,1,885511E:RCS0264,MESMER_TEAM,na,na,CULVER,,PRIMARY
TEAMSWITCH,1,915013E:RCS0682,MESMER_TEAM,na,na,CULVER,,PRIMARY
TEAMSWITCH,1,_4EDB701E-DFE3-4B9A-83A4-942B11D66260,MESMER_TEAM,na,na,CULVER,,PRIMARY
TEAMSWITCH,1,869049E:RCS0356,GIRDER_TEAM,na,na,BRIDGE,,PRIMARY
TEAMSWITCH,1,1458083E:RCS0410,GIRDER_TEAM,na,na,BRIDGE,,PRIMARY
TEAMSWITCH,1,_516C275B-4BC3-43D1-9FCB-4DFA7A25072F,GIRDER_TEAM,na,na,BRIDGE,,PRIMARY
TEAMSWITCH,1,1147157E:RAR3502,VANGUARD_TEAM,na,na,ESTERO,,PRIMARY
TEAMSWITCH,1,_A420E247-C986-4A3C-AF31-418B1D4D1E4B,VANGUARD_TEAM,na,na,ESTERO,,PRIMARY
TEAMSWITCH,1,875231E:RAR6468,CONLEY_TEAM,na,na,CORUM,,PRIMARY
TEAMSWITCH,1,875152E:RCS0901,CONLEY_TEAM,na,na,CORUM,,PRIMARY
TEAMSWITCH,1,1354879E:RCS1058,CONLEY_TEAM,na,na,CORUM,,PRIMARY
TEAMSWITCH,1,_3CB5A6EE-6CDE-40CF-974E-04179E69CC16,CONLEY_TEAM,na,na,CORUM,,PRIMARY
TEAMSWITCH,1,5466739:RCS5102-3,ALSTOT_TEAM,na,na,ARCHLINE,,PRIMARY
TEAMSWITCH,1,5466739:RCS5102-1,ALSTOT_TEAM,na,na,ARCHLINE,,PRIMARY
TEAMSWITCH,1,_0D2A745F-CA6A-4A35-9F7C-ADE010578643,ALSTOT_TEAM,na,na,ARCHLINE,,PRIMARY
TEAMSWITCH,1,1372455E:RAR0067,TECOLOTE_TEAM,na,na,VEGAS,,PRIMARY
TEAMSWITCH,1,4915635E:RAR0537,TECOLOTE_TEAM,na,na,VEGAS,,PRIMARY
TEAMSWITCH,1,4041968E:RCS0046,TECOLOTE_TEAM,na,na,VEGAS,,PRIMARY
TEAMSWITCH,1,1372249E:RCS3001,TECOLOTE_TEAM,na,na,VEGAS,,PRIMARY
TEAMSWITCH,1,1665410E:RCS0520,TECOLOTE_TEAM,na,na,VEGAS,,PRIMARY
TEAMSWITCH,1,1345383E:RSR9563,TECOLOTE_TEAM,na,na,VEGAS,,PRIMARY
TEAMSWITCH,1,1133473E:RSR1573,TECOLOTE_TEAM,na,na,VEGAS,,PRIMARY
TEAMSWITCH,1,_F8A369CB-B223-4075-942A-5916216E033F,TECOLOTE_TEAM,na,na,VEGAS,,PRIMARY
TEAMSWITCH,1,1871212E:RCS0316,TAMBOURINE_TEAM,na,na,ELIZABETH LAKE,,PRIMARY
TEAMSWITCH,1,4393756E:RCS0537,TAMBOURINE_TEAM,na,na,ELIZABETH LAKE,,PRIMARY
TEAMSWITCH,1,4510537E:RCS0343,TAMBOURINE_TEAM,na,na,ELIZABETH LAKE,,PRIMARY
TEAMSWITCH,1,4538294E:RCS5088,TAMBOURINE_TEAM,na,na,ELIZABETH LAKE,,PRIMARY
TEAMSWITCH,1,4539102E:RCS1654,TAMBOURINE_TEAM,na,na,ELIZABETH LAKE,,PRIMARY
TEAMSWITCH,1,5373718:RCS3718-4,TAMBOURINE_TEAM,na,na,ELIZABETH LAKE,,PRIMARY
TEAMSWITCH,1,4388332E:RCS1890,TAMBOURINE_TEAM,na,na,ELIZABETH LAKE,,PRIMARY
TEAMSWITCH,1,5580541:RCS0541-1,TAMBOURINE_TEAM,na,na,ELIZABETH LAKE,,PRIMARY
TEAMSWITCH,1,5373713:RCS3713-2,TAMBOURINE_TEAM,na,na,ELIZABETH LAKE,,PRIMARY
TEAMSWITCH,1,1753812E:RSR0436,TAMBOURINE_TEAM,na,na,ELIZABETH LAKE,,PRIMARY
TEAMSWITCH,1,_144BE4B1-7582-45EE-91BC-A3AD1916F031,TAMBOURINE_TEAM,na,na,ELIZABETH LAKE,,PRIMARY
TEAMSWITCH,1,5140231:RCS1204-1,NOMAD_TEAM,na,na,COLORADO,,PRIMARY
TEAMSWITCH,1,5140231:RCS1204-5,NOMAD_TEAM,na,na,COLORADO,,PRIMARY
TEAMSWITCH,1,_FBE7DF2E-F4EA-4ECA-B517-3532A46C6F57,NOMAD_TEAM,na,na,COLORADO,,PRIMARY
TEAMSWITCH,1,1897417E:RAR0642,BOXCAR_TEAM,na,na,GOLDTOWN,,PRIMARY
TEAMSWITCH,1,4782958E:RAR0650,BOXCAR_TEAM,na,na,GOLDTOWN,,PRIMARY
TEAMSWITCH,1,1161123E:RCS0536,BOXCAR_TEAM,na,na,GOLDTOWN,,PRIMARY
TEAMSWITCH,1,1191292E:RCS0643,BOXCAR_TEAM,na,na,GOLDTOWN,,PRIMARY
TEAMSWITCH,1,4830904E:RSR5543,BOXCAR_TEAM,na,na,GOLDTOWN,,PRIMARY
TEAMSWITCH,1,_9AC90087-A256-4DB6-9741-74680AEB616E,BOXCAR_TEAM,na,na,GOLDTOWN,,PRIMARY
TEAMSWITCH,1,5309824:RCS5622-1,SELLERS_TEAM,na,na,ETIWANDA,,PRIMARY
TEAMSWITCH,1,5309816:RCS4149-2,SELLERS_TEAM,na,na,ETIWANDA,,PRIMARY
TEAMSWITCH,1,5536858:RCS5610-1,SELLERS_TEAM,na,na,ETIWANDA,,PRIMARY
TEAMSWITCH,1,_AA121469-7289-495D-ABD3-BEAA963E22A5,SELLERS_TEAM,na,na,ETIWANDA,,PRIMARY
TEAMSWITCH,1,4561764E:RCS2067,TRAPP_TEAM,na,na,ALDER,,PRIMARY
TEAMSWITCH,1,5582247:RCS5639-1,TRAPP_TEAM,na,na,ALDER,,PRIMARY
TEAMSWITCH,1,_6E8F2BD5-6016-49EF-8E2D-69FAE5257C0D,TRAPP_TEAM,na,na,ALDER,,PRIMARY
TEAMSWITCH,1,2179430E:RAR0158,SHEEP_TEAM,na,na,CANTIL,,PRIMARY
TEAMSWITCH,1,2172951E:RAR0356,SHEEP_TEAM,na,na,CANTIL,,PRIMARY
TEAMSWITCH,1,1778258E:RCS0159,SHEEP_TEAM,na,na,CANTIL,,PRIMARY
TEAMSWITCH,1,2179432E:RCS0241,SHEEP_TEAM,na,na,CANTIL,,PRIMARY
TEAMSWITCH,1,_D588A706-E571-45AC-9FFD-C87F5739A3A5,SHEEP_TEAM,na,na,CANTIL,,PRIMARY
TEAMSWITCH,1,2247258E:RCS0697,KATHLEEN_TEAM,na,na,FELTON,,PRIMARY
TEAMSWITCH,1,_47600668-4D37-4BFA-A084-A8E46495BF48,KATHLEEN_TEAM,na,na,FELTON,,PRIMARY
TEAMSWITCH,1,1243657E:RCS0772,BRONCO_TEAM,na,na,NARROWS,,PRIMARY
TEAMSWITCH,1,1052182E:RCS0531,BRONCO_TEAM,na,na,NARROWS,,PRIMARY
TEAMSWITCH,1,1243647E:RCS0192,BRONCO_TEAM,na,na,NARROWS,,PRIMARY
TEAMSWITCH,1,5203613:RCS1083-4,BRONCO_TEAM,na,na,NARROWS,,PRIMARY
TEAMSWITCH,1,5163913:RCS0704-1_CS,BRONCO_TEAM,na,na,NARROWS,,PRIMARY
TEAMSWITCH,1,5203497:RCS1068-2_CS,BRONCO_TEAM,na,na,NARROWS,,PRIMARY
TEAMSWITCH,1,1131829E:RCS1787,BRONCO_TEAM,na,na,NARROWS,,PRIMARY
TEAMSWITCH,1,249961E:RSR1780,BRONCO_TEAM,na,na,NARROWS,,PRIMARY
TEAMSWITCH,1,1914099E:RSR1781,BRONCO_TEAM,na,na,NARROWS,,PRIMARY
TEAMSWITCH,1,_416C3F8C-A8F3-4A76-B0A8-2A2D8AF86F10,BRONCO_TEAM,na,na,NARROWS,,PRIMARY
TEAMSWITCH,1,817040E:RCS0086,SURGEON_TEAM,na,na,TIMOTEO,,PRIMARY
TEAMSWITCH,1,1071229E:RCS0367,SURGEON_TEAM,na,na,TIMOTEO,,PRIMARY
TEAMSWITCH,1,_B3CBE9B3-9149-420F-B662-46F8B8FB2FCE,SURGEON_TEAM,na,na,TIMOTEO,,PRIMARY
TEAMSWITCH,1,4308475E:RCS0361,BOMBAY_TEAM,na,na,BLOOMINGTON,,PRIMARY
TEAMSWITCH,1,5598917:RCS5543-1,BOMBAY_TEAM,na,na,BLOOMINGTON,,PRIMARY
TEAMSWITCH,1,_3E85F39D-E5A5-4389-B97F-EC3ADE0562F5,BOMBAY_TEAM,na,na,BLOOMINGTON,,PRIMARY
TEAMSWITCH,1,686729E:RCS2147,ZENDA_TEAM,na,na,LORAINE,,PRIMARY
TEAMSWITCH,1,686514E:RCS2146,ZENDA_TEAM,na,na,LORAINE,,PRIMARY
TEAMSWITCH,1,1524548E:RAR0063,DRISKILL_TEAM,na,na,SAN MARCOS,,PRIMARY
TEAMSWITCH,1,1082245E:RAR3405,DRISKILL_TEAM,na,na,SAN MARCOS,,PRIMARY
TEAMSWITCH,1,1675630E:RAR0654,DRISKILL_TEAM,na,na,SAN MARCOS,,PRIMARY
TEAMSWITCH,1,1643318E:RAR3883,DRISKILL_TEAM,na,na,SAN MARCOS,,PRIMARY
TEAMSWITCH,1,4692372E:RCS0036,DRISKILL_TEAM,na,na,SAN MARCOS,,PRIMARY
TEAMSWITCH,1,1523561E:RCS1582,DRISKILL_TEAM,na,na,SAN MARCOS,,PRIMARY
TEAMSWITCH,1,4722571E:RCS0659,DRISKILL_TEAM,na,na,SAN MARCOS,,PRIMARY
TEAMSWITCH,1,4262746E:RCS0381,DRISKILL_TEAM,na,na,SAN MARCOS,,PRIMARY
TEAMSWITCH,1,1829098E:RCS0731,DRISKILL_TEAM,na,na,SAN MARCOS,,PRIMARY
TEAMSWITCH,1,5394854:RCS0627-1,DRISKILL_TEAM,na,na,SAN MARCOS,,PRIMARY
TEAMSWITCH,1,4754467E:RSR0394,DRISKILL_TEAM,na,na,SAN MARCOS,,PRIMARY
TEAMSWITCH,1,1665190E:RSR0391,DRISKILL_TEAM,na,na,SAN MARCOS,,PRIMARY
TEAMSWITCH,1,4692373E:RSR0392,DRISKILL_TEAM,na,na,SAN MARCOS,,PRIMARY
TEAMSWITCH,1,_3B588122-5B29-4576-B8FE-B9B80E47176D,DRISKILL_TEAM,na,na,SAN MARCOS,,PRIMARY
TEAMSWITCH,1,1349133E:RAR0358,WESTON_TEAM,na,na,EARLIMART,,PRIMARY
TEAMSWITCH,1,1078786E:RAR3630,WESTON_TEAM,na,na,EARLIMART,,PRIMARY
TEAMSWITCH,1,525302E:RCS1994,WESTON_TEAM,na,na,EARLIMART,,PRIMARY
TEAMSWITCH,1,4067211E:RCS1840,WESTON_TEAM,na,na,EARLIMART,,PRIMARY
TEAMSWITCH,1,_198BEBB3-DF3D-40FF-811D-EAF583772CB9,WESTON_TEAM,na,na,EARLIMART,,PRIMARY
TEAMSWITCH,1,4413391E:RAR1098,CUDDEBACK_TEAM,na,na,CUMMINGS,,PRIMARY
TEAMSWITCH,1,4205600E:RAR2234,CUDDEBACK_TEAM,na,na,CUMMINGS,,PRIMARY
TEAMSWITCH,1,553711E:RCS0140,CUDDEBACK_TEAM,na,na,CUMMINGS,,PRIMARY
TEAMSWITCH,1,4901205E:RSR0479,CUDDEBACK_TEAM,na,na,CUMMINGS,,PRIMARY
TEAMSWITCH,1,_04637BC2-7CE9-4F8B-B1D2-C43CCF05C1AA,CUDDEBACK_TEAM,na,na,CUMMINGS,,PRIMARY
TEAMSWITCH,1,_06825BC6-14FB-42CF-B280-FEF44306CD86,ZUNI_TEAM,na,na,VICTOR,,PRIMARY
TEAMSWITCH,1,1790584E:RCS0227,MISSION_TEAM,na,na,SAN FERNANDO,,PRIMARY
TEAMSWITCH,1,1635880E:RCS0449,MISSION_TEAM,na,na,SAN FERNANDO,,PRIMARY
TEAMSWITCH,1,102232E:RCS0065,MISSION_TEAM,na,na,SAN FERNANDO,,PRIMARY
TEAMSWITCH,1,1383199E:RCS0477,MISSION_TEAM,na,na,SAN FERNANDO,,PRIMARY
TEAMSWITCH,1,4548975E:RCS2400,MISSION_TEAM,na,na,SAN FERNANDO,,PRIMARY
TEAMSWITCH,1,4789819E:RCS4085,MISSION_TEAM,na,na,SAN FERNANDO,,PRIMARY
TEAMSWITCH,1,1362911E:RCS8372,MISSION_TEAM,na,na,SAN FERNANDO,,PRIMARY
TEAMSWITCH,1,_FF75BE57-CC21-48BC-B70F-B77E02A5A63E,MISSION_TEAM,na,na,SAN FERNANDO,,PRIMARY
TEAMSWITCH,1,4937531E:RAR1086,BALCHEN_TEAM,na,na,EDWARDS,,PRIMARY
TEAMSWITCH,1,1849004E:RCS1021,BALCHEN_TEAM,na,na,EDWARDS,,PRIMARY
TEAMSWITCH,1,4961007E:RSR1024,BALCHEN_TEAM,na,na,EDWARDS,,PRIMARY
TEAMSWITCH,1,4937528E:RSR1085,BALCHEN_TEAM,na,na,EDWARDS,,PRIMARY
TEAMSWITCH,1,4937475E:RSR1027,BALCHEN_TEAM,na,na,EDWARDS,,PRIMARY
TEAMSWITCH,1,_7B721639-204B-4935-91A8-84C92C35BA18,BALCHEN_TEAM,na,na,EDWARDS,,PRIMARY
TEAMSWITCH,1,4452574E:RCS1907,DEL REY_TEAM,na,na,PLAYA,,PRIMARY
TEAMSWITCH,1,1082382E:RCS0467,DEL REY_TEAM,na,na,PLAYA,,PRIMARY
TEAMSWITCH,1,_F40DFD8B-4DC9-429C-AC79-7F65F826F796,DEL REY_TEAM,na,na,PLAYA,,PRIMARY
TEAMSWITCH,1,_204DECAD-A386-4DAF-A536-DB69A1AC6949,EZRA_TEAM,na,na,BRIDGE,,PRIMARY
TEAMSWITCH,1,1081796E:RCS0507,EMPIRE_TEAM,na,na,SAN MARCOS,,PRIMARY
TEAMSWITCH,1,1081777E:RCS3118,EMPIRE_TEAM,na,na,SAN MARCOS,,PRIMARY
TEAMSWITCH,1,1674967E:RSR3419,EMPIRE_TEAM,na,na,SAN MARCOS,,PRIMARY
TEAMSWITCH,1,4371715E:RSR0709,EMPIRE_TEAM,na,na,SAN MARCOS,,PRIMARY
TEAMSWITCH,1,_63F8238B-D32F-4F19-A705-5EF8295A2D8D,EMPIRE_TEAM,na,na,SAN MARCOS,,PRIMARY
TEAMSWITCH,1,1848219E:RAR0102,SHOVEL_TEAM,na,na,ACTON,,PRIMARY
TEAMSWITCH,1,4781277E:RAR3431,SHOVEL_TEAM,na,na,ACTON,,PRIMARY
TEAMSWITCH,1,4079159E:RAR0419,SHOVEL_TEAM,na,na,ACTON,,PRIMARY
TEAMSWITCH,1,1186907E:RCS0621,SHOVEL_TEAM,na,na,ACTON,,PRIMARY
TEAMSWITCH,1,4862924E:RSR0245,SHOVEL_TEAM,na,na,ACTON,,PRIMARY
TEAMSWITCH,1,1408077E:RSR0408,SHOVEL_TEAM,na,na,ACTON,,PRIMARY
TEAMSWITCH,1,4261702E:RSR0616,SHOVEL_TEAM,na,na,ACTON,,PRIMARY
TEAMSWITCH,1,_E00408DA-3CFF-4CF4-91D3-6E3DBF0F4C84,SHOVEL_TEAM,na,na,ACTON,,PRIMARY
TEAMSWITCH,1,_23EC3C3B-A6F6-4904-AA05-8788BDBEB3DD,MILLER_TEAM,na,na,WALTERIA,,PRIMARY
TEAMSWITCH,1,4073717E:RAR0366,KEEFER_TEAM,na,na,QUARTZ HILL,,PRIMARY
TEAMSWITCH,1,4141197E:RCS1529,KEEFER_TEAM,na,na,QUARTZ HILL,,PRIMARY
TEAMSWITCH,1,2287996E:RCS2034,KEEFER_TEAM,na,na,QUARTZ HILL,,PRIMARY
TEAMSWITCH,1,4093507E:RCS1506,KEEFER_TEAM,na,na,QUARTZ HILL,,PRIMARY
TEAMSWITCH,1,5488557:RCS8557-1,KEEFER_TEAM,na,na,QUARTZ HILL,,PRIMARY
TEAMSWITCH,1,_4D6512C7-D6E8-46D2-B1E7-969F7FA06A29,KEEFER_TEAM,na,na,QUARTZ HILL,,PRIMARY
TEAMSWITCH,1,5509148:RCS6254-2,ADAK_TEAM,na,na,YUKON,,PRIMARY
TEAMSWITCH,1,_1043978C-B97A-4639-847F-3C5F177240C4,ADAK_TEAM,na,na,YUKON,,PRIMARY
TEAMSWITCH,1,_81427524-392F-4B72-8FCD-E959078F8525,ADAK_TEAM,na,na,YUKON,,PRIMARY
TEAMSWITCH,1,_D0BE12C1-7C85-419B-B2D8-916DE68F5AED,BURLEIGH_TEAM,na,na,YUKON,,PRIMARY
TEAMSWITCH,1,4012451E:RCS1051,VALENTE_TEAM,na,na,DELANO,,PRIMARY
TEAMSWITCH,1,4695461E:RCS1662,VALENTE_TEAM,na,na,DELANO,,PRIMARY
TEAMSWITCH,1,1637620E:RCS2379,VALENTE_TEAM,na,na,DELANO,,PRIMARY
TEAMSWITCH,1,5633679:RCS8922-2_CS,VALENTE_TEAM,na,na,DELANO,,PRIMARY
TEAMSWITCH,1,4012494E:RSR1363,VALENTE_TEAM,na,na,DELANO,,PRIMARY
TEAMSWITCH,1,_858DB886-DFDE-4FB9-B5ED-DADD9BA6D078,VALENTE_TEAM,na,na,DELANO,,PRIMARY
TEAMSWITCH,1,802031E:RCS0547,ZION_TEAM,na,na,TERRA BELLA,,PRIMARY
TEAMSWITCH,1,4592904E:RCS0129,ZION_TEAM,na,na,TERRA BELLA,,PRIMARY
TEAMSWITCH,1,4866311E:RCS5834,ZION_TEAM,na,na,TERRA BELLA,,PRIMARY
TEAMSWITCH,1,_39638D08-2594-40F2-9378-800D78B2AA41,ZION_TEAM,na,na,TERRA BELLA,,PRIMARY
TEAMSWITCH,1,1196802E:RCS1239,PECOS_TEAM,na,na,RIO HONDO,,PRIMARY
TEAMSWITCH,1,1636128E:RCS1465,PECOS_TEAM,na,na,RIO HONDO,,PRIMARY
TEAMSWITCH,1,5463848:RCS9581-3,PECOS_TEAM,na,na,RIO HONDO,,PRIMARY
TEAMSWITCH,1,5358314:RCS0404-5_CS,PECOS_TEAM,na,na,RIO HONDO,,PRIMARY
TEAMSWITCH,1,4593630E:RSR2075,PECOS_TEAM,na,na,RIO HONDO,,PRIMARY
TEAMSWITCH,1,1330170E:RSR1585,PECOS_TEAM,na,na,RIO HONDO,,PRIMARY
TEAMSWITCH,1,1739294E:RSR1895,PECOS_TEAM,na,na,RIO HONDO,,PRIMARY
TEAMSWITCH,1,4681270E:RSR1726,PECOS_TEAM,na,na,RIO HONDO,,PRIMARY
TEAMSWITCH,1,_4E00A5FD-0A39-4D8F-BE89-5BE7FE50576E,PECOS_TEAM,na,na,RIO HONDO,,PRIMARY
TEAMSWITCH,1,5395847:RCS5847-2,ASHBERRY_TEAM,na,na,ANAVERDE,,PRIMARY
TEAMSWITCH,1,5567731:RCS7731-1,ASHBERRY_TEAM,na,na,ANAVERDE,,PRIMARY
TEAMSWITCH,1,5602541:RCS2541-3,ASHBERRY_TEAM,na,na,ANAVERDE,,PRIMARY
TEAMSWITCH,1,5602541:RCS2541-4,ASHBERRY_TEAM,na,na,ANAVERDE,,PRIMARY
TEAMSWITCH,1,_8C235F1C-EE58-497E-9E77-8D05D8FE0F2D,ASHBERRY_TEAM,na,na,ANAVERDE,,PRIMARY
TEAMSWITCH,1,_4453A785-7C5E-4689-ABD9-A0960A44E273,LAGER_TEAM,na,na,DALTON,,PRIMARY
TEAMSWITCH,1,4389088E:RAR0671,MOYNIER_TEAM,na,na,MOYNIER PT,,PRIMARY
TEAMSWITCH,1,7536:MOYNIER P.T.-L1,MOYNIER_TEAM,na,na,MOYNIER PT,,PRIMARY
TEAMSWITCH,1,7536:MOYNIER P.T.-H1,MOYNIER_TEAM,na,na,MOYNIER PT,,PRIMARY
TEAMSWITCH,1,4441985E:RAR1360,MORGANSTEIN_TEAM,na,na,MOORPARK,,PRIMARY
TEAMSWITCH,1,4375588E:RAR5448,MORGANSTEIN_TEAM,na,na,MOORPARK,,PRIMARY
TEAMSWITCH,1,4432375E:RCS4019,MORGANSTEIN_TEAM,na,na,MOORPARK,,PRIMARY
TEAMSWITCH,1,4194265E:RCS0506,MORGANSTEIN_TEAM,na,na,MOORPARK,,PRIMARY
TEAMSWITCH,1,2115955E:RCS0815,MORGANSTEIN_TEAM,na,na,MOORPARK,,PRIMARY
TEAMSWITCH,1,5188917:RCS4029-1,MORGANSTEIN_TEAM,na,na,MOORPARK,,PRIMARY
TEAMSWITCH,1,1539445E:RCS0128,MORGANSTEIN_TEAM,na,na,MOORPARK,,PRIMARY
TEAMSWITCH,1,4761814E:RCS0471,MORGANSTEIN_TEAM,na,na,MOORPARK,,PRIMARY
TEAMSWITCH,1,4215712E:RCS0130,MORGANSTEIN_TEAM,na,na,MOORPARK,,PRIMARY
TEAMSWITCH,1,5311352:RCS5815-2_CS,MORGANSTEIN_TEAM,na,na,MOORPARK,,PRIMARY
TEAMSWITCH,1,_C6007BF0-5FE7-416A-B19E-4C26AD002915,MORGANSTEIN_TEAM,na,na,MOORPARK,,PRIMARY
TEAMSWITCH,1,2318511E:RCS0524,ZEPHER_TEAM,na,na,WALTERIA,,PRIMARY
TEAMSWITCH,1,5557311:RCS6361-1,ZEPHER_TEAM,na,na,WALTERIA,,PRIMARY
TEAMSWITCH,1,1701995E:RSR0390,ZEPHER_TEAM,na,na,WALTERIA,,PRIMARY
TEAMSWITCH,1,_936504D7-C4E2-4FD2-8313-DA39854B4DE4,ZEPHER_TEAM,na,na,WALTERIA,,PRIMARY
TEAMSWITCH,1,117758E:RAR1284,PYLE_TEAM,na,na,WAKEFIELD,,PRIMARY
TEAMSWITCH,1,1281722E:RAR1004,PYLE_TEAM,na,na,WAKEFIELD,,PRIMARY
TEAMSWITCH,1,3001685E:RCS1399,PYLE_TEAM,na,na,WAKEFIELD,,PRIMARY
TEAMSWITCH,1,4892094E:RCS1256,PYLE_TEAM,na,na,WAKEFIELD,,PRIMARY
TEAMSWITCH,1,5658813:RCS3007-2,PYLE_TEAM,na,na,WAKEFIELD,,PRIMARY
TEAMSWITCH,1,_EC9EA0A8-1230-4359-8259-39ABBF88B6F9,PYLE_TEAM,na,na,WAKEFIELD,,PRIMARY
TEAMSWITCH,1,4531854E:RAR0240,BOULDER_TEAM,na,na,HIGHLAND,,PRIMARY
TEAMSWITCH,1,4201774E:RCS0954,BOULDER_TEAM,na,na,HIGHLAND,,PRIMARY
TEAMSWITCH,1,5198295:RCS1090-1,BOULDER_TEAM,na,na,HIGHLAND,,PRIMARY
TEAMSWITCH,1,5432360:RCS2360-2,BOULDER_TEAM,na,na,HIGHLAND,,PRIMARY
TEAMSWITCH,1,_011CD72E-F61E-4B40-A339-77AD044B0F9A,BOULDER_TEAM,na,na,HIGHLAND,,PRIMARY
TEAMSWITCH,1,5368961:RCS7021-1,DANGERFIELD_TEAM,na,na,ETIWANDA,,PRIMARY
TEAMSWITCH,1,5368957:RCS7022-3,DANGERFIELD_TEAM,na,na,ETIWANDA,,PRIMARY
TEAMSWITCH,1,5368953:RCS6583-2,DANGERFIELD_TEAM,na,na,ETIWANDA,,PRIMARY
TEAMSWITCH,1,_5E7235CF-ABD8-4470-921F-5A99E9C0B511,DANGERFIELD_TEAM,na,na,ETIWANDA,,PRIMARY
TEAMSWITCH,1,4957033E:RSR3760,LANZA_TEAM,na,na,MARIPOSA,,PRIMARY
TEAMSWITCH,1,4356063E:RSR0622,LANZA_TEAM,na,na,MARIPOSA,,PRIMARY
TEAMSWITCH,1,_2C3AE232-8C7E-43C2-9F4F-590B683FB4C4,LANZA_TEAM,na,na,MARIPOSA,,PRIMARY
TEAMSWITCH,1,1798162E:RCS4508,BROADCAST_TEAM,na,na,GOULD,,PRIMARY
TEAMSWITCH,1,_2DA88A8E-FF7A-4185-BCF3-90C60E6A0053,BROADCAST_TEAM,na,na,GOULD,,PRIMARY
TEAMSWITCH,1,4663938E:RCS0058,MUFFIN_TEAM,na,na,SIXTEENTH STREET,,PRIMARY
TEAMSWITCH,1,872820E:RCS0645,MUFFIN_TEAM,na,na,SIXTEENTH STREET,,PRIMARY
TEAMSWITCH,1,1652485E:RCS0236,MUFFIN_TEAM,na,na,SIXTEENTH STREET,,PRIMARY
TEAMSWITCH,1,1170732E:RCS0872,MUFFIN_TEAM,na,na,SIXTEENTH STREET,,PRIMARY
TEAMSWITCH,1,4359906E:RCS0431,MUFFIN_TEAM,na,na,SIXTEENTH STREET,,PRIMARY
TEAMSWITCH,1,_157203BA-9DDE-4D8F-8056-2B287BCCC4E2,MUFFIN_TEAM,na,na,SIXTEENTH STREET,,PRIMARY
TEAMSWITCH,1,1378346E:RCS0085,VULTEE_TEAM,na,na,LENNOX,,PRIMARY
TEAMSWITCH,1,1195304E:RCS0158,VULTEE_TEAM,na,na,LENNOX,,PRIMARY
TEAMSWITCH,1,5047900:RCS6093-1,VULTEE_TEAM,na,na,LENNOX,,PRIMARY
TEAMSWITCH,1,5047924:RCS0280-4,VULTEE_TEAM,na,na,LENNOX,,PRIMARY
TEAMSWITCH,1,5393232:RCS5671-1_CS,VULTEE_TEAM,na,na,LENNOX,,PRIMARY
TEAMSWITCH,1,_7F05CEAB-840D-4398-A211-183490ADDDC7,VULTEE_TEAM,na,na,LENNOX,,PRIMARY
TEAMSWITCH,1,4860132E:RCS0171,FIG_TEAM,na,na,BRADBURY,,PRIMARY
TEAMSWITCH,1,5763076:RCS5820-4,FIG_TEAM,na,na,BRADBURY,,PRIMARY
TEAMSWITCH,1,4934523E:RCS0009,FIG_TEAM,na,na,BRADBURY,,PRIMARY
TEAMSWITCH,1,1323530E:RCS0269,FIG_TEAM,na,na,BRADBURY,,PRIMARY
TEAMSWITCH,1,223482E:RCS4115,FIG_TEAM,na,na,BRADBURY,,PRIMARY
TEAMSWITCH,1,_C983455E-48CB-46BC-8467-216A663926CA,FIG_TEAM,na,na,BRADBURY,,PRIMARY
TEAMSWITCH,1,1666105E:RCS1828,SEMINARY_TEAM,na,na,SOMIS,,PRIMARY
TEAMSWITCH,1,1296690E:RCS2327,SEMINARY_TEAM,na,na,SOMIS,,PRIMARY
TEAMSWITCH,1,5034971:RCS2566-2,SEMINARY_TEAM,na,na,SOMIS,,PRIMARY
TEAMSWITCH,1,1621221E:RSR2247,SEMINARY_TEAM,na,na,SOMIS,,PRIMARY
TEAMSWITCH,1,_D767E53B-93E2-4394-A424-9F901F5EF581,SEMINARY_TEAM,na,na,SOMIS,,PRIMARY
TEAMSWITCH,1,_437CC550-58B6-4079-A859-1DE9A812FFA4,SEMINARY_TEAM,na,na,SOMIS,,PRIMARY
TEAMSWITCH,1,5045691:RCS0062-3,CONTINENT_TEAM,na,na,SEPULVEDA,,PRIMARY
TEAMSWITCH,1,5045690:RCS0717-2,CONTINENT_TEAM,na,na,SEPULVEDA,,PRIMARY
TEAMSWITCH,1,_27EC93F9-216F-41E7-BB16-C3271CF04E99,CONTINENT_TEAM,na,na,SEPULVEDA,,PRIMARY
TEAMSWITCH,1,_1754B04B-7470-4503-BD3B-7BCF9E5C0A55,CHRISTY_TEAM,na,na,LARK ELLEN,,PRIMARY
TEAMSWITCH,1,_764ACC4E-E882-4FEE-A09F-4D5F3D53B3A0,BRAMBLE_TEAM,na,na,TORRANCE,,PRIMARY
TEAMSWITCH,1,_9B20002C-91D7-4C57-B5C7-CF0F8C6898B8,PAGO_TEAM,na,na,GAVIOTA,,PRIMARY
TEAMSWITCH,1,1225485E:RCS0997,JUNIOR_TEAM,na,na,RANDALL,,PRIMARY
TEAMSWITCH,1,90122E:RCS2269,JUNIOR_TEAM,na,na,RANDALL,,PRIMARY
TEAMSWITCH,1,_E707F9B1-793B-484B-9016-9B7723DCD069,JUNIOR_TEAM,na,na,RANDALL,,PRIMARY
TEAMSWITCH,1,4190189E:RAR1170,URBITA_TEAM,na,na,HOMART,,PRIMARY
TEAMSWITCH,1,2082353E:RCS0167,URBITA_TEAM,na,na,HOMART,,PRIMARY
TEAMSWITCH,1,4303204E:RCS0313,URBITA_TEAM,na,na,HOMART,,PRIMARY
TEAMSWITCH,1,2348612E:RCS0750,URBITA_TEAM,na,na,HOMART,,PRIMARY
TEAMSWITCH,1,5589828:RCS2499-1,URBITA_TEAM,na,na,HOMART,,PRIMARY
TEAMSWITCH,1,_01F031BF-1071-43F1-8C84-3C91B5E016A9,URBITA_TEAM,na,na,HOMART,,PRIMARY
TEAMSWITCH,1,4700340E:RAR4104,LEWIS_TEAM,na,na,LINDSAY,,PRIMARY
TEAMSWITCH,1,4316590E:RCS1465,LEWIS_TEAM,na,na,LINDSAY,,PRIMARY
TEAMSWITCH,1,4363137E:RCS1569,LEWIS_TEAM,na,na,LINDSAY,,PRIMARY
TEAMSWITCH,1,4694487E:RSR2329,LEWIS_TEAM,na,na,LINDSAY,,PRIMARY
TEAMSWITCH,1,4702841E:RSR0645,LEWIS_TEAM,na,na,LINDSAY,,PRIMARY
TEAMSWITCH,1,4701909E:RSR1506,LEWIS_TEAM,na,na,LINDSAY,,PRIMARY
TEAMSWITCH,1,_773611DD-72A8-46C1-A7A3-1FD4A9929326,LEWIS_TEAM,na,na,LINDSAY,,PRIMARY
TEAMSWITCH,1,2293725E:RCS0580,OUTPOST_TEAM,na,na,VICTOR,,PRIMARY
TEAMSWITCH,1,5386579:RCS2828-1,OUTPOST_TEAM,na,na,VICTOR,,PRIMARY
TEAMSWITCH,1,_9D207602-1529-4E86-9616-592806E64AF8,OUTPOST_TEAM,na,na,VICTOR,,PRIMARY
TEAMSWITCH,1,4586187E:RCS5317,FLABOB_TEAM,na,na,RUBIDOUX,,PRIMARY
TEAMSWITCH,1,_23F77343-B269-4CC1-8162-602CB5FA18C9,FLABOB_TEAM,na,na,RUBIDOUX,,PRIMARY
TEAMSWITCH,1,4789560E:RAR0095,DWP DRINKWATER_TEAM,na,na,DWP POWER PLANT 1,,PRIMARY
TEAMSWITCH,1,5188856:RCS4035-1,LINDERO_TEAM,na,na,MALIBU,,PRIMARY
TEAMSWITCH,1,5023832:RCS1740-4,LINDERO_TEAM,na,na,MALIBU,,PRIMARY
TEAMSWITCH,1,5773246:RCS1269-4_CS,LINDERO_TEAM,na,na,MALIBU,,PRIMARY
TEAMSWITCH,1,_39354B4F-DE25-432D-8696-2A7F447DB872,LINDERO_TEAM,na,na,MALIBU,,PRIMARY
TEAMSWITCH,1,5722932:RCS1747-1,EL MIRAGE_TEAM,na,na,VICTOR,,PRIMARY
TEAMSWITCH,1,4919541E:RCS1756,EL MIRAGE_TEAM,na,na,VICTOR,,PRIMARY
TEAMSWITCH,1,_5DA92B14-3BD6-4CBC-9621-6000E41EDC2B,EL MIRAGE_TEAM,na,na,VICTOR,,PRIMARY
TEAMSWITCH,1,1872180E:RAR1280,CADWAY_TEAM,na,na,WAKEFIELD,,PRIMARY
TEAMSWITCH,1,1832247E:RAR1478,CADWAY_TEAM,na,na,WAKEFIELD,,PRIMARY
TEAMSWITCH,1,1241575E:RCS1299,CADWAY_TEAM,na,na,WAKEFIELD,,PRIMARY
TEAMSWITCH,1,1518485E:RCS1071,CADWAY_TEAM,na,na,WAKEFIELD,,PRIMARY
TEAMSWITCH,1,4789843E:RCS1531,CADWAY_TEAM,na,na,WAKEFIELD,,PRIMARY
TEAMSWITCH,1,1561391E:RSR1379,CADWAY_TEAM,na,na,WAKEFIELD,,PRIMARY
TEAMSWITCH,1,_6CE6EB65-A74B-44A2-94A8-E171AFC10C1C,CADWAY_TEAM,na,na,WAKEFIELD,,PRIMARY
TEAMSWITCH,1,5618675:RCS2598-1,SHENANDOAH_TEAM,na,na,POTRERO,,PRIMARY
TEAMSWITCH,1,5023873:RCS0182-1_CS,SHENANDOAH_TEAM,na,na,POTRERO,,PRIMARY
TEAMSWITCH,1,_79B7E56A-7C9D-4DFE-9FD8-8A77937C0099,SHENANDOAH_TEAM,na,na,POTRERO,,PRIMARY
TEAMSWITCH,1,801564E:RCS0802,DOOLEY_TEAM,na,na,DEL ROSA,,PRIMARY
TEAMSWITCH,1,4698665E:RCS0374,DOOLEY_TEAM,na,na,DEL ROSA,,PRIMARY
TEAMSWITCH,1,823737E:RCS0675,DOOLEY_TEAM,na,na,DEL ROSA,,PRIMARY
TEAMSWITCH,1,5457277:RCS1184-2,DOOLEY_TEAM,na,na,DEL ROSA,,PRIMARY
TEAMSWITCH,1,688001E:RCS0424,DOOLEY_TEAM,na,na,DEL ROSA,,PRIMARY
TEAMSWITCH,1,_3517B93A-442C-4885-B8C9-F0303255F946,DOOLEY_TEAM,na,na,DEL ROSA,,PRIMARY
TEAMSWITCH,1,4613563E:RAR0290,NORMANDIE_TEAM,na,na,HOWARD,,PRIMARY
TEAMSWITCH,1,4489538E:RCS0028,NORMANDIE_TEAM,na,na,HOWARD,,PRIMARY
TEAMSWITCH,1,2027722E:RCS0289,NORMANDIE_TEAM,na,na,HOWARD,,PRIMARY
TEAMSWITCH,1,_099D3804-69DB-4D77-B6B5-A190D398734F,NORMANDIE_TEAM,na,na,HOWARD,,PRIMARY
TEAMSWITCH,1,4415916E:RAR0605,COALINGA_TEAM,na,na,VICTOR,,PRIMARY
TEAMSWITCH,1,5552232:RCS2829-4,COALINGA_TEAM,na,na,VICTOR,,PRIMARY
TEAMSWITCH,1,5331618:RCS1828-2_CS,COALINGA_TEAM,na,na,VICTOR,,PRIMARY
TEAMSWITCH,1,_9410C249-335B-4F82-94DF-BB285E6B5948,COALINGA_TEAM,na,na,VICTOR,,PRIMARY
TEAMSWITCH,1,4135949E:RCS0088,MAUNA LOA_TEAM,na,na,SAVAGE,,PRIMARY
TEAMSWITCH,1,4186122E:RCS0817,MAUNA LOA_TEAM,na,na,SAVAGE,,PRIMARY
TEAMSWITCH,1,5344963:RCS1071-2,MAUNA LOA_TEAM,na,na,SAVAGE,,PRIMARY
TEAMSWITCH,1,5574498:RCS2881-4,MAUNA LOA_TEAM,na,na,SAVAGE,,PRIMARY
TEAMSWITCH,1,_2C3376B6-1D05-43A2-A1BA-7F28A365DCC7,MAUNA LOA_TEAM,na,na,SAVAGE,,PRIMARY
TEAMSWITCH,1,2293436E:RAR0564,REED_TEAM,na,na,MENTONE,,PRIMARY
TEAMSWITCH,1,2260663E:RAR1165,REED_TEAM,na,na,MENTONE,,PRIMARY
TEAMSWITCH,1,_2465D3CE-8C75-4161-8259-25896DA7D224,REED_TEAM,na,na,MENTONE,,PRIMARY
TEAMSWITCH,1,4093117E:RAR0051,CRAB_TEAM,na,na,ARROWHEAD,,PRIMARY
TEAMSWITCH,1,1569405E:RCS0428,CRAB_TEAM,na,na,ARROWHEAD,,PRIMARY
TEAMSWITCH,1,1562043E:RCS0464,CRAB_TEAM,na,na,ARROWHEAD,,PRIMARY
TEAMSWITCH,1,5055063:RCS0980-1,CRAB_TEAM,na,na,ARROWHEAD,,PRIMARY
TEAMSWITCH,1,5055063:RCS0980-3,CRAB_TEAM,na,na,ARROWHEAD,,PRIMARY
TEAMSWITCH,1,5011066E:RCS0432,CRAB_TEAM,na,na,ARROWHEAD,,PRIMARY
TEAMSWITCH,1,_62A4D315-9AD6-48D9-B7F3-A65847225D48,CRAB_TEAM,na,na,ARROWHEAD,,PRIMARY
TEAMSWITCH,1,2322332E:RAR1946,PINWHEEL_TEAM,na,na,NORTHWIND,,PRIMARY
TEAMSWITCH,1,_1B351E8E-0783-412B-BC0A-E51D87B69540,PINWHEEL_TEAM,na,na,NORTHWIND,,PRIMARY
TEAMSWITCH,1,2141367E:RAR0639,FELDSPAR_TEAM,na,na,CREST,,PRIMARY
TEAMSWITCH,1,1610180E:RCS0117,FELDSPAR_TEAM,na,na,CREST,,PRIMARY
TEAMSWITCH,1,1157201E:RCS0494,FELDSPAR_TEAM,na,na,CREST,,PRIMARY
TEAMSWITCH,1,3007606E:RCS1055,FELDSPAR_TEAM,na,na,CREST,,PRIMARY
TEAMSWITCH,1,4814273E:RSR0511,FELDSPAR_TEAM,na,na,CREST,,PRIMARY
TEAMSWITCH,1,_95D03D47-A44D-498A-A1CD-C8476E0BE0D6,FELDSPAR_TEAM,na,na,CREST,,PRIMARY
TEAMSWITCH,1,4283484E:RCS0722,WHITESIDE_TEAM,na,na,WABASH,,PRIMARY
TEAMSWITCH,1,1408406E:RCS1591,WHITESIDE_TEAM,na,na,WABASH,,PRIMARY
TEAMSWITCH,1,1408411E:RCS0067,WHITESIDE_TEAM,na,na,WABASH,,PRIMARY
TEAMSWITCH,1,_82BE4A93-A81E-45FC-AB61-91B985776222,WHITESIDE_TEAM,na,na,WABASH,,PRIMARY
TEAMSWITCH,1,4429707E:RAR2567,FLEETWOOD_TEAM,na,na,WEST RIVERSIDE,,PRIMARY
TEAMSWITCH,1,2215346E:RCS2380,FLEETWOOD_TEAM,na,na,WEST RIVERSIDE,,PRIMARY
TEAMSWITCH,1,5622104:RCS5788-1,FLEETWOOD_TEAM,na,na,WEST RIVERSIDE,,PRIMARY
TEAMSWITCH,1,5756777:RCS6641-1_CS,FLEETWOOD_TEAM,na,na,WEST RIVERSIDE,,PRIMARY
TEAMSWITCH,1,588541E:RSR6298,FLEETWOOD_TEAM,na,na,WEST RIVERSIDE,,PRIMARY
TEAMSWITCH,1,_6E77BA37-1686-4E88-AE77-C1194AF407AB,FLEETWOOD_TEAM,na,na,WEST RIVERSIDE,,PRIMARY
TEAMSWITCH,1,5041317:RCS0920-2,TRADEWIND_TEAM,na,na,SANTA MONICA,,PRIMARY
TEAMSWITCH,1,4854011E:RSR4624,TRADEWIND_TEAM,na,na,SANTA MONICA,,PRIMARY
TEAMSWITCH,1,_3A27B92C-8C3B-4DF1-81DC-21D4E2CAB7C9,TRADEWIND_TEAM,na,na,SANTA MONICA,,PRIMARY
TEAMSWITCH,1,_F4C60804-ED86-4A10-BB18-F711C5D801A7,TRADEWIND_TEAM,na,na,SANTA MONICA,,PRIMARY
TEAMSWITCH,1,4253689E:RCS0256,SPLENDOR_TEAM,na,na,NEWBURY,,PRIMARY
TEAMSWITCH,1,5521201:RCS1201-2,SPLENDOR_TEAM,na,na,NEWBURY,,PRIMARY
TEAMSWITCH,1,5025184:RCS4032-1,SPLENDOR_TEAM,na,na,NEWBURY,,PRIMARY
TEAMSWITCH,1,5026752:RCS4025-1_CS,SPLENDOR_TEAM,na,na,NEWBURY,,PRIMARY
TEAMSWITCH,1,_73FC0B56-96C4-4271-89A2-735572EEE396,SPLENDOR_TEAM,na,na,NEWBURY,,PRIMARY
TEAMSWITCH,1,4462428E:RAR1308,SHERBOURNE_TEAM,na,na,WINDSOR HILLS,,PRIMARY
TEAMSWITCH,1,958263E:RCS0178,SHERBOURNE_TEAM,na,na,WINDSOR HILLS,,PRIMARY
TEAMSWITCH,1,2083923E:RCS0451,SHERBOURNE_TEAM,na,na,WINDSOR HILLS,,PRIMARY
TEAMSWITCH,1,2278710E:RCS0811,SHERBOURNE_TEAM,na,na,WINDSOR HILLS,,PRIMARY
TEAMSWITCH,1,1047548E:RCS0397,SHERBOURNE_TEAM,na,na,WINDSOR HILLS,,PRIMARY
TEAMSWITCH,1,751083E:RCS0207,SHERBOURNE_TEAM,na,na,WINDSOR HILLS,,PRIMARY
TEAMSWITCH,1,4446363E:RSR0360,SHERBOURNE_TEAM,na,na,WINDSOR HILLS,,PRIMARY
TEAMSWITCH,1,1085169E:RSR0134,SHERBOURNE_TEAM,na,na,WINDSOR HILLS,,PRIMARY
TEAMSWITCH,1,_8E296C3A-7886-4F87-AE2B-AFD7D0327540,SHERBOURNE_TEAM,na,na,WINDSOR HILLS,,PRIMARY
TEAMSWITCH,1,4552005E:RAR2566,SUSAN_TEAM,na,na,ALDER,,PRIMARY
TEAMSWITCH,1,4089195E:RCS0588,SUSAN_TEAM,na,na,ALDER,,PRIMARY
TEAMSWITCH,1,4794360E:RCS0655,SUSAN_TEAM,na,na,ALDER,,PRIMARY
TEAMSWITCH,1,2206108E:RCS0171,SUSAN_TEAM,na,na,ALDER,,PRIMARY
TEAMSWITCH,1,5036935E:RCS0282,SUSAN_TEAM,na,na,ALDER,,PRIMARY
TEAMSWITCH,1,5035453E:RSR0165,SUSAN_TEAM,na,na,ALDER,,PRIMARY
TEAMSWITCH,1,_00549AED-2509-4180-A20C-3F731E7F7337,SUSAN_TEAM,na,na,ALDER,,PRIMARY
TEAMSWITCH,1,4261516E:RCS0659,THUNDERBOLT_TEAM,na,na,OASIS,,PRIMARY
TEAMSWITCH,1,5364828:RCS4828-4,THUNDERBOLT_TEAM,na,na,OASIS,,PRIMARY
TEAMSWITCH,1,4261106E:RSR0345,THUNDERBOLT_TEAM,na,na,OASIS,,PRIMARY
TEAMSWITCH,1,_935876DA-C32C-4950-BF1A-EF6455ED870D,THUNDERBOLT_TEAM,na,na,OASIS,,PRIMARY
TEAMSWITCH,1,_D15D5C52-F2F8-41B6-8346-C004F921374A,CLIFTON_TEAM,na,na,REDONDO,,PRIMARY
TEAMSWITCH,1,4343540E:RAR0735,PARADISE_TEAM,na,na,VALDEZ,,PRIMARY
TEAMSWITCH,1,4863786E:RAR0739,PARADISE_TEAM,na,na,VALDEZ,,PRIMARY
TEAMSWITCH,1,5641009:RCS8596-3,PARADISE_TEAM,na,na,VALDEZ,,PRIMARY
TEAMSWITCH,1,_F808D24D-F983-40AB-85AC-21D6D9998651,PARADISE_TEAM,na,na,VALDEZ,,PRIMARY
TEAMSWITCH,1,_A2ECAA33-B0E7-48BE-A862-42C283869BBD,SHIRLEY_TEAM,na,na,ANITA,,PRIMARY
TEAMSWITCH,1,4793165E:RCS0088,DELFORD_TEAM,na,na,BRADBURY,,PRIMARY
TEAMSWITCH,1,5371937:RCS9771-1,DELFORD_TEAM,na,na,BRADBURY,,PRIMARY
TEAMSWITCH,1,5371936:RCS0505-1,DELFORD_TEAM,na,na,BRADBURY,,PRIMARY
TEAMSWITCH,1,_4D0DBF3B-A5CC-4B05-9083-DD66BBACF102,DELFORD_TEAM,na,na,BRADBURY,,PRIMARY
TEAMSWITCH,1,4350352E:RAR0997,BURNETTA_TEAM,na,na,VICTOR,,PRIMARY
TEAMSWITCH,1,4894635E:RAR1168,BURNETTA_TEAM,na,na,VICTOR,,PRIMARY
TEAMSWITCH,1,4350550E:RAR1142,BURNETTA_TEAM,na,na,VICTOR,,PRIMARY
TEAMSWITCH,1,4769727E:RAR1143,BURNETTA_TEAM,na,na,VICTOR,,PRIMARY
TEAMSWITCH,1,4648962E:RCS1167,BURNETTA_TEAM,na,na,VICTOR,,PRIMARY
TEAMSWITCH,1,4300812E:RCS0362,BURNETTA_TEAM,na,na,VICTOR,,PRIMARY
TEAMSWITCH,1,4531704E:RSR0309,BURNETTA_TEAM,na,na,VICTOR,,PRIMARY
TEAMSWITCH,1,4877541E:RSR1306,BURNETTA_TEAM,na,na,VICTOR,,PRIMARY
TEAMSWITCH,1,4300808E:RSR1045,BURNETTA_TEAM,na,na,VICTOR,,PRIMARY
TEAMSWITCH,1,_43C223CB-04F4-4B0A-A7F2-5DCFE80278BB,BURNETTA_TEAM,na,na,VICTOR,,PRIMARY
TEAMSWITCH,1,814262E:RCS0164,BUDLONG_TEAM,na,na,HOWARD,,PRIMARY
TEAMSWITCH,1,4489538E:RCS0028,BUDLONG_TEAM,na,na,HOWARD,,PRIMARY
TEAMSWITCH,1,_571F5B5C-E3D5-4D53-9E58-CF184C6F26C2,BUDLONG_TEAM,na,na,HOWARD,,PRIMARY
TEAMSWITCH,1,4841109E:RAR1283,MORGAN_TEAM,na,na,DITMAR,,PRIMARY
TEAMSWITCH,1,_F5F4E0E3-627F-4109-A94E-F24A3A30D902,MORGAN_TEAM,na,na,DITMAR,,PRIMARY
TEAMSWITCH,1,1674054E:RCS0252,HAWTHORNE_TEAM,na,na,YUKON,,PRIMARY
TEAMSWITCH,1,93158M:RCS0348,HAWTHORNE_TEAM,na,na,YUKON,,PRIMARY
TEAMSWITCH,1,5140082:RCS0915-5,HAWTHORNE_TEAM,na,na,YUKON,,PRIMARY
TEAMSWITCH,1,968781E:RSR0259,HAWTHORNE_TEAM,na,na,YUKON,,PRIMARY
TEAMSWITCH,1,4829062E:RSR0254,HAWTHORNE_TEAM,na,na,YUKON,,PRIMARY
TEAMSWITCH,1,969084E:RSR1419,HAWTHORNE_TEAM,na,na,YUKON,,PRIMARY
TEAMSWITCH,1,_AA812F13-28E9-4AEA-A488-235533B4EC80,HAWTHORNE_TEAM,na,na,YUKON,,PRIMARY
TEAMSWITCH,1,_837D8630-3451-47E1-9A0D-0A62FF304F44,HAWTHORNE_TEAM,na,na,YUKON,,PRIMARY
TEAMSWITCH,1,_7449D426-471C-4D73-909C-742DFB484691,KEATS_TEAM,na,na,MANHATTAN,,PRIMARY
TEAMSWITCH,1,_3F392944-BE8D-46C1-A18A-0610545CE68E,PEARCE_TEAM,na,na,PIERPONT,,PRIMARY
TEAMSWITCH,1,1140025E:RAR7146,RADIATOR_TEAM,na,na,LA FRESA,,PRIMARY
TEAMSWITCH,1,4456976E:RCS0199,RADIATOR_TEAM,na,na,LA FRESA,,PRIMARY
TEAMSWITCH,1,_820B52E6-7829-4C56-ACED-C6DBD67C7213,RADIATOR_TEAM,na,na,LA FRESA,,PRIMARY
TEAMSWITCH,1,_33B5679C-8CFA-4F20-B103-18CC45B5CA9D,RADIATOR_TEAM,na,na,LA FRESA,,PRIMARY
TEAMSWITCH,1,2093842E:RAR0877,TWIN BUTTE_TEAM,na,na,VENICE HILL,,PRIMARY
TEAMSWITCH,1,2212647E:RAR0785,TWIN BUTTE_TEAM,na,na,VENICE HILL,,PRIMARY
TEAMSWITCH,1,1305002E:RCS2273,TWIN BUTTE_TEAM,na,na,VENICE HILL,,PRIMARY
TEAMSWITCH,1,4520381E:RCS0814,TWIN BUTTE_TEAM,na,na,VENICE HILL,,PRIMARY
TEAMSWITCH,1,4814472E:RCS0573,TWIN BUTTE_TEAM,na,na,VENICE HILL,,PRIMARY
TEAMSWITCH,1,_CA1A013E-35DC-4390-A045-F2D48CD06238,TWIN BUTTE_TEAM,na,na,VENICE HILL,,PRIMARY
TEAMSWITCH,1,2235699E:RCS2172,WIGWAG_TEAM,na,na,BLOOMINGTON,,PRIMARY
TEAMSWITCH,1,_88E4E7A3-42EA-4431-B946-ADB7959EFED2,WIGWAG_TEAM,na,na,BLOOMINGTON,,PRIMARY
TEAMSWITCH,1,5344633:RCS2904-1,BRUCITE_TEAM,na,na,VICTOR,,PRIMARY
TEAMSWITCH,1,5617249:RCS2772-1,BRUCITE_TEAM,na,na,VICTOR,,PRIMARY
TEAMSWITCH,1,5428871:RCS2323-4,BRUCITE_TEAM,na,na,VICTOR,,PRIMARY
TEAMSWITCH,1,2252471E:RSR1190,BRUCITE_TEAM,na,na,VICTOR,,PRIMARY
TEAMSWITCH,1,_4FF0946B-649E-4C79-AB8B-6F80E3A63E2E,BRUCITE_TEAM,na,na,VICTOR,,PRIMARY
TEAMSWITCH,1,_DF134AA5-C92E-4BB4-BBAB-F916FB039447,CLEO_TEAM,na,na,DITMAR,,PRIMARY
TEAMSWITCH,1,1620951E:RCS0557,TWIN LAKES_TEAM,na,na,SANTA SUSANA,,PRIMARY
TEAMSWITCH,1,5523120:RCS1073-2,TWIN LAKES_TEAM,na,na,SANTA SUSANA,,PRIMARY
TEAMSWITCH,1,5538419:RCS1756-2,TWIN LAKES_TEAM,na,na,SANTA SUSANA,,PRIMARY
TEAMSWITCH,1,5313786:RCS0844-2_CS,TWIN LAKES_TEAM,na,na,SANTA SUSANA,,PRIMARY
TEAMSWITCH,1,4831164E:RCS0473,TWIN LAKES_TEAM,na,na,SANTA SUSANA,,PRIMARY
TEAMSWITCH,1,5567895:RCS5233-2,TWIN LAKES_TEAM,na,na,SANTA SUSANA,,PRIMARY
TEAMSWITCH,1,5370941:RCS1498-3_CS,TWIN LAKES_TEAM,na,na,SANTA SUSANA,,PRIMARY
TEAMSWITCH,1,_4357EC39-3096-4F32-96A0-71D3B45913C7,TWIN LAKES_TEAM,na,na,SANTA SUSANA,,PRIMARY
TEAMSWITCH,1,4463279E:RCS0328,TEST_TEAM,na,na,ALHAMBRA,,PRIMARY
TEAMSWITCH,1,5015478:RCS0714-3,TEST_TEAM,na,na,ALHAMBRA,,PRIMARY
TEAMSWITCH,1,4808859E:RSR0342,TEST_TEAM,na,na,ALHAMBRA,,PRIMARY
TEAMSWITCH,1,2354461E:RSR1048,TEST_TEAM,na,na,ALHAMBRA,,PRIMARY
TEAMSWITCH,1,_C40E3E65-67DE-4411-8171-DA8E9EF9C2C4,TEST_TEAM,na,na,ALHAMBRA,,PRIMARY
TEAMSWITCH,1,_12755B2D-0ABD-4AA8-AC18-210EEB7698C9,TEST_TEAM,na,na,ALHAMBRA,,PRIMARY
TEAMSWITCH,1,1761649E:RCS0399,MARGARET_TEAM,na,na,FELTON,,PRIMARY
TEAMSWITCH,1,1457987E:RSR0093,MARGARET_TEAM,na,na,FELTON,,PRIMARY
TEAMSWITCH,1,1836425E:RSR0013,MARGARET_TEAM,na,na,FELTON,,PRIMARY
TEAMSWITCH,1,4814289E:RSR1405,MARGARET_TEAM,na,na,FELTON,,PRIMARY
TEAMSWITCH,1,1767364E:RSR0363,MARGARET_TEAM,na,na,FELTON,,PRIMARY
TEAMSWITCH,1,4831743E:RSR1406,MARGARET_TEAM,na,na,FELTON,,PRIMARY
TEAMSWITCH,1,_B5DB206B-1DA9-493E-8C15-B56ABCE8CE8D,MARGARET_TEAM,na,na,FELTON,,PRIMARY
TEAMSWITCH,1,1778852E:RAR0100,CASTLE BUTTE_TEAM,na,na,EDWARDS,,PRIMARY
TEAMSWITCH,1,4840524E:RAR0966,CASTLE BUTTE_TEAM,na,na,EDWARDS,,PRIMARY
TEAMSWITCH,1,1778854E:RAR0058,CASTLE BUTTE_TEAM,na,na,EDWARDS,,PRIMARY
TEAMSWITCH,1,82102S:RCS0040,CASTLE BUTTE_TEAM,na,na,EDWARDS,,PRIMARY
TEAMSWITCH,1,4240835E:RCS0943,CASTLE BUTTE_TEAM,na,na,EDWARDS,,PRIMARY
TEAMSWITCH,1,4740648E:RCS0039,CASTLE BUTTE_TEAM,na,na,EDWARDS,,PRIMARY
TEAMSWITCH,1,4838642E:RCS0038,CASTLE BUTTE_TEAM,na,na,EDWARDS,,PRIMARY
TEAMSWITCH,1,2055195E:RCS0072,CASTLE BUTTE_TEAM,na,na,EDWARDS,,PRIMARY
TEAMSWITCH,1,1779049E:RCS0967,CASTLE BUTTE_TEAM,na,na,EDWARDS,,PRIMARY
TEAMSWITCH,1,4840523E:RCS0968,CASTLE BUTTE_TEAM,na,na,EDWARDS,,PRIMARY
TEAMSWITCH,1,1778910E:RCS1049,CASTLE BUTTE_TEAM,na,na,EDWARDS,,PRIMARY
TEAMSWITCH,1,1778908E:RCS1051,CASTLE BUTTE_TEAM,na,na,EDWARDS,,PRIMARY
TEAMSWITCH,1,1778904E:RCS1050,CASTLE BUTTE_TEAM,na,na,EDWARDS,,PRIMARY
TEAMSWITCH,1,4961007E:RSR1024,CASTLE BUTTE_TEAM,na,na,EDWARDS,,PRIMARY
TEAMSWITCH,1,4937475E:RSR1027,CASTLE BUTTE_TEAM,na,na,EDWARDS,,PRIMARY
TEAMSWITCH,1,_248D6D77-2058-4A4E-B3D0-2EF1CB696CA0,CASTLE BUTTE_TEAM,na,na,EDWARDS,,PRIMARY
TEAMSWITCH,1,1664900E:RCS0490,DUFFER_TEAM,na,na,SAN MARCOS,,PRIMARY
TEAMSWITCH,1,1081777E:RCS3118,DUFFER_TEAM,na,na,SAN MARCOS,,PRIMARY
TEAMSWITCH,1,4041873E:RCS0656,DUFFER_TEAM,na,na,SAN MARCOS,,PRIMARY
TEAMSWITCH,1,5030677:RCS0677-2,DUFFER_TEAM,na,na,SAN MARCOS,,PRIMARY
TEAMSWITCH,1,4611344E:RSR1629,DUFFER_TEAM,na,na,SAN MARCOS,,PRIMARY
TEAMSWITCH,1,4574847E:RSR0495,DUFFER_TEAM,na,na,SAN MARCOS,,PRIMARY
TEAMSWITCH,1,1674967E:RSR3419,DUFFER_TEAM,na,na,SAN MARCOS,,PRIMARY
TEAMSWITCH,1,_C0F95EDE-38E1-4A6D-9D99-989EC8854F88,DUFFER_TEAM,na,na,SAN MARCOS,,PRIMARY
TEAMSWITCH,1,1514048E:RAR2503,BURLESON_TEAM,na,na,ROYAL,,PRIMARY
TEAMSWITCH,1,4831528E:RCS5704,BURLESON_TEAM,na,na,ROYAL,,PRIMARY
TEAMSWITCH,1,5549163:RCS9163-1,BURLESON_TEAM,na,na,ROYAL,,PRIMARY
TEAMSWITCH,1,5190602:RCS1247-4,BURLESON_TEAM,na,na,ROYAL,,PRIMARY
TEAMSWITCH,1,5043119:RCS0948-4,BURLESON_TEAM,na,na,ROYAL,,PRIMARY
TEAMSWITCH,1,1515492E:RCS0407,BURLESON_TEAM,na,na,ROYAL,,PRIMARY
TEAMSWITCH,1,5536888:RCS4175-2,BURLESON_TEAM,na,na,ROYAL,,PRIMARY
TEAMSWITCH,1,5536888:RCS4175-1,BURLESON_TEAM,na,na,ROYAL,,PRIMARY
TEAMSWITCH,1,_847A2865-49CE-4361-B911-B5408FD16807,BURLESON_TEAM,na,na,ROYAL,,PRIMARY
TEAMSWITCH,1,5525560:RCS5560-4,ARLENE_TEAM,na,na,SOLEMINT,,PRIMARY
TEAMSWITCH,1,5525558:RCS5558-4,ARLENE_TEAM,na,na,SOLEMINT,,PRIMARY
TEAMSWITCH,1,_C87827D5-A7C2-430A-B6C3-A7B0061E671A,ARLENE_TEAM,na,na,SOLEMINT,,PRIMARY
TEAMSWITCH,1,4699311E:RAR0026,JASMINE_TEAM,na,na,QUINN,,PRIMARY
TEAMSWITCH,1,721988E:RCS1186,JASMINE_TEAM,na,na,QUINN,,PRIMARY
TEAMSWITCH,1,1828238E:RCS2218,JASMINE_TEAM,na,na,QUINN,,PRIMARY
TEAMSWITCH,1,4541139E:RCS0723,JASMINE_TEAM,na,na,QUINN,,PRIMARY
TEAMSWITCH,1,854223E:RCS1594,JASMINE_TEAM,na,na,QUINN,,PRIMARY
TEAMSWITCH,1,_F2FFFE28-CA5A-41A5-B35B-34FEF60EA2D7,JASMINE_TEAM,na,na,QUINN,,PRIMARY
TEAMSWITCH,1,1827045E:RAR0161,HILTON_TEAM,na,na,BEVERLY,,PRIMARY
TEAMSWITCH,1,4816014E:RAR0162,HILTON_TEAM,na,na,BEVERLY,,PRIMARY
TEAMSWITCH,1,5040163:RCS4212-1,HILTON_TEAM,na,na,BEVERLY,,PRIMARY
TEAMSWITCH,1,5040732:RCS0995-1,HILTON_TEAM,na,na,BEVERLY,,PRIMARY
TEAMSWITCH,1,835441E:RCS4450,HILTON_TEAM,na,na,BEVERLY,,PRIMARY
TEAMSWITCH,1,5304134:RCS1190-4,HILTON_TEAM,na,na,BEVERLY,,PRIMARY
TEAMSWITCH,1,5304463:RCS1111-4_CS,HILTON_TEAM,na,na,BEVERLY,,PRIMARY
TEAMSWITCH,1,5304013:RCS1201-2,HILTON_TEAM,na,na,BEVERLY,,PRIMARY
TEAMSWITCH,1,_A1B9C850-68CB-4008-8AD0-C74D367F81C6,HILTON_TEAM,na,na,BEVERLY,,PRIMARY
TEAMSWITCH,1,_D97D2E35-8BA3-4EC4-9941-FAAF9779C613,HILTON_TEAM,na,na,BEVERLY,,PRIMARY
TEAMSWITCH,1,4770223E:RCS0249,TURBINE_TEAM,na,na,AQUEDUCT,,PRIMARY
TEAMSWITCH,1,4185720E:RCS0841,TURBINE_TEAM,na,na,AQUEDUCT,,PRIMARY
TEAMSWITCH,1,_65B0AC80-C3B2-4C00-8E25-70BA4D16E75C,TURBINE_TEAM,na,na,AQUEDUCT,,PRIMARY
TEAMSWITCH,1,4120161E:RAR1158,MESQUITE_TEAM,na,na,HESPERIA,,PRIMARY
TEAMSWITCH,1,4603333E:RCS0015,MESQUITE_TEAM,na,na,HESPERIA,,PRIMARY
TEAMSWITCH,1,4120158E:RCS0785,MESQUITE_TEAM,na,na,HESPERIA,,PRIMARY
TEAMSWITCH,1,1600675E:RCS0420,MESQUITE_TEAM,na,na,HESPERIA,,PRIMARY
TEAMSWITCH,1,_AD670F63-1A55-4739-B205-595883C9589E,MESQUITE_TEAM,na,na,HESPERIA,,PRIMARY
TEAMSWITCH,1,1745937E:RCS0803,KILTS_TEAM,na,na,HIGHLAND,,PRIMARY
TEAMSWITCH,1,4427974E:RCS0287,KILTS_TEAM,na,na,HIGHLAND,,PRIMARY
TEAMSWITCH,1,4785388E:RCS0789,KILTS_TEAM,na,na,HIGHLAND,,PRIMARY
TEAMSWITCH,1,4526209E:RSR0599,KILTS_TEAM,na,na,HIGHLAND,,PRIMARY
TEAMSWITCH,1,_D1C7D332-74E2-4148-9DA4-63BF1CE5A7B0,KILTS_TEAM,na,na,HIGHLAND,,PRIMARY
TEAMSWITCH,1,1451428E:RAR0033,CRUMNER_TEAM,na,na,MALIBU,,PRIMARY
TEAMSWITCH,1,1331049E:RAR0825,CRUMNER_TEAM,na,na,MALIBU,,PRIMARY
TEAMSWITCH,1,4499537E:RCS0211,CRUMNER_TEAM,na,na,MALIBU,,PRIMARY
TEAMSWITCH,1,4401087E:RCS0137,CRUMNER_TEAM,na,na,MALIBU,,PRIMARY
TEAMSWITCH,1,1467282E:RCS5724,CRUMNER_TEAM,na,na,MALIBU,,PRIMARY
TEAMSWITCH,1,4998008E:RSR5731,CRUMNER_TEAM,na,na,MALIBU,,PRIMARY
TEAMSWITCH,1,_9769FA24-7FC6-4768-9DF7-A69A0E06A9C2,CRUMNER_TEAM,na,na,MALIBU,,PRIMARY
TEAMSWITCH,1,_0AFB92CE-4EDA-42D2-8FCC-D2037983C993,SUMP_TEAM,na,na,HAVEDA,,PRIMARY
TEAMSWITCH,1,5371693:RCS0153-1,HACIENDA_TEAM,na,na,POTRERO,,PRIMARY
TEAMSWITCH,1,5024626:RCS0218-4,HACIENDA_TEAM,na,na,POTRERO,,PRIMARY
TEAMSWITCH,1,5043224:RCS0608-4,HACIENDA_TEAM,na,na,POTRERO,,PRIMARY
TEAMSWITCH,1,5024959:RCS5683-3,HACIENDA_TEAM,na,na,POTRERO,,PRIMARY
TEAMSWITCH,1,5634133:RCS0592-1_CS,HACIENDA_TEAM,na,na,POTRERO,,PRIMARY
TEAMSWITCH,1,_B9BDC82E-8556-4837-84DE-636DF6D3B644,HACIENDA_TEAM,na,na,POTRERO,,PRIMARY
TEAMSWITCH,1,4428481E:RCS5653,SANDELL_TEAM,na,na,RANDALL,,PRIMARY
TEAMSWITCH,1,4428460E:RCS2295,SANDELL_TEAM,na,na,RANDALL,,PRIMARY
TEAMSWITCH,1,_50F76C95-0611-4FB7-B99E-7BFEF996F5A2,SANDELL_TEAM,na,na,RANDALL,,PRIMARY
TEAMSWITCH,1,_09165BB6-DC84-4AAD-9FD4-7C605A596DF1,ENGLAND_TEAM,na,na,INGLEWOOD,,PRIMARY
TEAMSWITCH,1,5179634:RCS5054-1_CS,DITCH_TEAM,na,na,GONZALES,,PRIMARY
TEAMSWITCH,1,803695E:RSR2314,DITCH_TEAM,na,na,GONZALES,,PRIMARY
TEAMSWITCH,1,1402139E:RSR2318,DITCH_TEAM,na,na,GONZALES,,PRIMARY
TEAMSWITCH,1,_D2BBE92E-9A16-4764-81A6-49BB27126CBE,DITCH_TEAM,na,na,GONZALES,,PRIMARY
TEAMSWITCH,1,697473H:RCS0143,PETROL_TEAM,na,na,LA FRESA,,PRIMARY
TEAMSWITCH,1,5148553:RCS6541-4,PETROL_TEAM,na,na,LA FRESA,,PRIMARY
TEAMSWITCH,1,2098369E:RCS0190,PETROL_TEAM,na,na,LA FRESA,,PRIMARY
TEAMSWITCH,1,1479877E:RSR0649,PETROL_TEAM,na,na,LA FRESA,,PRIMARY
TEAMSWITCH,1,_A0D5EC36-C557-42AD-B793-3CDBF0B2BE0E,PETROL_TEAM,na,na,LA FRESA,,PRIMARY
TEAMSWITCH,1,_036029A0-4235-434B-A2D7-118A8AB18457,PETROL_TEAM,na,na,LA FRESA,,PRIMARY
TEAMSWITCH,1,_6F2363BA-993F-46F0-B74F-63F7AA3C358E,PETROL_TEAM,na,na,LA FRESA,,PRIMARY
TEAMSWITCH,1,_10B624ED-3937-466B-9137-441AFEF5FF62,PETROL_TEAM,na,na,LA FRESA,,PRIMARY
TEAMSWITCH,1,_F98F502A-CA73-457C-BE3F-917F0933A1AF,CECIL_TEAM,na,na,DELANO,,PRIMARY
TEAMSWITCH,1,4547857E:RAR0004,STEALTH_TEAM,na,na,OASIS,,PRIMARY
TEAMSWITCH,1,1832989E:RCS2171,STEALTH_TEAM,na,na,OASIS,,PRIMARY
TEAMSWITCH,1,4662722E:RCS9929,STEALTH_TEAM,na,na,OASIS,,PRIMARY
TEAMSWITCH,1,1651520E:RCS2408,STEALTH_TEAM,na,na,OASIS,,PRIMARY
TEAMSWITCH,1,4313577E:RCS4276,STEALTH_TEAM,na,na,OASIS,,PRIMARY
TEAMSWITCH,1,5576441:RCS6441-5,STEALTH_TEAM,na,na,OASIS,,PRIMARY
TEAMSWITCH,1,5717584:RCSG584-3,STEALTH_TEAM,na,na,OASIS,,PRIMARY
TEAMSWITCH,1,5648005:RCSG005-1,STEALTH_TEAM,na,na,OASIS,,PRIMARY
TEAMSWITCH,1,_736B9A5B-D572-4DB1-9A56-D6383304FD95,STEALTH_TEAM,na,na,OASIS,,PRIMARY
TEAMSWITCH,1,1354761E:RCS0167,MAVERICK_TEAM,na,na,WILSONA,,PRIMARY
TEAMSWITCH,1,4789823E:RCS0776,MAVERICK_TEAM,na,na,WILSONA,,PRIMARY
TEAMSWITCH,1,1190899E:RCS0370,MAVERICK_TEAM,na,na,WILSONA,,PRIMARY
TEAMSWITCH,1,1355293E:RCS0799,MAVERICK_TEAM,na,na,WILSONA,,PRIMARY
TEAMSWITCH,1,1218022E:RCS1428,MAVERICK_TEAM,na,na,WILSONA,,PRIMARY
TEAMSWITCH,1,1847052E:RSR1235,MAVERICK_TEAM,na,na,WILSONA,,PRIMARY
TEAMSWITCH,1,_746EF601-AEA5-4E30-BDB7-C6897AAED396,MAVERICK_TEAM,na,na,WILSONA,,PRIMARY
TEAMSWITCH,1,4810300E:RAR0828,VARGAS_TEAM,na,na,SHANDIN,,PRIMARY
TEAMSWITCH,1,4650378E:RCS0919,VARGAS_TEAM,na,na,SHANDIN,,PRIMARY
TEAMSWITCH,1,1403345E:RCS2937,VARGAS_TEAM,na,na,SHANDIN,,PRIMARY
TEAMSWITCH,1,4823982E:RCS0973,VARGAS_TEAM,na,na,SHANDIN,,PRIMARY
TEAMSWITCH,1,_36F5481E-2DEC-49B9-AED6-80692F6196EB,VARGAS_TEAM,na,na,SHANDIN,,PRIMARY
TEAMSWITCH,1,2301312E:RCS2157,ZAPPA_TEAM,na,na,QUARTZ HILL,,PRIMARY
TEAMSWITCH,1,4239518E:RCS2133,ZAPPA_TEAM,na,na,QUARTZ HILL,,PRIMARY
TEAMSWITCH,1,2373182E:RCS2134,ZAPPA_TEAM,na,na,QUARTZ HILL,,PRIMARY
TEAMSWITCH,1,_C77458C6-2099-4225-88B0-84720608B6F6,ZAPPA_TEAM,na,na,QUARTZ HILL,,PRIMARY
TEAMSWITCH,1,88687E:RAR1452,PETIT_TEAM,na,na,WAKEFIELD,,PRIMARY
TEAMSWITCH,1,4651157E:RAR9591,PETIT_TEAM,na,na,WAKEFIELD,,PRIMARY
TEAMSWITCH,1,1832291E:RAR2546,PETIT_TEAM,na,na,WAKEFIELD,,PRIMARY
TEAMSWITCH,1,960656E:RCS1197,PETIT_TEAM,na,na,WAKEFIELD,,PRIMARY
TEAMSWITCH,1,4744290E:RCS1445,PETIT_TEAM,na,na,WAKEFIELD,,PRIMARY
TEAMSWITCH,1,1518490E:RCS1255,PETIT_TEAM,na,na,WAKEFIELD,,PRIMARY
TEAMSWITCH,1,4915694E:RCS1132,PETIT_TEAM,na,na,WAKEFIELD,,PRIMARY
TEAMSWITCH,1,4953363E:RSR7187,PETIT_TEAM,na,na,WAKEFIELD,,PRIMARY
TEAMSWITCH,1,_4A77E919-9F65-488B-9B71-AAA782328B2A,PETIT_TEAM,na,na,WAKEFIELD,,PRIMARY
TEAMSWITCH,1,4771358E:RAR6490,DOLPHIN_TEAM,na,na,DOLPHIN PT,,PRIMARY
TEAMSWITCH,1,7186:DOLPHIN P.T.-L1,DOLPHIN_TEAM,na,na,DOLPHIN PT,,PRIMARY
TEAMSWITCH,1,7186:DOLPHIN P.T.-H1,DOLPHIN_TEAM,na,na,DOLPHIN PT,,PRIMARY
TEAMSWITCH,1,4660310E:RAR1894,BRYCE_TEAM,na,na,AMADOR,,PRIMARY
TEAMSWITCH,1,1579518E:RCS1400,BRYCE_TEAM,na,na,AMADOR,,PRIMARY
TEAMSWITCH,1,1579797E:RCS1291,BRYCE_TEAM,na,na,AMADOR,,PRIMARY
TEAMSWITCH,1,5126370:RCS0945-1,BRYCE_TEAM,na,na,AMADOR,,PRIMARY
TEAMSWITCH,1,1844768E:RSR1528,BRYCE_TEAM,na,na,AMADOR,,PRIMARY
TEAMSWITCH,1,1579747E:RSR1293,BRYCE_TEAM,na,na,AMADOR,,PRIMARY
TEAMSWITCH,1,1579748E:RSR1292,BRYCE_TEAM,na,na,AMADOR,,PRIMARY
TEAMSWITCH,1,4808265E:RSR1957,BRYCE_TEAM,na,na,AMADOR,,PRIMARY
TEAMSWITCH,1,_D92C4E25-DC86-4757-B95E-AC3094B6F39F,BRYCE_TEAM,na,na,AMADOR,,PRIMARY
TEAMSWITCH,1,_DC566132-0EE6-41B1-8ECA-39D356FDE05B,WETHERLY_TEAM,na,na,OLYMPIC,,PRIMARY
TEAMSWITCH,1,4699318E:RAR3750,ELK_TEAM,na,na,OCTOL,,PRIMARY
TEAMSWITCH,1,4695596E:RCS5745,ELK_TEAM,na,na,OCTOL,,PRIMARY
TEAMSWITCH,1,1340459E:RCS1146,ELK_TEAM,na,na,OCTOL,,PRIMARY
TEAMSWITCH,1,281000E:RCS3958,ELK_TEAM,na,na,OCTOL,,PRIMARY
TEAMSWITCH,1,4590034E:RSR1135,ELK_TEAM,na,na,OCTOL,,PRIMARY
TEAMSWITCH,1,_5503FFDF-E4A3-4F2E-BFA0-864B729BCC81,ELK_TEAM,na,na,OCTOL,,PRIMARY
TEAMSWITCH,1,1586396E:RAR6459,TOMAHAWK_TEAM,na,na,MONOLITH,,PRIMARY
TEAMSWITCH,1,4696343E:RAR6465,TOMAHAWK_TEAM,na,na,MONOLITH,,PRIMARY
TEAMSWITCH,1,825396E:RCS1006,TOMAHAWK_TEAM,na,na,MONOLITH,,PRIMARY
TEAMSWITCH,1,1201852E:RCS0637,TOMAHAWK_TEAM,na,na,MONOLITH,,PRIMARY
TEAMSWITCH,1,5617337:RCS7582-3,TOMAHAWK_TEAM,na,na,MONOLITH,,PRIMARY
TEAMSWITCH,1,938271E:RCS7583,TOMAHAWK_TEAM,na,na,MONOLITH,,PRIMARY
TEAMSWITCH,1,5630005:RCSG001-3,TOMAHAWK_TEAM,na,na,MONOLITH,,PRIMARY
TEAMSWITCH,1,825762E:RSR0204,TOMAHAWK_TEAM,na,na,MONOLITH,,PRIMARY
TEAMSWITCH,1,_0320DAB3-0C35-4181-A20A-2C3C9ECBD557,TOMAHAWK_TEAM,na,na,MONOLITH,,PRIMARY
TEAMSWITCH,1,4761785E:RCS5189,TALLEY_TEAM,na,na,THOUSAND OAKS,,PRIMARY
TEAMSWITCH,1,4761783E:RCS4020,TALLEY_TEAM,na,na,THOUSAND OAKS,,PRIMARY
TEAMSWITCH,1,1356989E:RCS0105,TALLEY_TEAM,na,na,THOUSAND OAKS,,PRIMARY
TEAMSWITCH,1,5449831:RCS1737-4,TALLEY_TEAM,na,na,THOUSAND OAKS,,PRIMARY
TEAMSWITCH,1,5025787:RCS4033-1,TALLEY_TEAM,na,na,THOUSAND OAKS,,PRIMARY
TEAMSWITCH,1,1313341E:RCS1740,CONCRETE_TEAM,na,na,DALTON,,PRIMARY
TEAMSWITCH,1,2222358E:RSR1253,CONCRETE_TEAM,na,na,DALTON,,PRIMARY
TEAMSWITCH,1,_91CA9F45-C885-4D3E-98C8-1B5EFC457D13,CONCRETE_TEAM,na,na,DALTON,,PRIMARY
TEAMSWITCH,1,5508521:RCS2107-4,MINGO_TEAM,na,na,SAVAGE,,PRIMARY
TEAMSWITCH,1,5386467:RCS2089-2,MINGO_TEAM,na,na,SAVAGE,,PRIMARY
TEAMSWITCH,1,5520006:RCS2242-4,MINGO_TEAM,na,na,SAVAGE,,PRIMARY
TEAMSWITCH,1,5386467:RCS2089-3,MINGO_TEAM,na,na,SAVAGE,,PRIMARY
TEAMSWITCH,1,_5071C19E-8C4D-403D-8870-6187EA10CE67,MINGO_TEAM,na,na,SAVAGE,,PRIMARY
TEAMSWITCH,1,5040487:RCS0074-1,CHEVIOT_TEAM,na,na,CULVER,,PRIMARY
TEAMSWITCH,1,_F11F4434-4147-4A4F-8C58-4F65E578F66D,CHEVIOT_TEAM,na,na,CULVER,,PRIMARY
TEAMSWITCH,1,4893290E:RCS0814,BIG FALLS_TEAM,na,na,FOREST HOME,,PRIMARY
TEAMSWITCH,1,_611F13C4-F647-4D00-8DE7-0EF9349F50C4,BIG FALLS_TEAM,na,na,FOREST HOME,,PRIMARY
TEAMSWITCH,1,1473334E:RCS0346,MONARCH_TEAM,na,na,ROYAL,,PRIMARY
TEAMSWITCH,1,1473251E:RCS0351,MONARCH_TEAM,na,na,ROYAL,,PRIMARY
TEAMSWITCH,1,_FF603CE0-0796-491F-BE40-0B12E043F7F3,MONARCH_TEAM,na,na,ROYAL,,PRIMARY
TEAMSWITCH,1,1358368E:RCS0486,BAUXITE_TEAM,na,na,CREST,,PRIMARY
TEAMSWITCH,1,5700604:RCS6824-3_CS,BAUXITE_TEAM,na,na,CREST,,PRIMARY
TEAMSWITCH,1,1459965E:RSR0500,BAUXITE_TEAM,na,na,CREST,,PRIMARY
TEAMSWITCH,1,_AE1834F9-5FFF-4B69-9FB8-94B4B2CCB53B,BAUXITE_TEAM,na,na,CREST,,PRIMARY
TEAMSWITCH,1,_7F1B7206-23A3-4956-A1E0-9135E76A607E,KAISER_TEAM,na,na,DECLEZ,,PRIMARY
TEAMSWITCH,1,894384E:RAR0033,GOPHER_TEAM,na,na,WHEATLAND,,PRIMARY
TEAMSWITCH,1,1901915E:RCS0366,GOPHER_TEAM,na,na,WHEATLAND,,PRIMARY
TEAMSWITCH,1,4803229E:RCS1565,GOPHER_TEAM,na,na,WHEATLAND,,PRIMARY
TEAMSWITCH,1,951223E:RCS0064,GOPHER_TEAM,na,na,WHEATLAND,,PRIMARY
TEAMSWITCH,1,4353856E:RSR0334,GOPHER_TEAM,na,na,WHEATLAND,,PRIMARY
TEAMSWITCH,1,_3D8437B2-AAF5-4523-B74E-D1038060C71C,GOPHER_TEAM,na,na,WHEATLAND,,PRIMARY
TEAMSWITCH,1,_5B24A96B-F063-45B1-BB9A-6FB002F50DFD,ACKLEY_TEAM,na,na,NEWMARK,,PRIMARY
TEAMSWITCH,1,_605D07B0-BC5F-4F5B-9904-CA26A7D86205,PLUTO_TEAM,na,na,BLUFF COVE,,PRIMARY
TEAMSWITCH,1,4913981E:RAR2226,CABERNET_TEAM,na,na,PEPPER,,PRIMARY
TEAMSWITCH,1,262964S:RCS0393,CABERNET_TEAM,na,na,PEPPER,,PRIMARY
TEAMSWITCH,1,4913982E:RCS0902,CABERNET_TEAM,na,na,PEPPER,,PRIMARY
TEAMSWITCH,1,4694818E:RCS0394,CABERNET_TEAM,na,na,PEPPER,,PRIMARY
TEAMSWITCH,1,4735371E:RCS2351,CABERNET_TEAM,na,na,PEPPER,,PRIMARY
TEAMSWITCH,1,4858333E:RCS0207,CABERNET_TEAM,na,na,PEPPER,,PRIMARY
TEAMSWITCH,1,_9A52BB1F-88F7-42CD-B37E-A2AEA38D9FB7,CABERNET_TEAM,na,na,PEPPER,,PRIMARY
TEAMSWITCH,1,_7316AA32-5E38-42EB-AF98-3B50D10763E3,SWEETZER_TEAM,na,na,FAIRFAX,,PRIMARY
TEAMSWITCH,1,4493433E:RAR0722,RANKIN_TEAM,na,na,WALKER BASIN,,PRIMARY
TEAMSWITCH,1,691135E:RCS0705,RANKIN_TEAM,na,na,WALKER BASIN,,PRIMARY
TEAMSWITCH,1,_96213125-BE67-4F52-90B1-5A97E998B703,RANKIN_TEAM,na,na,WALKER BASIN,,PRIMARY
TEAMSWITCH,1,5045781:RCS6267-1,BALLONA_TEAM,na,na,SEPULVEDA,,PRIMARY
TEAMSWITCH,1,5045681:RCS6268-1,BALLONA_TEAM,na,na,SEPULVEDA,,PRIMARY
TEAMSWITCH,1,5150756:RCS6533-1_CS,BALLONA_TEAM,na,na,SEPULVEDA,,PRIMARY
TEAMSWITCH,1,1110432E:RCS0014,BALLONA_TEAM,na,na,SEPULVEDA,,PRIMARY
TEAMSWITCH,1,_079E3241-C0A0-4E4C-BB56-6AC56765E3B8,BALLONA_TEAM,na,na,SEPULVEDA,,PRIMARY
TEAMSWITCH,1,5304432:RCS1115-2,PAN PACIFIC_TEAM,na,na,FAIRFAX,,PRIMARY
TEAMSWITCH,1,4820735E:RCS4679,PAN PACIFIC_TEAM,na,na,FAIRFAX,,PRIMARY
TEAMSWITCH,1,5304434:RCS1114-1_CS,PAN PACIFIC_TEAM,na,na,FAIRFAX,,PRIMARY
TEAMSWITCH,1,5750507:RCS4824-2_CS,PAN PACIFIC_TEAM,na,na,FAIRFAX,,PRIMARY
TEAMSWITCH,1,4086464E:RSR0367,PAN PACIFIC_TEAM,na,na,FAIRFAX,,PRIMARY
TEAMSWITCH,1,2032778E:RSR0672,PAN PACIFIC_TEAM,na,na,FAIRFAX,,PRIMARY
TEAMSWITCH,1,_B7849FA2-163D-4C40-A9E6-4ED8A00AA8B4,PAN PACIFIC_TEAM,na,na,FAIRFAX,,PRIMARY
TEAMSWITCH,1,_E2F41427-EF47-4210-B0DC-BC0C9690FAC5,PAN PACIFIC_TEAM,na,na,FAIRFAX,,PRIMARY
TEAMSWITCH,1,844281E:RCS2369,KALISHER_TEAM,na,na,SAN FERNANDO,,PRIMARY
TEAMSWITCH,1,1527502E:RCS2373,KALISHER_TEAM,na,na,SAN FERNANDO,,PRIMARY
TEAMSWITCH,1,102232E:RCS0065,KALISHER_TEAM,na,na,SAN FERNANDO,,PRIMARY
TEAMSWITCH,1,4729762E:RCS4297,KALISHER_TEAM,na,na,SAN FERNANDO,,PRIMARY
TEAMSWITCH,1,1399099E:RCS0045,KALISHER_TEAM,na,na,SAN FERNANDO,,PRIMARY
TEAMSWITCH,1,_77A12FC7-57CD-4D9F-BCF2-BEA26034F515,KALISHER_TEAM,na,na,SAN FERNANDO,,PRIMARY
TEAMSWITCH,1,4511746E:RAR0918,JOB_TEAM,na,na,JOB PT,,PRIMARY
TEAMSWITCH,1,4453378E:RAR0018,JOB_TEAM,na,na,JOB PT,,PRIMARY
TEAMSWITCH,1,4526776E:RCS0902,JOB_TEAM,na,na,JOB PT,,PRIMARY
TEAMSWITCH,1,7414:JOB P.T.-L1,JOB_TEAM,na,na,JOB PT,,PRIMARY
TEAMSWITCH,1,7414:JOB P.T.-H1,JOB_TEAM,na,na,JOB PT,,PRIMARY
TEAMSWITCH,1,4927725E:RAR0301,AUTUMN_TEAM,na,na,SKILAND,,PRIMARY
TEAMSWITCH,1,2144205E:RCS0191,AUTUMN_TEAM,na,na,SKILAND,,PRIMARY
TEAMSWITCH,1,4234767E:RCS0280,AUTUMN_TEAM,na,na,SKILAND,,PRIMARY
TEAMSWITCH,1,4885331E:RCS0131,AUTUMN_TEAM,na,na,SKILAND,,PRIMARY
TEAMSWITCH,1,5626965:RCS0416-2,AUTUMN_TEAM,na,na,SKILAND,,PRIMARY
TEAMSWITCH,1,5626965:RCS0416-4,AUTUMN_TEAM,na,na,SKILAND,,PRIMARY
TEAMSWITCH,1,5449326:RCS0462-1,AUTUMN_TEAM,na,na,SKILAND,,PRIMARY
TEAMSWITCH,1,4885329E:RCS0417,AUTUMN_TEAM,na,na,SKILAND,,PRIMARY
TEAMSWITCH,1,1995750E:RCS0188,AUTUMN_TEAM,na,na,SKILAND,,PRIMARY
TEAMSWITCH,1,5719753:RCS0477-3_CS,AUTUMN_TEAM,na,na,SKILAND,,PRIMARY
TEAMSWITCH,1,_039D8C91-AD37-4D23-AC1F-FFE8C6D35197,AUTUMN_TEAM,na,na,SKILAND,,PRIMARY
TEAMSWITCH,1,_2A521B0E-9646-4F67-B3AB-9708750855FA,VERDUN_TEAM,na,na,WINDSOR HILLS,,PRIMARY
TEAMSWITCH,1,4729742E:RCS2402,HAN SOLO_TEAM,na,na,SHUTTLE,,PRIMARY
TEAMSWITCH,1,993996E:RCS0611,HAN SOLO_TEAM,na,na,SHUTTLE,,PRIMARY
TEAMSWITCH,1,5638058:RCS1852-4,HAN SOLO_TEAM,na,na,SHUTTLE,,PRIMARY
TEAMSWITCH,1,5647870:RCSG870-3,HAN SOLO_TEAM,na,na,SHUTTLE,,PRIMARY
TEAMSWITCH,1,5647871:RCSG871-3,HAN SOLO_TEAM,na,na,SHUTTLE,,PRIMARY
TEAMSWITCH,1,5647870:RCSG870-4,HAN SOLO_TEAM,na,na,SHUTTLE,,PRIMARY
TEAMSWITCH,1,_3D55F9C2-BAA1-455D-A840-254EF39FB0A0,HAN SOLO_TEAM,na,na,SHUTTLE,,PRIMARY
TEAMSWITCH,1,_A626DCB8-255F-4D57-9F89-4E214A1A4D88,WESLEY_TEAM,na,na,CULVER,,PRIMARY
TEAMSWITCH,1,_B6512FC6-29C0-41F2-B9EA-781EA08E0C1D,CYNTHIA_TEAM,na,na,BEVERLY,,PRIMARY
TEAMSWITCH,1,2285303E:RCS0162,BROOKS_TEAM,na,na,AMADOR,,PRIMARY
TEAMSWITCH,1,4302364E:RCS0267,BROOKS_TEAM,na,na,AMADOR,,PRIMARY
TEAMSWITCH,1,_61CB9184-DF50-46D8-8674-762FFD741EBE,BROOKS_TEAM,na,na,AMADOR,,PRIMARY
TEAMSWITCH,1,4535856E:RAR0306,MIST_TEAM,na,na,CAPITAN,,PRIMARY
TEAMSWITCH,1,4193985E:RAR3857,MIST_TEAM,na,na,CAPITAN,,PRIMARY
TEAMSWITCH,1,4128024E:RAR0392,MIST_TEAM,na,na,CAPITAN,,PRIMARY
TEAMSWITCH,1,4244354E:RAR3862,MIST_TEAM,na,na,CAPITAN,,PRIMARY
TEAMSWITCH,1,4572652E:RAR9675,MIST_TEAM,na,na,CAPITAN,,PRIMARY
TEAMSWITCH,1,1340960E:RCS0312,MIST_TEAM,na,na,CAPITAN,,PRIMARY
TEAMSWITCH,1,5744232:RCSG622-4,MIST_TEAM,na,na,CAPITAN,,PRIMARY
TEAMSWITCH,1,5750240:RCSG013-4,MIST_TEAM,na,na,CAPITAN,,PRIMARY
TEAMSWITCH,1,_0FB6D616-8C99-49C8-97F6-92961C30363D,MIST_TEAM,na,na,CAPITAN,,PRIMARY
TEAMSWITCH,1,7843:TWENTY THREE ST P-L1,TWENTY THREE ST_TEAM,na,na,TWENTY THREE ST PT,,PRIMARY
TEAMSWITCH,1,7843:TWENTY THREE ST P-H1,TWENTY THREE ST_TEAM,na,na,TWENTY THREE ST PT,,PRIMARY
TEAMSWITCH,1,_222F9CFA-7947-442E-BE34-A5FFEB87AFB5,MALAGA COVE_TEAM,na,na,PALOS VERDES,,PRIMARY
TEAMSWITCH,1,2336079E:RCS1464,POWDER_TEAM,na,na,RIO HONDO,,PRIMARY
TEAMSWITCH,1,1546928E:RCS1251,POWDER_TEAM,na,na,RIO HONDO,,PRIMARY
TEAMSWITCH,1,1576892E:RCS1228,POWDER_TEAM,na,na,RIO HONDO,,PRIMARY
TEAMSWITCH,1,902930E:RSR0193,POWDER_TEAM,na,na,RIO HONDO,,PRIMARY
TEAMSWITCH,1,_58B4C36A-99A5-4BD5-9F12-9729B3F64005,POWDER_TEAM,na,na,RIO HONDO,,PRIMARY
TEAMSWITCH,1,245847S:RAR0154,ROBINSON CREEK_TEAM,na,na,BRIDGEPORT,,PRIMARY
TEAMSWITCH,1,245968S:RCS0192,ROBINSON CREEK_TEAM,na,na,BRIDGEPORT,,PRIMARY
TEAMSWITCH,1,_E14C72EC-C328-4A76-9950-FF9BA06C4DC8,ROBINSON CREEK_TEAM,na,na,BRIDGEPORT,,PRIMARY
TEAMSWITCH,1,4170708E:RCS9607,GODDE_TEAM,na,na,QUARTZ HILL,,PRIMARY
TEAMSWITCH,1,4499957E:RCS9913,GODDE_TEAM,na,na,QUARTZ HILL,,PRIMARY
TEAMSWITCH,1,2259823E:RCS2241,GODDE_TEAM,na,na,QUARTZ HILL,,PRIMARY
TEAMSWITCH,1,_6A67DD9D-7D60-45D8-9EDF-F6B76051C97B,GODDE_TEAM,na,na,QUARTZ HILL,,PRIMARY
TEAMSWITCH,1,1778411E:RCS0829,CRUMVILLE_TEAM,na,na,DOWNS,,PRIMARY
TEAMSWITCH,1,5451466:RCS9608-2,CRUMVILLE_TEAM,na,na,DOWNS,,PRIMARY
TEAMSWITCH,1,5618630:RCS0833-1,CRUMVILLE_TEAM,na,na,DOWNS,,PRIMARY
TEAMSWITCH,1,_2B095184-E111-46D0-871F-5BE70EEDEEFE,CRUMVILLE_TEAM,na,na,DOWNS,,PRIMARY
TEAMSWITCH,1,4451163E:RAR1926,MCDERMONT_TEAM,na,na,LINDSAY,,PRIMARY
TEAMSWITCH,1,4400942E:RCS1985,MCDERMONT_TEAM,na,na,LINDSAY,,PRIMARY
TEAMSWITCH,1,1869771E:RCS1458,MCDERMONT_TEAM,na,na,LINDSAY,,PRIMARY
TEAMSWITCH,1,1464909E:RCS1582,MCDERMONT_TEAM,na,na,LINDSAY,,PRIMARY
TEAMSWITCH,1,4400932E:RCS0386,MCDERMONT_TEAM,na,na,LINDSAY,,PRIMARY
TEAMSWITCH,1,1294642E:RCS3976,MCDERMONT_TEAM,na,na,LINDSAY,,PRIMARY
TEAMSWITCH,1,5648012:RCSG537-3,MCDERMONT_TEAM,na,na,LINDSAY,,PRIMARY
TEAMSWITCH,1,5648013:RCSG538-3,MCDERMONT_TEAM,na,na,LINDSAY,,PRIMARY
TEAMSWITCH,1,5648013:RCSG538-4,MCDERMONT_TEAM,na,na,LINDSAY,,PRIMARY
TEAMSWITCH,1,_617EAE31-36C4-43B9-8CBD-65C8DB684B3D,MCDERMONT_TEAM,na,na,LINDSAY,,PRIMARY
TEAMSWITCH,1,_741D5983-0C43-4CB1-BC53-8C019F30B10A,CRENSHAW_TEAM,na,na,MONETA,,PRIMARY
TEAMSWITCH,1,1923688E:RAR1047,PAPPAS_TEAM,na,na,RANDSBURG,,PRIMARY
TEAMSWITCH,1,4919744E:RAR1045,PAPPAS_TEAM,na,na,RANDSBURG,,PRIMARY
TEAMSWITCH,1,4241561E:RCS0023,PAPPAS_TEAM,na,na,RANDSBURG,,PRIMARY
TEAMSWITCH,1,1923683E:RCS0018,PAPPAS_TEAM,na,na,RANDSBURG,,PRIMARY
TEAMSWITCH,1,4961705E:RCS1046,PAPPAS_TEAM,na,na,RANDSBURG,,PRIMARY
TEAMSWITCH,1,_77415EB7-7C7D-4D8A-8AFA-4D6983D2A553,PAPPAS_TEAM,na,na,RANDSBURG,,PRIMARY
TEAMSWITCH,1,4590938E:RAR0081,BOOSTER_TEAM,na,na,LINDSAY,,PRIMARY
TEAMSWITCH,1,4256678E:RCS1871,BOOSTER_TEAM,na,na,LINDSAY,,PRIMARY
TEAMSWITCH,1,4026166E:RCS1978,BOOSTER_TEAM,na,na,LINDSAY,,PRIMARY
TEAMSWITCH,1,4368804E:RCS2179,BOOSTER_TEAM,na,na,LINDSAY,,PRIMARY
TEAMSWITCH,1,_58A20A60-1158-4550-B8B8-B88FBF76F47F,BOOSTER_TEAM,na,na,LINDSAY,,PRIMARY
TEAMSWITCH,1,5349148:RCS9148-1,PLACERITA_TEAM,na,na,SAUGUS,,PRIMARY
TEAMSWITCH,1,5349148:RCS9148-3,PLACERITA_TEAM,na,na,SAUGUS,,PRIMARY
TEAMSWITCH,1,_C24E3F2D-81A3-4D4A-800C-E8CF157C98F8,PLACERITA_TEAM,na,na,SAUGUS,,PRIMARY
TEAMSWITCH,1,5649032:RCS6005-2,ELDER_TEAM,na,na,RIALTO,,PRIMARY
TEAMSWITCH,1,5527701:RCS5705-1,ELDER_TEAM,na,na,RIALTO,,PRIMARY
TEAMSWITCH,1,5527701:RCS5705-4,ELDER_TEAM,na,na,RIALTO,,PRIMARY
TEAMSWITCH,1,4915376E:RCS2495,ELDER_TEAM,na,na,RIALTO,,PRIMARY
TEAMSWITCH,1,4308852E:RSR2266,ELDER_TEAM,na,na,RIALTO,,PRIMARY
TEAMSWITCH,1,2284347E:RSR0340,ELDER_TEAM,na,na,RIALTO,,PRIMARY
TEAMSWITCH,1,4915373E:RSR2496,ELDER_TEAM,na,na,RIALTO,,PRIMARY
TEAMSWITCH,1,_CBF827C2-0114-46F9-87B4-DA57116749ED,ELDER_TEAM,na,na,RIALTO,,PRIMARY
TEAMSWITCH,1,_E442D190-A507-4B9E-B640-E78DC6661BF4,INDIANA_TEAM,na,na,BELVEDERE,,PRIMARY
TEAMSWITCH,1,1746300E:RCS1455,ATMORE_TEAM,na,na,WAKEFIELD,,PRIMARY
TEAMSWITCH,1,1518485E:RCS1071,ATMORE_TEAM,na,na,WAKEFIELD,,PRIMARY
TEAMSWITCH,1,1896977E:RCS1208,ATMORE_TEAM,na,na,WAKEFIELD,,PRIMARY
TEAMSWITCH,1,5710131:RCSG012-2,ATMORE_TEAM,na,na,WAKEFIELD,,PRIMARY
TEAMSWITCH,1,_AF2236A0-5492-4144-805D-9062FC61C4E1,ATMORE_TEAM,na,na,WAKEFIELD,,PRIMARY
TEAMSWITCH,1,_953CDA9F-C44F-45D1-8E68-8B036A8D77ED,PIMA_TEAM,na,na,LUNADA,,PRIMARY
TEAMSWITCH,1,2330769E:RAR0041,GUITAR_TEAM,na,na,ELIZABETH LAKE,,PRIMARY
TEAMSWITCH,1,848243E:RAR0386,GUITAR_TEAM,na,na,ELIZABETH LAKE,,PRIMARY
TEAMSWITCH,1,4256447E:RAR0402,GUITAR_TEAM,na,na,ELIZABETH LAKE,,PRIMARY
TEAMSWITCH,1,1871212E:RCS0316,GUITAR_TEAM,na,na,ELIZABETH LAKE,,PRIMARY
TEAMSWITCH,1,1702886E:RCS0510,GUITAR_TEAM,na,na,ELIZABETH LAKE,,PRIMARY
TEAMSWITCH,1,4197662E:RCS0566,GUITAR_TEAM,na,na,ELIZABETH LAKE,,PRIMARY
TEAMSWITCH,1,1703089E:RCS0525,GUITAR_TEAM,na,na,ELIZABETH LAKE,,PRIMARY
TEAMSWITCH,1,1871210E:RCS0317,GUITAR_TEAM,na,na,ELIZABETH LAKE,,PRIMARY
TEAMSWITCH,1,4729778E:RCS0040,GUITAR_TEAM,na,na,ELIZABETH LAKE,,PRIMARY
TEAMSWITCH,1,848236E:RCS2137,GUITAR_TEAM,na,na,ELIZABETH LAKE,,PRIMARY
TEAMSWITCH,1,848266E:RCS0387,GUITAR_TEAM,na,na,ELIZABETH LAKE,,PRIMARY
TEAMSWITCH,1,5475881:RCS5881-1,GUITAR_TEAM,na,na,ELIZABETH LAKE,,PRIMARY
TEAMSWITCH,1,5536258:RCS6258-1,GUITAR_TEAM,na,na,ELIZABETH LAKE,,PRIMARY
TEAMSWITCH,1,5463771:RCS3771-2,GUITAR_TEAM,na,na,ELIZABETH LAKE,,PRIMARY
TEAMSWITCH,1,5536260:RCS6260-3,GUITAR_TEAM,na,na,ELIZABETH LAKE,,PRIMARY
TEAMSWITCH,1,4510684E:RCS0684,GUITAR_TEAM,na,na,ELIZABETH LAKE,,PRIMARY
TEAMSWITCH,1,5513104:RCSG104-2,GUITAR_TEAM,na,na,ELIZABETH LAKE,,PRIMARY
TEAMSWITCH,1,5527370:RCS0240-4_CS,GUITAR_TEAM,na,na,ELIZABETH LAKE,,PRIMARY
TEAMSWITCH,1,_BA9DF055-D803-46AE-9D22-206FDACDD2A0,GUITAR_TEAM,na,na,ELIZABETH LAKE,,PRIMARY
TEAMSWITCH,1,2345746E:RCS1212,DWEEZIL_TEAM,na,na,QUARTZ HILL,,PRIMARY
TEAMSWITCH,1,2345766E:RCS1164,DWEEZIL_TEAM,na,na,QUARTZ HILL,,PRIMARY
TEAMSWITCH,1,_603CA40D-381E-4FF5-87B4-4768D7E071DB,DWEEZIL_TEAM,na,na,QUARTZ HILL,,PRIMARY
TEAMSWITCH,1,5589943:RCS6331-4,BENHILL_TEAM,na,na,WALTERIA,,PRIMARY
TEAMSWITCH,1,_76D01958-DFF0-4C09-8950-234B8B131368,BENHILL_TEAM,na,na,WALTERIA,,PRIMARY
TEAMSWITCH,1,_1CC53A80-CBD7-4D88-ADF8-500D63543078,CHAPALA_TEAM,na,na,SANTA BARBARA,,PRIMARY
TEAMSWITCH,1,_79479302-6AC6-492E-93DC-BC1AAF831578,ORCHID_TEAM,na,na,ROLLING HILLS,,PRIMARY
TEAMSWITCH,1,819914E:RCS0039,MANCHESTER_TEAM,na,na,MORNINGSIDE,,PRIMARY
TEAMSWITCH,1,819929E:RCS0244,MANCHESTER_TEAM,na,na,MORNINGSIDE,,PRIMARY
TEAMSWITCH,1,_93132DDE-07F5-428F-893D-D9B1B934B6FE,MANCHESTER_TEAM,na,na,MORNINGSIDE,,PRIMARY
TEAMSWITCH,1,4428460E:RCS2295,DIGBY_TEAM,na,na,RANDALL,,PRIMARY
TEAMSWITCH,1,5513812:RCS5063-1,DIGBY_TEAM,na,na,RANDALL,,PRIMARY
TEAMSWITCH,1,5308825:RCS5503-3,DIGBY_TEAM,na,na,RANDALL,,PRIMARY
TEAMSWITCH,1,_97E62EFD-06F8-4C59-8886-608044E2942F,DIGBY_TEAM,na,na,RANDALL,,PRIMARY
TEAMSWITCH,1,_7CE48971-F576-47EB-B829-4622725743FA,DENKER_TEAM,na,na,HOWARD,,PRIMARY
TEAMSWITCH,1,_09FC540E-0B23-4775-ADA4-B6E23B8D367B,QUIXOTE_TEAM,na,na,SOUTHWIND,,PRIMARY
TEAMSWITCH,1,5508927:RCS8927-2,RINER_TEAM,na,na,SAUGUS,,PRIMARY
TEAMSWITCH,1,5743380:RCSG264-3,RINER_TEAM,na,na,SAUGUS,,PRIMARY
TEAMSWITCH,1,_AE5FFD69-3528-4F8D-856D-22EB9D792A8B,RINER_TEAM,na,na,SAUGUS,,PRIMARY
TEAMSWITCH,1,1112400E:RCS0290,NEON_TEAM,na,na,MARINE,,PRIMARY
TEAMSWITCH,1,4387349E:RCS0256,NEON_TEAM,na,na,MARINE,,PRIMARY
TEAMSWITCH,1,_A342887E-3F58-4498-BD79-6221D2C76C38,NEON_TEAM,na,na,MARINE,,PRIMARY
TEAMSWITCH,1,4695140E:RAR3929,MIDGE_TEAM,na,na,QUINN,,PRIMARY
TEAMSWITCH,1,852650E:RAR3914,MIDGE_TEAM,na,na,QUINN,,PRIMARY
TEAMSWITCH,1,4700511E:RAR3913,MIDGE_TEAM,na,na,QUINN,,PRIMARY
TEAMSWITCH,1,597485E:RCS1479,MIDGE_TEAM,na,na,QUINN,,PRIMARY
TEAMSWITCH,1,1584295E:RSR2359,MIDGE_TEAM,na,na,QUINN,,PRIMARY
TEAMSWITCH,1,_CA57CE54-5C98-42ED-A91A-8100CC2E70E0,MIDGE_TEAM,na,na,QUINN,,PRIMARY
TEAMSWITCH,1,_DE05429E-29EA-4CF8-8D4E-855F41C50EA9,CAPITOL_TEAM,na,na,NEWMARK,,PRIMARY
TEAMSWITCH,1,4161562E:RAR0089,MYDA_TEAM,na,na,RAVENDALE,,PRIMARY
TEAMSWITCH,1,_0C21D60B-A027-48B2-89E4-8BD8E20C2889,MYDA_TEAM,na,na,RAVENDALE,,PRIMARY
TEAMSWITCH,1,4141141E:RCS0439,HACK_TEAM,na,na,BLISS,,PRIMARY
TEAMSWITCH,1,4685755E:RCS0836,HACK_TEAM,na,na,BLISS,,PRIMARY
TEAMSWITCH,1,4026248E:RCS4045,HACK_TEAM,na,na,BLISS,,PRIMARY
TEAMSWITCH,1,4368169E:RSR4043,HACK_TEAM,na,na,BLISS,,PRIMARY
TEAMSWITCH,1,744576E:RSR1364,HACK_TEAM,na,na,BLISS,,PRIMARY
TEAMSWITCH,1,_3392BC17-3788-4AE5-9AF1-C947C60E568B,HACK_TEAM,na,na,BLISS,,PRIMARY
TEAMSWITCH,1,_99FF31CC-6308-48A0-83BF-25EA0F847A70,JONES_TEAM,na,na,OCEAN PARK,,PRIMARY
TEAMSWITCH,1,7748:SESPE P.T.-L1,SESPE_TEAM,na,na,SESPE PT,,PRIMARY
TEAMSWITCH,1,7748:SESPE P.T.-H1,SESPE_TEAM,na,na,SESPE PT,,PRIMARY
TEAMSWITCH,1,4816230E:RAR0282,MERRIT_TEAM,na,na,POPLAR,,PRIMARY
TEAMSWITCH,1,629922E:RAR1742,MERRIT_TEAM,na,na,POPLAR,,PRIMARY
TEAMSWITCH,1,744979E:RSR1122,MERRIT_TEAM,na,na,POPLAR,,PRIMARY
TEAMSWITCH,1,1223366E:RSR1675,MERRIT_TEAM,na,na,POPLAR,,PRIMARY
TEAMSWITCH,1,_E8D97372-0440-4D94-A44F-B9979AB194F1,MERRIT_TEAM,na,na,POPLAR,,PRIMARY
TEAMSWITCH,1,4388348E:RAR8961,ACADEMY_TEAM,na,na,NEWBURY,,PRIMARY
TEAMSWITCH,1,4743358E:RCS0147,ACADEMY_TEAM,na,na,NEWBURY,,PRIMARY
TEAMSWITCH,1,4253689E:RCS0256,ACADEMY_TEAM,na,na,NEWBURY,,PRIMARY
TEAMSWITCH,1,5437639:RCS0170-1,ACADEMY_TEAM,na,na,NEWBURY,,PRIMARY
TEAMSWITCH,1,_393690BB-07E5-4076-B4B8-339BC52A3E3A,ACADEMY_TEAM,na,na,NEWBURY,,PRIMARY
TEAMSWITCH,1,4430779E:RCS5312,GIDDINGS_TEAM,na,na,VISALIA,,PRIMARY
TEAMSWITCH,1,_F207286B-BE31-4994-AF66-61274F7AF549,GIDDINGS_TEAM,na,na,VISALIA,,PRIMARY
TEAMSWITCH,1,2268327E:RCS0971,SPARKS_TEAM,na,na,HIGHLAND,,PRIMARY
TEAMSWITCH,1,5425030:RCS1219-1,SPARKS_TEAM,na,na,HIGHLAND,,PRIMARY
TEAMSWITCH,1,4806439E:RCS0150,SPARKS_TEAM,na,na,HIGHLAND,,PRIMARY
TEAMSWITCH,1,4346781E:RSR0959,SPARKS_TEAM,na,na,HIGHLAND,,PRIMARY
TEAMSWITCH,1,_3BA73CED-CD77-499B-931C-AE5DA5892CF6,SPARKS_TEAM,na,na,HIGHLAND,,PRIMARY
TEAMSWITCH,1,5039254:RCS0519-3,SANDMAN_TEAM,na,na,TAHITI,,PRIMARY
TEAMSWITCH,1,5039266:RCS4748-1,SANDMAN_TEAM,na,na,TAHITI,,PRIMARY
TEAMSWITCH,1,5039268:RCS0526-2_CS,SANDMAN_TEAM,na,na,TAHITI,,PRIMARY
TEAMSWITCH,1,5039258:RCS0695-2,SANDMAN_TEAM,na,na,TAHITI,,PRIMARY
TEAMSWITCH,1,_567B2E5F-0BFC-42C3-989F-17C4848319D7,SANDMAN_TEAM,na,na,TAHITI,,PRIMARY
TEAMSWITCH,1,_A4E3F8FB-0E89-46E9-A010-204B85969BD7,SANDMAN_TEAM,na,na,TAHITI,,PRIMARY
TEAMSWITCH,1,2332434E:RAR0829,CARMELITA_TEAM,na,na,SHANDIN,,PRIMARY
TEAMSWITCH,1,4913611E:RAR1550,CARMELITA_TEAM,na,na,SHANDIN,,PRIMARY
TEAMSWITCH,1,4650378E:RCS0919,CARMELITA_TEAM,na,na,SHANDIN,,PRIMARY
TEAMSWITCH,1,1811401E:RCS2012,CARMELITA_TEAM,na,na,SHANDIN,,PRIMARY
TEAMSWITCH,1,4253859E:RCS0644,CARMELITA_TEAM,na,na,SHANDIN,,PRIMARY
TEAMSWITCH,1,5308969:RCS4070-2,CARMELITA_TEAM,na,na,SHANDIN,,PRIMARY
TEAMSWITCH,1,4823982E:RCS0973,CARMELITA_TEAM,na,na,SHANDIN,,PRIMARY
TEAMSWITCH,1,1115798E:RCS1377,CARMELITA_TEAM,na,na,SHANDIN,,PRIMARY
TEAMSWITCH,1,_118E267E-679B-46C8-944E-CF49FC45730D,CARMELITA_TEAM,na,na,SHANDIN,,PRIMARY
TEAMSWITCH,1,_4A8A1F17-8ECC-4FA2-B5AA-39F2BAC7741B,CLOVERFIELD_TEAM,na,na,OCEAN PARK,,PRIMARY
TEAMSWITCH,1,2080940E:RCS1057,BENDER_TEAM,na,na,DALTON,,PRIMARY
TEAMSWITCH,1,4160252E:RCS1338,BENDER_TEAM,na,na,DALTON,,PRIMARY
TEAMSWITCH,1,4661123E:RCS3946,BENDER_TEAM,na,na,DALTON,,PRIMARY
TEAMSWITCH,1,1033986E:RSR1241,BENDER_TEAM,na,na,DALTON,,PRIMARY
TEAMSWITCH,1,1073847E:RSR0387,BENDER_TEAM,na,na,DALTON,,PRIMARY
TEAMSWITCH,1,780974E:RSR0265,BENDER_TEAM,na,na,DALTON,,PRIMARY
TEAMSWITCH,1,4935820E:RSR7740,BENDER_TEAM,na,na,DALTON,,PRIMARY
TEAMSWITCH,1,_5D9813EB-D581-4F71-8A6B-9A3A139F6451,BENDER_TEAM,na,na,DALTON,,PRIMARY
TEAMSWITCH,1,4539553E:RCS2156,WOODROAD_TEAM,na,na,COLONIA,,PRIMARY
TEAMSWITCH,1,_0E465BB3-F95D-4A8C-8EA4-D9D0BC59D57F,WOODROAD_TEAM,na,na,COLONIA,,PRIMARY
TEAMSWITCH,1,1448607E:RCS1051,NISLEY_TEAM,na,na,INGLEWOOD,,PRIMARY
TEAMSWITCH,1,933537E:RCS0064,NISLEY_TEAM,na,na,INGLEWOOD,,PRIMARY
TEAMSWITCH,1,1836097E:RCS0361,NISLEY_TEAM,na,na,INGLEWOOD,,PRIMARY
TEAMSWITCH,1,319987E:RCS0095,NISLEY_TEAM,na,na,INGLEWOOD,,PRIMARY
TEAMSWITCH,1,1446847E:RSR0119,NISLEY_TEAM,na,na,INGLEWOOD,,PRIMARY
TEAMSWITCH,1,1831188E:RSR0404,NISLEY_TEAM,na,na,INGLEWOOD,,PRIMARY
TEAMSWITCH,1,_116D0B2C-4A06-4806-B977-293CAB708993,NISLEY_TEAM,na,na,INGLEWOOD,,PRIMARY
TEAMSWITCH,1,83539E:RCS0304,BURNS_TEAM,na,na,YUCAIPA,,PRIMARY
TEAMSWITCH,1,4201877E:RCS0235,BURNS_TEAM,na,na,YUCAIPA,,PRIMARY
TEAMSWITCH,1,5701142:RCS2665-4_CS,BURNS_TEAM,na,na,YUCAIPA,,PRIMARY
TEAMSWITCH,1,5012363:RCS2663-4_CS,BURNS_TEAM,na,na,YUCAIPA,,PRIMARY
TEAMSWITCH,1,4703325E:RSR1098,BURNS_TEAM,na,na,YUCAIPA,,PRIMARY
TEAMSWITCH,1,4804437E:RSR1099,BURNS_TEAM,na,na,YUCAIPA,,PRIMARY
TEAMSWITCH,1,1376283E:RSR0203,BURNS_TEAM,na,na,YUCAIPA,,PRIMARY
TEAMSWITCH,1,_23E6FFA7-5D0E-4883-BD5B-C2367568E0F6,BURNS_TEAM,na,na,YUCAIPA,,PRIMARY
TEAMSWITCH,1,_694A7A9C-FADD-4166-8AFA-C0546FF70F7F,BURNS_TEAM,na,na,YUCAIPA,,PRIMARY
TEAMSWITCH,1,4703491E:RAR3969,DORAN_TEAM,na,na,EARLIMART,,PRIMARY
TEAMSWITCH,1,771233E:RCS0100,DORAN_TEAM,na,na,EARLIMART,,PRIMARY
TEAMSWITCH,1,525302E:RCS1994,DORAN_TEAM,na,na,EARLIMART,,PRIMARY
TEAMSWITCH,1,1411289E:RCS0025,DORAN_TEAM,na,na,EARLIMART,,PRIMARY
TEAMSWITCH,1,4289499E:RCS1683,DORAN_TEAM,na,na,EARLIMART,,PRIMARY
TEAMSWITCH,1,_DF4EE4EA-7D34-4134-852F-63B68B424B4D,DORAN_TEAM,na,na,EARLIMART,,PRIMARY
TEAMSWITCH,1,_F51B2DD7-7343-497A-B69D-942D46D9A3D3,FRANKLIN_TEAM,na,na,COLORADO,,PRIMARY
TEAMSWITCH,1,4686293E:RCS2573,WALLACE_TEAM,na,na,DELANO,,PRIMARY
TEAMSWITCH,1,4695461E:RCS1662,WALLACE_TEAM,na,na,DELANO,,PRIMARY
TEAMSWITCH,1,4140999E:RCS1234,WALLACE_TEAM,na,na,DELANO,,PRIMARY
TEAMSWITCH,1,5492588:RCS2568-1,WALLACE_TEAM,na,na,DELANO,,PRIMARY
TEAMSWITCH,1,_62293ED5-6962-41EE-BAAE-093F4E841470,WALLACE_TEAM,na,na,DELANO,,PRIMARY
TEAMSWITCH,1,5138113:RCS8113-4,MAGIC_TEAM,na,na,SAUGUS,,PRIMARY
TEAMSWITCH,1,5346585:RCS6585-3,MAGIC_TEAM,na,na,SAUGUS,,PRIMARY
TEAMSWITCH,1,_0EE9457A-CDAA-484B-8668-0DE2EF9847A1,MAGIC_TEAM,na,na,SAUGUS,,PRIMARY
TEAMSWITCH,1,4949143E:RAR4081,CAMELLIA_TEAM,na,na,ANITA,,PRIMARY
TEAMSWITCH,1,5527635:RCS9618-4,CAMELLIA_TEAM,na,na,ANITA,,PRIMARY
TEAMSWITCH,1,5527635:RCS9618-1,CAMELLIA_TEAM,na,na,ANITA,,PRIMARY
TEAMSWITCH,1,5008393:RCS0085-3_CS,CAMELLIA_TEAM,na,na,ANITA,,PRIMARY
TEAMSWITCH,1,4908685E:RSR3138,CAMELLIA_TEAM,na,na,ANITA,,PRIMARY
TEAMSWITCH,1,_265014EC-AFCC-4A74-8DAC-8507A20F67FD,CAMELLIA_TEAM,na,na,ANITA,,PRIMARY
TEAMSWITCH,1,4964052E:RAR6156,TRIUNFO_TEAM,na,na,MALIBU,,PRIMARY
TEAMSWITCH,1,4434807E:RCS0452,TRIUNFO_TEAM,na,na,MALIBU,,PRIMARY
TEAMSWITCH,1,4388666E:RCS0226,TRIUNFO_TEAM,na,na,MALIBU,,PRIMARY
TEAMSWITCH,1,5404211:RCS1754-1,TRIUNFO_TEAM,na,na,MALIBU,,PRIMARY
TEAMSWITCH,1,_B1CC90FE-E649-4FD2-91BA-2C181354087F,TRIUNFO_TEAM,na,na,MALIBU,,PRIMARY
TEAMSWITCH,1,_F7CAEAC6-B00D-441F-B50A-3449FCCA4ADE,NIMITZ_TEAM,na,na,SAWTELLE,,PRIMARY
TEAMSWITCH,1,5473410:RCS3815-1,COTTONMOUTH_TEAM,na,na,NORTH OAKS,,PRIMARY
TEAMSWITCH,1,5137763:RCS7763-4,COTTONMOUTH_TEAM,na,na,NORTH OAKS,,PRIMARY
TEAMSWITCH,1,5305207:RCS5207-2,COTTONMOUTH_TEAM,na,na,NORTH OAKS,,PRIMARY
TEAMSWITCH,1,5374981:RCS4981-1_CS,COTTONMOUTH_TEAM,na,na,NORTH OAKS,,PRIMARY
TEAMSWITCH,1,5306124:RCS6124-2_CS,COTTONMOUTH_TEAM,na,na,NORTH OAKS,,PRIMARY
TEAMSWITCH,1,_210F562A-6815-4B4F-8837-76ED97E69667,COTTONMOUTH_TEAM,na,na,NORTH OAKS,,PRIMARY
TEAMSWITCH,1,4603976E:RCS0054,FREIGHTLINER_TEAM,na,na,ROADWAY,,PRIMARY
TEAMSWITCH,1,4586535E:RCS0096,FREIGHTLINER_TEAM,na,na,ROADWAY,,PRIMARY
TEAMSWITCH,1,4404895E:RCS0076,FREIGHTLINER_TEAM,na,na,ROADWAY,,PRIMARY
TEAMSWITCH,1,_ADF7D19C-3EE5-42C6-828A-D2D7AE563DAF,FREIGHTLINER_TEAM,na,na,ROADWAY,,PRIMARY
TEAMSWITCH,1,1746509E:RAR0130,ANGUS_TEAM,na,na,FILLMORE,,PRIMARY
TEAMSWITCH,1,4800367E:RAR1505,ANGUS_TEAM,na,na,FILLMORE,,PRIMARY
TEAMSWITCH,1,4010641E:RAR3737,ANGUS_TEAM,na,na,FILLMORE,,PRIMARY
TEAMSWITCH,1,4297969E:RCS1064,ANGUS_TEAM,na,na,FILLMORE,,PRIMARY
TEAMSWITCH,1,5402486:RCS5022-2,ANGUS_TEAM,na,na,FILLMORE,,PRIMARY
TEAMSWITCH,1,1702839E:RCS1104,ANGUS_TEAM,na,na,FILLMORE,,PRIMARY
TEAMSWITCH,1,1130848E:RSR1111,ANGUS_TEAM,na,na,FILLMORE,,PRIMARY
TEAMSWITCH,1,2116627E:RSR8530,ANGUS_TEAM,na,na,FILLMORE,,PRIMARY
TEAMSWITCH,1,_E5E390B4-27DF-4767-9175-5C4E465E7454,ANGUS_TEAM,na,na,FILLMORE,,PRIMARY
TEAMSWITCH,1,4199146E:RAR3825,LOPEZ_TEAM,na,na,SAN FERNANDO,,PRIMARY
TEAMSWITCH,1,4729770E:RAR0010,LOPEZ_TEAM,na,na,SAN FERNANDO,,PRIMARY
TEAMSWITCH,1,4779951E:RAR0296,LOPEZ_TEAM,na,na,SAN FERNANDO,,PRIMARY
TEAMSWITCH,1,4669745E:RAR9745,LOPEZ_TEAM,na,na,SAN FERNANDO,,PRIMARY
TEAMSWITCH,1,1937201E:RAR0048,LOPEZ_TEAM,na,na,SAN FERNANDO,,PRIMARY
TEAMSWITCH,1,1216757E:RCS0133,LOPEZ_TEAM,na,na,SAN FERNANDO,,PRIMARY
TEAMSWITCH,1,1790584E:RCS0227,LOPEZ_TEAM,na,na,SAN FERNANDO,,PRIMARY
TEAMSWITCH,1,1216607E:RCS0368,LOPEZ_TEAM,na,na,SAN FERNANDO,,PRIMARY
TEAMSWITCH,1,4393070E:RCS6104,LOPEZ_TEAM,na,na,SAN FERNANDO,,PRIMARY
TEAMSWITCH,1,1216761E:RCS2372,LOPEZ_TEAM,na,na,SAN FERNANDO,,PRIMARY
TEAMSWITCH,1,4548975E:RCS2400,LOPEZ_TEAM,na,na,SAN FERNANDO,,PRIMARY
TEAMSWITCH,1,4789819E:RCS4085,LOPEZ_TEAM,na,na,SAN FERNANDO,,PRIMARY
TEAMSWITCH,1,1399099E:RCS0045,LOPEZ_TEAM,na,na,SAN FERNANDO,,PRIMARY
TEAMSWITCH,1,4257635E:RCS6668,LOPEZ_TEAM,na,na,SAN FERNANDO,,PRIMARY
TEAMSWITCH,1,_64E548BB-BF62-4F51-91B2-5BE1B1F3B392,LOPEZ_TEAM,na,na,SAN FERNANDO,,PRIMARY
TEAMSWITCH,1,1156594E:RCS1171,PISTON_TEAM,na,na,DITMAR,,PRIMARY
TEAMSWITCH,1,1610231E:RCS1170,PISTON_TEAM,na,na,DITMAR,,PRIMARY
TEAMSWITCH,1,5518321:RCS6243-4,PISTON_TEAM,na,na,DITMAR,,PRIMARY
TEAMSWITCH,1,890150E:RSR1293,PISTON_TEAM,na,na,DITMAR,,PRIMARY
TEAMSWITCH,1,1082471E:RSR1193,PISTON_TEAM,na,na,DITMAR,,PRIMARY
TEAMSWITCH,1,200389E:RSR0262,PISTON_TEAM,na,na,DITMAR,,PRIMARY
TEAMSWITCH,1,1610250E:RSR0221,PISTON_TEAM,na,na,DITMAR,,PRIMARY
TEAMSWITCH,1,4407438E:RSR1391,PISTON_TEAM,na,na,DITMAR,,PRIMARY
TEAMSWITCH,1,_FC3EFC79-D5BD-4974-B784-CD05573AA996,PISTON_TEAM,na,na,DITMAR,,PRIMARY
TEAMSWITCH,1,4779591E:RAR0200,DUNTLEY_TEAM,na,na,NEENACH,,PRIMARY
TEAMSWITCH,1,4837723E:RAR1148,DUNTLEY_TEAM,na,na,NEENACH,,PRIMARY
TEAMSWITCH,1,2334492E:RCS0501,DUNTLEY_TEAM,na,na,NEENACH,,PRIMARY
TEAMSWITCH,1,_145B780F-77DB-442B-B878-941CAD5ED26C,DUNTLEY_TEAM,na,na,NEENACH,,PRIMARY
TEAMSWITCH,1,_30564F04-5F7B-4E28-9BC7-2AD09DE7D66A,OXFORD_TEAM,na,na,YUKON,,PRIMARY
TEAMSWITCH,1,_20E29523-0E5D-44C6-8085-2D0B927DD144,COGSWELL_TEAM,na,na,AMADOR,,PRIMARY
TEAMSWITCH,1,4132231E:RAR2022,ZINFANDEL_TEAM,na,na,PEPPER,,PRIMARY
TEAMSWITCH,1,4586550E:RCS0278,ZINFANDEL_TEAM,na,na,PEPPER,,PRIMARY
TEAMSWITCH,1,2310357E:RCS2060,ZINFANDEL_TEAM,na,na,PEPPER,,PRIMARY
TEAMSWITCH,1,_0650760B-D196-427A-BCC4-34D1CA66DEFF,ZINFANDEL_TEAM,na,na,PEPPER,,PRIMARY
TEAMSWITCH,1,4304746E:RCS2003,CONNERS_TEAM,na,na,WIMBLEDON,,PRIMARY
TEAMSWITCH,1,674347E:RCS2251,CONNERS_TEAM,na,na,WIMBLEDON,,PRIMARY
TEAMSWITCH,1,5180944:RCS1641-4,CONNERS_TEAM,na,na,WIMBLEDON,,PRIMARY
TEAMSWITCH,1,_B31EB8FA-507B-4FC1-8A33-6529D001142B,CONNERS_TEAM,na,na,WIMBLEDON,,PRIMARY
TEAMSWITCH,1,1248324E:RCS0807,CAJON_TEAM,na,na,REDLANDS,,PRIMARY
TEAMSWITCH,1,4376669E:RCS0038,CAJON_TEAM,na,na,REDLANDS,,PRIMARY
TEAMSWITCH,1,_4FDD2374-ABD4-47E9-97AF-F51C481C6DB5,CAJON_TEAM,na,na,REDLANDS,,PRIMARY
TEAMSWITCH,1,4973803E:RAR1090,CADILLAC_TEAM,na,na,NARROWS,,PRIMARY
TEAMSWITCH,1,2218768E:RCS0993,CADILLAC_TEAM,na,na,NARROWS,,PRIMARY
TEAMSWITCH,1,5179151:RCS0843-3,CADILLAC_TEAM,na,na,NARROWS,,PRIMARY
TEAMSWITCH,1,5718296:RCSG035-1,CADILLAC_TEAM,na,na,NARROWS,,PRIMARY
TEAMSWITCH,1,5163763:RCS0689-2,CADILLAC_TEAM,na,na,NARROWS,,PRIMARY
TEAMSWITCH,1,5163758:RCS0691-4,CADILLAC_TEAM,na,na,NARROWS,,PRIMARY
TEAMSWITCH,1,5178584:RCS2029-4,CADILLAC_TEAM,na,na,NARROWS,,PRIMARY
TEAMSWITCH,1,_EE561C3B-31CA-4FE3-A693-DA73748440BB,CADILLAC_TEAM,na,na,NARROWS,,PRIMARY
TEAMSWITCH,1,_1A54204B-4524-4DBB-B029-84C454DE54B3,TWENTY SIX ST_TEAM,na,na,SANTA MONICA,,PRIMARY
TEAMSWITCH,1,1547099E:RCS0322,JOSARD_TEAM,na,na,RAVENDALE,,PRIMARY
TEAMSWITCH,1,_C6CDBC5B-1389-41D4-997C-5E00E31ECA6A,JOSARD_TEAM,na,na,RAVENDALE,,PRIMARY
TEAMSWITCH,1,_1A28AFDC-5E24-4DA5-B3E6-D918A4A42EDF,JOSARD_TEAM,na,na,RAVENDALE,,PRIMARY
TEAMSWITCH,1,1752781E:RCS0746,JULEP_TEAM,na,na,NARROWS,,PRIMARY
TEAMSWITCH,1,1052182E:RCS0531,JULEP_TEAM,na,na,NARROWS,,PRIMARY
TEAMSWITCH,1,1042594E:RSR0491,JULEP_TEAM,na,na,NARROWS,,PRIMARY
TEAMSWITCH,1,832694E:RSR0822,JULEP_TEAM,na,na,NARROWS,,PRIMARY
TEAMSWITCH,1,_AABCCA62-A154-40BE-A06A-8EEC0EC7F953,JULEP_TEAM,na,na,NARROWS,,PRIMARY
TEAMSWITCH,1,1218201E:RCS0714,SIMS_TEAM,na,na,PALMDALE,,PRIMARY
TEAMSWITCH,1,951522E:RCS1223,SIMS_TEAM,na,na,PALMDALE,,PRIMARY
TEAMSWITCH,1,5500067:RCS0067-4,SIMS_TEAM,na,na,PALMDALE,,PRIMARY
TEAMSWITCH,1,_F86BBF58-37A3-41AB-B1B0-9B4B349127FC,SIMS_TEAM,na,na,PALMDALE,,PRIMARY
TEAMSWITCH,1,_0B064AB2-C4E1-4A6F-9AFA-311DB42C0CCC,LAS PIEDRAS_TEAM,na,na,VICTORVILLE,,PRIMARY
TEAMSWITCH,1,4099272E:RCS0904,WOOKIE_TEAM,na,na,SHUTTLE,,PRIMARY
TEAMSWITCH,1,4099245E:RCS1165,WOOKIE_TEAM,na,na,SHUTTLE,,PRIMARY
TEAMSWITCH,1,4099260E:RCS0433,WOOKIE_TEAM,na,na,SHUTTLE,,PRIMARY
TEAMSWITCH,1,4911252E:RCS0516,WOOKIE_TEAM,na,na,SHUTTLE,,PRIMARY
TEAMSWITCH,1,_9AAC6690-4E1A-4579-A9A9-90C54114B6B3,WOOKIE_TEAM,na,na,SHUTTLE,,PRIMARY
TEAMSWITCH,1,4275406E:RAR0499,TAGGERT_TEAM,na,na,RUNNING SPRINGS,,PRIMARY
TEAMSWITCH,1,4625623E:RAR0623,TAGGERT_TEAM,na,na,RUNNING SPRINGS,,PRIMARY
TEAMSWITCH,1,1027645E:RCS0477,TAGGERT_TEAM,na,na,RUNNING SPRINGS,,PRIMARY
TEAMSWITCH,1,4563393E:RCS0674,TAGGERT_TEAM,na,na,RUNNING SPRINGS,,PRIMARY
TEAMSWITCH,1,4650892E:RSR1958,TAGGERT_TEAM,na,na,RUNNING SPRINGS,,PRIMARY
TEAMSWITCH,1,_85510A93-D15E-4BFA-936E-5BA0F0D793CF,TAGGERT_TEAM,na,na,RUNNING SPRINGS,,PRIMARY
TEAMSWITCH,1,546033E:RCS0302,CRABTREE_TEAM,na,na,SAUGUS,,PRIMARY
TEAMSWITCH,1,1394825E:RCS5164,CRABTREE_TEAM,na,na,SAUGUS,,PRIMARY
TEAMSWITCH,1,5595459:RCS5459-1,CRABTREE_TEAM,na,na,SAUGUS,,PRIMARY
TEAMSWITCH,1,5371001:RCS1001-2,CRABTREE_TEAM,na,na,SAUGUS,,PRIMARY
TEAMSWITCH,1,5305342:RCS3962-1_CS,CRABTREE_TEAM,na,na,SAUGUS,,PRIMARY
TEAMSWITCH,1,5305342:RCS5342-1_CS,CRABTREE_TEAM,na,na,SAUGUS,,PRIMARY
TEAMSWITCH,1,5334375:RCS4375-3_CS,CRABTREE_TEAM,na,na,SAUGUS,,PRIMARY
TEAMSWITCH,1,_3A279A07-14A9-4B15-A325-F21F58A26E4C,CRABTREE_TEAM,na,na,SAUGUS,,PRIMARY
TEAMSWITCH,1,4458134E:RAR0746,TENNECO_TEAM,na,na,FRAZIER PARK,,PRIMARY
TEAMSWITCH,1,2059296E:RAR0745,TENNECO_TEAM,na,na,FRAZIER PARK,,PRIMARY
TEAMSWITCH,1,1433571E:RAR0741,TENNECO_TEAM,na,na,FRAZIER PARK,,PRIMARY
TEAMSWITCH,1,4404955E:RAR0764,TENNECO_TEAM,na,na,FRAZIER PARK,,PRIMARY
TEAMSWITCH,1,1963671E:RAR0765,TENNECO_TEAM,na,na,FRAZIER PARK,,PRIMARY
TEAMSWITCH,1,4428647E:RAR3835,TENNECO_TEAM,na,na,FRAZIER PARK,,PRIMARY
TEAMSWITCH,1,1938219E:RAR0761,TENNECO_TEAM,na,na,FRAZIER PARK,,PRIMARY
TEAMSWITCH,1,3008960E:RAR0749,TENNECO_TEAM,na,na,FRAZIER PARK,,PRIMARY
TEAMSWITCH,1,1986974E:RCS0732,TENNECO_TEAM,na,na,FRAZIER PARK,,PRIMARY
TEAMSWITCH,1,1937637E:RCS0726,TENNECO_TEAM,na,na,FRAZIER PARK,,PRIMARY
TEAMSWITCH,1,1421282E:RCS0778,TENNECO_TEAM,na,na,FRAZIER PARK,,PRIMARY
TEAMSWITCH,1,4950897E:RCS0054,TENNECO_TEAM,na,na,FRAZIER PARK,,PRIMARY
TEAMSWITCH,1,4257508E:RCS0779,TENNECO_TEAM,na,na,FRAZIER PARK,,PRIMARY
TEAMSWITCH,1,2007429E:RCS0762,TENNECO_TEAM,na,na,FRAZIER PARK,,PRIMARY
TEAMSWITCH,1,2180854E:RCS0735,TENNECO_TEAM,na,na,FRAZIER PARK,,PRIMARY
TEAMSWITCH,1,4761537E:RCS0724,TENNECO_TEAM,na,na,FRAZIER PARK,,PRIMARY
TEAMSWITCH,1,_C5D86570-B78F-4919-9CBB-C543084C7C1F,TENNECO_TEAM,na,na,FRAZIER PARK,,PRIMARY
TEAMSWITCH,1,1937244E:RCS0135,GAVIN_TEAM,na,na,NEWHALL,,PRIMARY
TEAMSWITCH,1,5458836:RCS8836-2,GAVIN_TEAM,na,na,NEWHALL,,PRIMARY
TEAMSWITCH,1,5138789:RCS8789-2,GAVIN_TEAM,na,na,NEWHALL,,PRIMARY
TEAMSWITCH,1,_6C8ABE0A-B6B1-4C58-B5B0-A61AB9683557,GAVIN_TEAM,na,na,NEWHALL,,PRIMARY
TEAMSWITCH,1,_12F8E00A-1762-4FED-87E5-A759E5D79952,HARDY_TEAM,na,na,LENNOX,,PRIMARY
TEAMSWITCH,1,_A292AE1E-BECC-43CD-91FC-9C6C4C652ADD,DOZIER_TEAM,na,na,REPETTO,,PRIMARY
TEAMSWITCH,1,_A7D316F4-6DB5-4754-9925-67929E34047D,DOZIER_TEAM,na,na,REPETTO,,PRIMARY
TEAMSWITCH,1,4773420E:RCS0690,KERN_TEAM,na,na,HESPERIA,,PRIMARY
TEAMSWITCH,1,1601632E:RCS0738,KERN_TEAM,na,na,HESPERIA,,PRIMARY
TEAMSWITCH,1,4495065E:RCS0467,KERN_TEAM,na,na,HESPERIA,,PRIMARY
TEAMSWITCH,1,2223999E:RSR0540,KERN_TEAM,na,na,HESPERIA,,PRIMARY
TEAMSWITCH,1,_466F8A91-62CF-4FAB-9527-66F854B82947,KERN_TEAM,na,na,HESPERIA,,PRIMARY
TEAMSWITCH,1,_2F4B1DEC-DAED-4D53-9A62-1C673E5683B8,MARENGO_TEAM,na,na,ALHAMBRA,,PRIMARY
TEAMSWITCH,1,_612B1666-3506-429A-9347-0E1C2F717881,SUN_TEAM,na,na,STODDARD,,PRIMARY
TEAMSWITCH,1,GT1228:RCS1095,PARMAN_TEAM,na,na,COLORADO,,PRIMARY
TEAMSWITCH,1,5040723:RCS0800-4,PARMAN_TEAM,na,na,COLORADO,,PRIMARY
TEAMSWITCH,1,5529521:RCS4308-1,PARMAN_TEAM,na,na,COLORADO,,PRIMARY
TEAMSWITCH,1,5529521:RCS4308-2,PARMAN_TEAM,na,na,COLORADO,,PRIMARY
TEAMSWITCH,1,5040718:RCS0797-2,PARMAN_TEAM,na,na,COLORADO,,PRIMARY
TEAMSWITCH,1,1045787E:RCS0069,PARMAN_TEAM,na,na,COLORADO,,PRIMARY
TEAMSWITCH,1,5040006:RCS0641-1_CS,PARMAN_TEAM,na,na,COLORADO,,PRIMARY
TEAMSWITCH,1,5040006:RCS0641-4_CS,PARMAN_TEAM,na,na,COLORADO,,PRIMARY
TEAMSWITCH,1,_4E71B047-C742-466A-A60A-9765002B05F4,PARMAN_TEAM,na,na,COLORADO,,PRIMARY
TEAMSWITCH,1,5311870:RCS7847-1,ROWE_TEAM,na,na,MAXWELL,,PRIMARY
TEAMSWITCH,1,5311874:RCS1107-5,ROWE_TEAM,na,na,MAXWELL,,PRIMARY
TEAMSWITCH,1,_5CB477CF-2F47-475F-9815-EF9409B7FC6D,ROWE_TEAM,na,na,MAXWELL,,PRIMARY
TEAMSWITCH,1,1936084E:RAR2837,RADNOR_TEAM,na,na,DELANO,,PRIMARY
TEAMSWITCH,1,2241862E:RCS1780,RADNOR_TEAM,na,na,DELANO,,PRIMARY
TEAMSWITCH,1,773389E:RCS1751,RADNOR_TEAM,na,na,DELANO,,PRIMARY
TEAMSWITCH,1,879748E:RCS1425,RADNOR_TEAM,na,na,DELANO,,PRIMARY
TEAMSWITCH,1,5554051:RCS2715-4,RADNOR_TEAM,na,na,DELANO,,PRIMARY
TEAMSWITCH,1,2241852E:RCS1941,RADNOR_TEAM,na,na,DELANO,,PRIMARY
TEAMSWITCH,1,2241877E:RCS1325,RADNOR_TEAM,na,na,DELANO,,PRIMARY
TEAMSWITCH,1,4901154E:RSR4052,RADNOR_TEAM,na,na,DELANO,,PRIMARY
TEAMSWITCH,1,4901156E:RSR2330,RADNOR_TEAM,na,na,DELANO,,PRIMARY
TEAMSWITCH,1,4901155E:RSR1938,RADNOR_TEAM,na,na,DELANO,,PRIMARY
TEAMSWITCH,1,_050C71FC-D90C-46F0-84FF-ABA0DBE17974,RADNOR_TEAM,na,na,DELANO,,PRIMARY
TEAMSWITCH,1,5584535:RCS6478-1_CS,ZINC_TEAM,na,na,CREST,,PRIMARY
TEAMSWITCH,1,1459965E:RSR0500,ZINC_TEAM,na,na,CREST,,PRIMARY
TEAMSWITCH,1,_25BF3CED-42DB-4835-BD83-8BB734262CFE,ZINC_TEAM,na,na,CREST,,PRIMARY
TEAMSWITCH,1,5544434:RCSG434-3,TIERRA BONITA_TEAM,na,na,LITTLE ROCK,,PRIMARY
TEAMSWITCH,1,5544434:RCSG434-4,TIERRA BONITA_TEAM,na,na,LITTLE ROCK,,PRIMARY
TEAMSWITCH,1,_263CA9C0-A899-4F13-A35F-CD9AACEBB440,TOUR_TEAM,na,na,MOBILOIL,,PRIMARY
TEAMSWITCH,1,5429909:RCS1932-2,DEEP CREEK_TEAM,na,na,APPLE VALLEY,,PRIMARY
TEAMSWITCH,1,5429915:RCS1225-2,DEEP CREEK_TEAM,na,na,APPLE VALLEY,,PRIMARY
TEAMSWITCH,1,_842E9870-ACDC-4229-B310-A13BA203D048,DEEP CREEK_TEAM,na,na,APPLE VALLEY,,PRIMARY
TEAMSWITCH,1,5508446:RCS4899-2,SHINE_TEAM,na,na,RANDALL,,PRIMARY
TEAMSWITCH,1,5513756:RCS5064-1,SHINE_TEAM,na,na,RANDALL,,PRIMARY
TEAMSWITCH,1,_9416BD4B-9429-4FB4-B48C-031A0158DED5,SHINE_TEAM,na,na,RANDALL,,PRIMARY
TEAMSWITCH,1,4683872E:RAR3764,WILDFLOWER_TEAM,na,na,MARIPOSA,,PRIMARY
TEAMSWITCH,1,_3078BD7D-BB78-49B5-9980-595174F37316,WILDFLOWER_TEAM,na,na,MARIPOSA,,PRIMARY
TEAMSWITCH,1,2284990E:RAR2015,LANCERS_TEAM,na,na,PEPPER,,PRIMARY
TEAMSWITCH,1,2310357E:RCS2060,LANCERS_TEAM,na,na,PEPPER,,PRIMARY
TEAMSWITCH,1,4769413E:RCS0411,LANCERS_TEAM,na,na,PEPPER,,PRIMARY
TEAMSWITCH,1,2254821E:RCS2720,LANCERS_TEAM,na,na,PEPPER,,PRIMARY
TEAMSWITCH,1,_9FEA6FB5-02BD-443C-8085-0AD4539D3BBD,LANCERS_TEAM,na,na,PEPPER,,PRIMARY
TEAMSWITCH,1,4285075E:RAR0565,WESTFALL_TEAM,na,na,WESTFALL PM,,PRIMARY
TEAMSWITCH,1,4744281E:RCS0234,WESTFALL_TEAM,na,na,WESTFALL PM,,PRIMARY
TEAMSWITCH,1,7924:WESTFALL P.M.-L1,WESTFALL_TEAM,na,na,WESTFALL PM,,PRIMARY
TEAMSWITCH,1,7924:WESTFALL P.M.-H1,WESTFALL_TEAM,na,na,WESTFALL PM,,PRIMARY
TEAMSWITCH,1,5395685:RCS5685-3,QUEENSLAND_TEAM,na,na,LANCASTER,,PRIMARY
TEAMSWITCH,1,4168794E:RSR0601,QUEENSLAND_TEAM,na,na,LANCASTER,,PRIMARY
TEAMSWITCH,1,_B2312C63-BD9F-457C-8C61-CF9C8155A356,QUEENSLAND_TEAM,na,na,LANCASTER,,PRIMARY
TEAMSWITCH,1,5203613:RCS1083-4,CORVETTE_TEAM,na,na,NARROWS,,PRIMARY
TEAMSWITCH,1,4321545E:RSR1849,CORVETTE_TEAM,na,na,NARROWS,,PRIMARY
TEAMSWITCH,1,2313648E:RSR0246,CORVETTE_TEAM,na,na,NARROWS,,PRIMARY
TEAMSWITCH,1,2274520E:RSR0966,CORVETTE_TEAM,na,na,NARROWS,,PRIMARY
TEAMSWITCH,1,_046B45A5-9F89-4777-97E6-F74B64761E44,CORVETTE_TEAM,na,na,NARROWS,,PRIMARY
TEAMSWITCH,1,1241518E:RSR0467,PEDRO_TEAM,na,na,SAN MIGUEL,,PRIMARY
TEAMSWITCH,1,1311466E:RSR0726,PEDRO_TEAM,na,na,SAN MIGUEL,,PRIMARY
TEAMSWITCH,1,1648547E:RSR9639,PEDRO_TEAM,na,na,SAN MIGUEL,,PRIMARY
TEAMSWITCH,1,_1FA996C2-3A5B-4902-BE59-5C28C34A7ADE,PEDRO_TEAM,na,na,SAN MIGUEL,,PRIMARY
TEAMSWITCH,1,_5A5A67C1-B94B-4679-95E0-350F54638F3B,LA BREA_TEAM,na,na,FAIRFAX,,PRIMARY
TEAMSWITCH,1,_676A1108-79D9-4DA4-98CE-6C165437F2B9,GATEWAY_TEAM,na,na,PEARL,,PRIMARY
TEAMSWITCH,1,4752290E:RAR0705,HIGH SCHOOL_TEAM,na,na,HIGH SCHOOL PT,,PRIMARY
TEAMSWITCH,1,801904E:RAR0042,HIGH SCHOOL_TEAM,na,na,HIGH SCHOOL PT,,PRIMARY
TEAMSWITCH,1,772598E:RAR0043,HIGH SCHOOL_TEAM,na,na,HIGH SCHOOL PT,,PRIMARY
TEAMSWITCH,1,7359:HIGH SCHOOL P.T.-L1,HIGH SCHOOL_TEAM,na,na,HIGH SCHOOL PT,,PRIMARY
TEAMSWITCH,1,7359:HIGH SCHOOL P.T.-H1,HIGH SCHOOL_TEAM,na,na,HIGH SCHOOL PT,,PRIMARY
TEAMSWITCH,1,5417074:RCS4486-3,FURY_TEAM,na,na,FALCON RIDGE,,PRIMARY
TEAMSWITCH,1,5456652:RCS4803-2,FURY_TEAM,na,na,FALCON RIDGE,,PRIMARY
TEAMSWITCH,1,_0163E8E8-C9B6-4E1D-97EC-32FC09032DE6,FURY_TEAM,na,na,FALCON RIDGE,,PRIMARY
TEAMSWITCH,1,5392705:RCS4362-2,DUNNING_TEAM,na,na,RANDALL,,PRIMARY
TEAMSWITCH,1,5385121:RCS5328-1,DUNNING_TEAM,na,na,RANDALL,,PRIMARY
TEAMSWITCH,1,5309815:RCS4146-4_CS,DUNNING_TEAM,na,na,RANDALL,,PRIMARY
TEAMSWITCH,1,_8772417B-A495-45D9-8223-1EC6CC0FD8BE,DUNNING_TEAM,na,na,RANDALL,,PRIMARY
TEAMSWITCH,1,963277E:RAR1943,ACORN_TEAM,na,na,ARCADIA,,PRIMARY
TEAMSWITCH,1,_EE007073-C9B8-4D41-9332-A4202B24F3A1,ACORN_TEAM,na,na,ARCADIA,,PRIMARY
TEAMSWITCH,1,4506248E:RCS0165,BANANA_TEAM,na,na,CITRUS,,PRIMARY
TEAMSWITCH,1,_1236D89B-C364-48D9-847D-C4DD55B0E68A,BANANA_TEAM,na,na,CITRUS,,PRIMARY
TEAMSWITCH,1,4274363E:RAR3469,HOBSON_TEAM,na,na,PIXLEY,,PRIMARY
TEAMSWITCH,1,4802645E:RCS2008,HOBSON_TEAM,na,na,PIXLEY,,PRIMARY
TEAMSWITCH,1,4802644E:RCS1548,HOBSON_TEAM,na,na,PIXLEY,,PRIMARY
TEAMSWITCH,1,_4CBFF0BD-7713-4345-B79F-A6E68F4100E2,HOBSON_TEAM,na,na,PIXLEY,,PRIMARY
TEAMSWITCH,1,4736127E:RAR8793,DANUBE_TEAM,na,na,RIO HONDO,,PRIMARY
TEAMSWITCH,1,4907114E:RCS0120,DANUBE_TEAM,na,na,RIO HONDO,,PRIMARY
TEAMSWITCH,1,1636386E:RSR1021,DANUBE_TEAM,na,na,RIO HONDO,,PRIMARY
TEAMSWITCH,1,1567293E:RSR3969,DANUBE_TEAM,na,na,RIO HONDO,,PRIMARY
TEAMSWITCH,1,_714AC843-6EA7-4878-9C6C-FF47D4ED538F,DANUBE_TEAM,na,na,RIO HONDO,,PRIMARY
TEAMSWITCH,1,_0917D087-410A-4966-B4C3-E4B19C42FDF2,LEXINGTON_TEAM,na,na,PIERPONT,,PRIMARY
TEAMSWITCH,1,4794279E:RAR0329,MATILIJA_TEAM,na,na,OJAI,,PRIMARY
TEAMSWITCH,1,4607682E:RCS5175,MATILIJA_TEAM,na,na,OJAI,,PRIMARY
TEAMSWITCH,1,1781621E:RCS0148,MATILIJA_TEAM,na,na,OJAI,,PRIMARY
TEAMSWITCH,1,1067667E:RCS2714,MATILIJA_TEAM,na,na,OJAI,,PRIMARY
TEAMSWITCH,1,4431599E:RSR0382,MATILIJA_TEAM,na,na,OJAI,,PRIMARY
TEAMSWITCH,1,_43EA75A1-509A-417B-8D6D-F3284731DD52,MATILIJA_TEAM,na,na,OJAI,,PRIMARY
TEAMSWITCH,1,4351366E:RAR2049,VOSSLER_TEAM,na,na,WOODVILLE,,PRIMARY
TEAMSWITCH,1,764149E:RCS2043,VOSSLER_TEAM,na,na,WOODVILLE,,PRIMARY
TEAMSWITCH,1,1732998E:RCS0568,VOSSLER_TEAM,na,na,WOODVILLE,,PRIMARY
TEAMSWITCH,1,1517271E:RCS2052,VOSSLER_TEAM,na,na,WOODVILLE,,PRIMARY
TEAMSWITCH,1,1517427E:RSR0322,VOSSLER_TEAM,na,na,WOODVILLE,,PRIMARY
TEAMSWITCH,1,4957001E:RSR0288,VOSSLER_TEAM,na,na,WOODVILLE,,PRIMARY
TEAMSWITCH,1,_892EC76A-2CB0-49E2-81B2-DD977AC60ECD,VOSSLER_TEAM,na,na,WOODVILLE,,PRIMARY
TEAMSWITCH,1,2259376E:RAR1773,SANCHO_TEAM,na,na,SOUTHWIND,,PRIMARY
TEAMSWITCH,1,_83DA8B08-B901-4509-BB15-A1CB95140BD2,SANCHO_TEAM,na,na,SOUTHWIND,,PRIMARY
TEAMSWITCH,1,_059BB8DB-5762-4BBC-8429-1FC0FE113376,CENTURY_TEAM,na,na,LENNOX,,PRIMARY
TEAMSWITCH,1,4477786E:RCS0248,TAYLOR_TEAM,na,na,VISALIA,,PRIMARY
TEAMSWITCH,1,571369E:RCS0631,TAYLOR_TEAM,na,na,VISALIA,,PRIMARY
TEAMSWITCH,1,4700567E:RCS3660,TAYLOR_TEAM,na,na,VISALIA,,PRIMARY
TEAMSWITCH,1,1338025E:RCS3820,TAYLOR_TEAM,na,na,VISALIA,,PRIMARY
TEAMSWITCH,1,_3362A634-B386-46B6-B040-6AA54C5F2724,TAYLOR_TEAM,na,na,VISALIA,,PRIMARY
TEAMSWITCH,1,_B9C51FCB-3184-430C-ACCE-5E2D4E6551B4,MARBLE_TEAM,na,na,DECLEZ,,PRIMARY
TEAMSWITCH,1,4711343E:RCS0071,ARTISANO_TEAM,na,na,LA FRESA,,PRIMARY
TEAMSWITCH,1,4457198E:RCS0296,ARTISANO_TEAM,na,na,LA FRESA,,PRIMARY
TEAMSWITCH,1,_F8BAEB9F-AC3F-4A64-8691-980E5403D385,ARTISANO_TEAM,na,na,LA FRESA,,PRIMARY
TEAMSWITCH,1,_DCAF4683-99CE-4CC2-AC89-5FA715CC1307,ARTISANO_TEAM,na,na,LA FRESA,,PRIMARY
TEAMSWITCH,1,_081FDEE9-3BCF-46F7-BC63-E27750479219,VIADUCT_TEAM,na,na,STODDARD,,PRIMARY
TEAMSWITCH,1,4429589E:RCS0218,BLANCHARD_TEAM,na,na,REPETTO,,PRIMARY
TEAMSWITCH,1,443612E:RCS0047,BLANCHARD_TEAM,na,na,REPETTO,,PRIMARY
TEAMSWITCH,1,668050E:RCS0398,BLANCHARD_TEAM,na,na,REPETTO,,PRIMARY
TEAMSWITCH,1,_B59A4098-0149-4C2A-AA21-A2782A327355,BLANCHARD_TEAM,na,na,REPETTO,,PRIMARY
TEAMSWITCH,1,_1F85C9F9-F5A5-47D8-84DA-4D366740CDA5,BLANCHARD_TEAM,na,na,REPETTO,,PRIMARY
TEAMSWITCH,1,4860617E:RCS4667,MCCARTY_TEAM,na,na,BEVERLY,,PRIMARY
TEAMSWITCH,1,5037886:RCS0148-1_CS,MCCARTY_TEAM,na,na,BEVERLY,,PRIMARY
TEAMSWITCH,1,_6F5AD1A1-A451-4185-A5ED-0B32B0154C6F,MCCARTY_TEAM,na,na,BEVERLY,,PRIMARY
TEAMSWITCH,1,_3B955AEA-7994-4D51-94A6-0BECC22833A6,MCCARTY_TEAM,na,na,BEVERLY,,PRIMARY
TEAMSWITCH,1,_626F4654-CE5C-4465-899E-D8E74B4F8E85,ROXBURY_TEAM,na,na,BEVERLY,,PRIMARY
TEAMSWITCH,1,2079439E:RAR1838,TORPEDO_TEAM,na,na,NARROWS,,PRIMARY
TEAMSWITCH,1,1131335E:RCS1679,TORPEDO_TEAM,na,na,NARROWS,,PRIMARY
TEAMSWITCH,1,4775646E:RCS0664,TORPEDO_TEAM,na,na,NARROWS,,PRIMARY
TEAMSWITCH,1,1466412E:RCS0981,TORPEDO_TEAM,na,na,NARROWS,,PRIMARY
TEAMSWITCH,1,1243647E:RCS0192,TORPEDO_TEAM,na,na,NARROWS,,PRIMARY
TEAMSWITCH,1,1243636E:RCS2040,TORPEDO_TEAM,na,na,NARROWS,,PRIMARY
TEAMSWITCH,1,1131829E:RCS1787,TORPEDO_TEAM,na,na,NARROWS,,PRIMARY
TEAMSWITCH,1,1154422E:RSR2041,TORPEDO_TEAM,na,na,NARROWS,,PRIMARY
TEAMSWITCH,1,_EB258381-6B34-49E4-9439-302FEC8A9CCF,TORPEDO_TEAM,na,na,NARROWS,,PRIMARY
TEAMSWITCH,1,_B74533C7-351F-4AB2-8D4B-FE42B5F14478,CAMY_TEAM,na,na,BELVEDERE,,PRIMARY
TEAMSWITCH,1,1055442E:RCS0618,SELVA_TEAM,na,na,VICTORIA,,PRIMARY
TEAMSWITCH,1,5465345:RCS5951-4_CS,SELVA_TEAM,na,na,VICTORIA,,PRIMARY
TEAMSWITCH,1,1579005E:RSR0430,SELVA_TEAM,na,na,VICTORIA,,PRIMARY
TEAMSWITCH,1,_40CD9E5D-3FA3-4CE9-BFAC-3860947147EA,SELVA_TEAM,na,na,VICTORIA,,PRIMARY
TEAMSWITCH,1,4570441E:RCS0730,MULKEY_TEAM,na,na,DEL ROSA,,PRIMARY
TEAMSWITCH,1,4698666E:RCS0267,MULKEY_TEAM,na,na,DEL ROSA,,PRIMARY
TEAMSWITCH,1,1420757E:RCS0052,MULKEY_TEAM,na,na,DEL ROSA,,PRIMARY
TEAMSWITCH,1,4919765E:RSR1131,MULKEY_TEAM,na,na,DEL ROSA,,PRIMARY
TEAMSWITCH,1,1706197E:RSR0111,MULKEY_TEAM,na,na,DEL ROSA,,PRIMARY
TEAMSWITCH,1,4919764E:RSR1132,MULKEY_TEAM,na,na,DEL ROSA,,PRIMARY
TEAMSWITCH,1,1420776E:RSR0554,MULKEY_TEAM,na,na,DEL ROSA,,PRIMARY
TEAMSWITCH,1,_97BD6846-F679-44B9-9E16-F7073929AE18,MULKEY_TEAM,na,na,DEL ROSA,,PRIMARY
TEAMSWITCH,1,122151S:RAR6948,GALENA_TEAM,na,na,GLEN AVON,,PRIMARY
TEAMSWITCH,1,4846211E:RCS6737,GALENA_TEAM,na,na,GLEN AVON,,PRIMARY
TEAMSWITCH,1,4893039E:RSR2500,GALENA_TEAM,na,na,GLEN AVON,,PRIMARY
TEAMSWITCH,1,1825927E:RSR0702,GALENA_TEAM,na,na,GLEN AVON,,PRIMARY
TEAMSWITCH,1,4815321E:RSR2472,GALENA_TEAM,na,na,GLEN AVON,,PRIMARY
TEAMSWITCH,1,4845479E:RSR0746,GALENA_TEAM,na,na,GLEN AVON,,PRIMARY
TEAMSWITCH,1,4854687E:RSR6282,GALENA_TEAM,na,na,GLEN AVON,,PRIMARY
TEAMSWITCH,1,4237590E:RSR0399,GALENA_TEAM,na,na,GLEN AVON,,PRIMARY
TEAMSWITCH,1,4923643E:RSR5320,GALENA_TEAM,na,na,GLEN AVON,,PRIMARY
TEAMSWITCH,1,_FDCD2F38-3332-463F-9E70-421D2747B845,GALENA_TEAM,na,na,GLEN AVON,,PRIMARY
TEAMSWITCH,1,1309048E:RCS0174,CENTINELA_TEAM,na,na,INGLEWOOD,,PRIMARY
TEAMSWITCH,1,_C45BE864-B6D4-4B8E-ACF0-21CFE2666717,CENTINELA_TEAM,na,na,INGLEWOOD,,PRIMARY
TEAMSWITCH,1,_0C9BA9A0-9451-47B8-91A7-1F9C2E4C582E,MEDICAL_TEAM,na,na,COLORADO,,PRIMARY
TEAMSWITCH,1,5750507:RCS1145-1,FULLER_TEAM,na,na,FAIRFAX,,PRIMARY
TEAMSWITCH,1,5750507:RCS4824-2_CS,FULLER_TEAM,na,na,FAIRFAX,,PRIMARY
TEAMSWITCH,1,_522369B6-159A-4794-BC84-A4AEE6790DFF,FULLER_TEAM,na,na,FAIRFAX,,PRIMARY
TEAMSWITCH,1,_B615FF46-B4C2-43E6-B292-17C3A2E5FD30,FULLER_TEAM,na,na,FAIRFAX,,PRIMARY
TEAMSWITCH,1,1322226E:RCS0133,SILICONE_TEAM,na,na,CREST,,PRIMARY
TEAMSWITCH,1,5054452:RCS2645-1,SILICONE_TEAM,na,na,CREST,,PRIMARY
TEAMSWITCH,1,5495296:RCS5991-4_CS,SILICONE_TEAM,na,na,CREST,,PRIMARY
TEAMSWITCH,1,5415157:RCS6636-1_CS,SILICONE_TEAM,na,na,CREST,,PRIMARY
TEAMSWITCH,1,5120551:RCS4866-4_CS,SILICONE_TEAM,na,na,CREST,,PRIMARY
TEAMSWITCH,1,4855438E:RSR3080,SILICONE_TEAM,na,na,CREST,,PRIMARY
TEAMSWITCH,1,1983257E:RSR3079,SILICONE_TEAM,na,na,CREST,,PRIMARY
TEAMSWITCH,1,_5B7060C4-9D41-4565-96EB-6B5B3059C195,SILICONE_TEAM,na,na,CREST,,PRIMARY
TEAMSWITCH,1,4929747E:RAR2154,LIMONITE_TEAM,na,na,CALECTRIC,,PRIMARY
TEAMSWITCH,1,4685447E:RCS0848,LIMONITE_TEAM,na,na,CALECTRIC,,PRIMARY
TEAMSWITCH,1,4206221E:RCS4945,LIMONITE_TEAM,na,na,CALECTRIC,,PRIMARY
TEAMSWITCH,1,A122041E:RCS0845,LIMONITE_TEAM,na,na,CALECTRIC,,PRIMARY
TEAMSWITCH,1,4523939E:RCS0846,LIMONITE_TEAM,na,na,CALECTRIC,,PRIMARY
TEAMSWITCH,1,4659482E:RCS0598,LIMONITE_TEAM,na,na,CALECTRIC,,PRIMARY
TEAMSWITCH,1,4847759E:RCS0995,LIMONITE_TEAM,na,na,CALECTRIC,,PRIMARY
TEAMSWITCH,1,1581190E:RCS0668,LIMONITE_TEAM,na,na,CALECTRIC,,PRIMARY
TEAMSWITCH,1,_E5A03CCE-4443-46B9-91E1-44E522CF0AD0,LIMONITE_TEAM,na,na,CALECTRIC,,PRIMARY
TEAMSWITCH,1,4868763E:RAR0809,OVERALL_TEAM,na,na,CALCITY,,PRIMARY
TEAMSWITCH,1,4705999E:RAR0821,OVERALL_TEAM,na,na,CALCITY,,PRIMARY
TEAMSWITCH,1,2110334E:RAR0939,OVERALL_TEAM,na,na,CALCITY,,PRIMARY
TEAMSWITCH,1,4705996E:RCS0819,OVERALL_TEAM,na,na,CALCITY,,PRIMARY
TEAMSWITCH,1,246344S:RCS0419,OVERALL_TEAM,na,na,CALCITY,,PRIMARY
TEAMSWITCH,1,4028927E:RCS0549,OVERALL_TEAM,na,na,CALCITY,,PRIMARY
TEAMSWITCH,1,1702301E:RCS0940,OVERALL_TEAM,na,na,CALCITY,,PRIMARY
TEAMSWITCH,1,525757S:RCS0941,OVERALL_TEAM,na,na,CALCITY,,PRIMARY
TEAMSWITCH,1,5567567:RCS0822-1,OVERALL_TEAM,na,na,CALCITY,,PRIMARY
TEAMSWITCH,1,1615719E:RCS1039,OVERALL_TEAM,na,na,CALCITY,,PRIMARY
TEAMSWITCH,1,4901459E:RCS0075,OVERALL_TEAM,na,na,CALCITY,,PRIMARY
TEAMSWITCH,1,_891019B0-F692-4190-AF7C-8CABC6BB92E7,OVERALL_TEAM,na,na,CALCITY,,PRIMARY
TEAMSWITCH,1,1117401E:RCS0241,KINGTREE_TEAM,na,na,LANCASTER,,PRIMARY
TEAMSWITCH,1,1421373E:RCS0682,KINGTREE_TEAM,na,na,LANCASTER,,PRIMARY
TEAMSWITCH,1,1014166E:RCS1169,KINGTREE_TEAM,na,na,LANCASTER,,PRIMARY
TEAMSWITCH,1,4006483E:RCS0927,KINGTREE_TEAM,na,na,LANCASTER,,PRIMARY
TEAMSWITCH,1,4141169E:RCS0928,KINGTREE_TEAM,na,na,LANCASTER,,PRIMARY
TEAMSWITCH,1,_83237D20-6D62-41A9-8DE2-0DC71BF03C34,KINGTREE_TEAM,na,na,LANCASTER,,PRIMARY
TEAMSWITCH,1,4388328E:RAR3842,TRUMPET_TEAM,na,na,ELIZABETH LAKE,,PRIMARY
TEAMSWITCH,1,4786361E:RAR0061,TRUMPET_TEAM,na,na,ELIZABETH LAKE,,PRIMARY
TEAMSWITCH,1,4465909E:RAR5949,TRUMPET_TEAM,na,na,ELIZABETH LAKE,,PRIMARY
TEAMSWITCH,1,4586166E:RCS0166,TRUMPET_TEAM,na,na,ELIZABETH LAKE,,PRIMARY
TEAMSWITCH,1,4093553E:RCS0318,TRUMPET_TEAM,na,na,ELIZABETH LAKE,,PRIMARY
TEAMSWITCH,1,4729778E:RCS0040,TRUMPET_TEAM,na,na,ELIZABETH LAKE,,PRIMARY
TEAMSWITCH,1,4388332E:RCS1890,TRUMPET_TEAM,na,na,ELIZABETH LAKE,,PRIMARY
TEAMSWITCH,1,_FC6D070B-9EF2-4FAB-9323-E56D605E1A15,TRUMPET_TEAM,na,na,ELIZABETH LAKE,,PRIMARY
TEAMSWITCH,1,7650:PAR P.T.-L1,PAR_TEAM,na,na,PAR PT,,PRIMARY
TEAMSWITCH,1,7650:PAR P.T.-H1,PAR_TEAM,na,na,PAR PT,,PRIMARY
TEAMSWITCH,1,3453351E:RAR0871,TETLEY_TEAM,na,na,HUSTON,,PRIMARY
TEAMSWITCH,1,4324108E:RCS0571,TETLEY_TEAM,na,na,HUSTON,,PRIMARY
TEAMSWITCH,1,4576279E:RCS0668,TETLEY_TEAM,na,na,HUSTON,,PRIMARY
TEAMSWITCH,1,4526949E:RCS0445,TETLEY_TEAM,na,na,HUSTON,,PRIMARY
TEAMSWITCH,1,1885343E:RCS0564,TETLEY_TEAM,na,na,HUSTON,,PRIMARY
TEAMSWITCH,1,4551602E:RCS0598,TETLEY_TEAM,na,na,HUSTON,,PRIMARY
TEAMSWITCH,1,4750272E:RCS0667,TETLEY_TEAM,na,na,HUSTON,,PRIMARY
TEAMSWITCH,1,1884561E:RCS0594,TETLEY_TEAM,na,na,HUSTON,,PRIMARY
TEAMSWITCH,1,4592821E:RCS0671,TETLEY_TEAM,na,na,HUSTON,,PRIMARY
TEAMSWITCH,1,1246732E:RCS0669,TETLEY_TEAM,na,na,HUSTON,,PRIMARY
TEAMSWITCH,1,4896191E:RSR1126,TETLEY_TEAM,na,na,HUSTON,,PRIMARY
TEAMSWITCH,1,_72782723-83D1-4849-8BDE-FF2A900FC503,TETLEY_TEAM,na,na,HUSTON,,PRIMARY
TEAMSWITCH,1,_A766FCBA-6205-4249-AC88-40EEE1CBADD3,THEES_TEAM,na,na,MOBILOIL,,PRIMARY
TEAMSWITCH,1,_FD762112-6756-4C1D-96C9-1A9C7155BB26,MANSA_TEAM,na,na,COLTON,,PRIMARY
TEAMSWITCH,1,4747436E:RAR3134,BUDD_TEAM,na,na,PIXLEY,,PRIMARY
TEAMSWITCH,1,603901E:RAR3468,BUDD_TEAM,na,na,PIXLEY,,PRIMARY
TEAMSWITCH,1,4416792E:RAR3886,BUDD_TEAM,na,na,PIXLEY,,PRIMARY
TEAMSWITCH,1,4266502E:RCS2095,BUDD_TEAM,na,na,PIXLEY,,PRIMARY
TEAMSWITCH,1,4692783E:RCS2155,BUDD_TEAM,na,na,PIXLEY,,PRIMARY
TEAMSWITCH,1,4658421E:RCS2153,BUDD_TEAM,na,na,PIXLEY,,PRIMARY
TEAMSWITCH,1,4386304E:RCS1693,BUDD_TEAM,na,na,PIXLEY,,PRIMARY
TEAMSWITCH,1,_51B3D788-2FA3-4561-B0F4-FF4E157E20F0,BUDD_TEAM,na,na,PIXLEY,,PRIMARY
TEAMSWITCH,1,4958648E:RAR0098,FREEMAN_TEAM,na,na,LAWNDALE,,PRIMARY
TEAMSWITCH,1,_CAE3AB25-4B04-426C-97B4-034824B57BA0,FREEMAN_TEAM,na,na,LAWNDALE,,PRIMARY
TEAMSWITCH,1,283752M:RCS0265,AIRCRAFT_TEAM,na,na,MARINE,,PRIMARY
TEAMSWITCH,1,_4BAB88B0-E0BA-4E4C-9E45-F159E352D6AA,AIRCRAFT_TEAM,na,na,MARINE,,PRIMARY
TEAMSWITCH,1,4684484E:RAR0044,OAK KNOLL_TEAM,na,na,OAK KNOLL PT,,PRIMARY
TEAMSWITCH,1,7612:OAK KNOLL P.T.-L1,OAK KNOLL_TEAM,na,na,OAK KNOLL PT,,PRIMARY
TEAMSWITCH,1,7612:OAK KNOLL P.T.-H1,OAK KNOLL_TEAM,na,na,OAK KNOLL PT,,PRIMARY
TEAMSWITCH,1,1435715E:RCS1222,BARBARA_TEAM,na,na,LARK ELLEN,,PRIMARY
TEAMSWITCH,1,1889705E:RCS1644,BARBARA_TEAM,na,na,LARK ELLEN,,PRIMARY
TEAMSWITCH,1,4819232E:RCS4753,BARBARA_TEAM,na,na,LARK ELLEN,,PRIMARY
TEAMSWITCH,1,1128367E:RCS0764,BARBARA_TEAM,na,na,LARK ELLEN,,PRIMARY
TEAMSWITCH,1,4887244E:RSR4456,BARBARA_TEAM,na,na,LARK ELLEN,,PRIMARY
TEAMSWITCH,1,_5F9DAC66-5944-4548-8B1D-E9EA39461853,BARBARA_TEAM,na,na,LARK ELLEN,,PRIMARY
TEAMSWITCH,1,5329206:RCS5342-1,KENYON_TEAM,na,na,ARCHLINE,,PRIMARY
TEAMSWITCH,1,5466739:RCS5102-1,KENYON_TEAM,na,na,ARCHLINE,,PRIMARY
TEAMSWITCH,1,_38947BE7-70BC-45DA-8720-E8B4DA3E89D7,KENYON_TEAM,na,na,ARCHLINE,,PRIMARY
TEAMSWITCH,1,_339732A6-E7CB-41D2-8F22-6A5FD5AC4D84,HERMOSA_TEAM,na,na,REDONDO,,PRIMARY
TEAMSWITCH,1,7680:PANCHITO P.T.-L1,PANCHITO_TEAM,na,na,PANCHITO PT,,PRIMARY
TEAMSWITCH,1,7680:PANCHITO P.T.-H1,PANCHITO_TEAM,na,na,PANCHITO PT,,PRIMARY
TEAMSWITCH,1,1059931E:RCS0053,DELAWARE_TEAM,na,na,COLORADO,,PRIMARY
TEAMSWITCH,1,_35046AC8-2B84-4C35-BDF7-1622F6670805,DELAWARE_TEAM,na,na,COLORADO,,PRIMARY
TEAMSWITCH,1,5581294:RCS1419-3,MACINTOSH_TEAM,na,na,EL CASCO,,PRIMARY
TEAMSWITCH,1,5553685:RCS0471-1,MACINTOSH_TEAM,na,na,EL CASCO,,PRIMARY
TEAMSWITCH,1,4250576E:RAR4242,MONACHE_TEAM,na,na,PORTERVILLE,,PRIMARY
TEAMSWITCH,1,4044437E:RCS1992,MONACHE_TEAM,na,na,PORTERVILLE,,PRIMARY
TEAMSWITCH,1,4621281E:RCS2007,MONACHE_TEAM,na,na,PORTERVILLE,,PRIMARY
TEAMSWITCH,1,4420711E:RCS0202,MONACHE_TEAM,na,na,PORTERVILLE,,PRIMARY
TEAMSWITCH,1,4700349E:RCS5738,MONACHE_TEAM,na,na,PORTERVILLE,,PRIMARY
TEAMSWITCH,1,_BB12115F-B34E-4B06-B23B-95DB06D62CC5,MONACHE_TEAM,na,na,PORTERVILLE,,PRIMARY
TEAMSWITCH,1,1456330E:RAR2699,ROCKWELL_TEAM,na,na,TENNESSEE,,PRIMARY
TEAMSWITCH,1,1239932E:RCS0198,ROCKWELL_TEAM,na,na,TENNESSEE,,PRIMARY
TEAMSWITCH,1,4671234E:RCS0383,ROCKWELL_TEAM,na,na,TENNESSEE,,PRIMARY
TEAMSWITCH,1,4241914E:RCS0646,ROCKWELL_TEAM,na,na,TENNESSEE,,PRIMARY
TEAMSWITCH,1,632872E:RCS0263,ROCKWELL_TEAM,na,na,TENNESSEE,,PRIMARY
TEAMSWITCH,1,5039646E:RCS1223,ROCKWELL_TEAM,na,na,TENNESSEE,,PRIMARY
TEAMSWITCH,1,4016309E:RSR0362,ROCKWELL_TEAM,na,na,TENNESSEE,,PRIMARY
TEAMSWITCH,1,5039647E:RSR1233,ROCKWELL_TEAM,na,na,TENNESSEE,,PRIMARY
TEAMSWITCH,1,_536505F9-97A3-482A-B3CD-30EC64F9DD01,ROCKWELL_TEAM,na,na,TENNESSEE,,PRIMARY
TEAMSWITCH,1,1153015E:RAR6751,SCHOLL_TEAM,na,na,ALDER,,PRIMARY
TEAMSWITCH,1,4693959E:RCS0129,SCHOLL_TEAM,na,na,ALDER,,PRIMARY
TEAMSWITCH,1,4586407E:RCS0320,SCHOLL_TEAM,na,na,ALDER,,PRIMARY
TEAMSWITCH,1,4101792E:RCS0318,SCHOLL_TEAM,na,na,ALDER,,PRIMARY
TEAMSWITCH,1,_FE68D76F-6348-467A-A682-214D47F7B3BF,SCHOLL_TEAM,na,na,ALDER,,PRIMARY
TEAMSWITCH,1,5337686:RCS3909-2,ASHFORD_TEAM,na,na,ARCHLINE,,PRIMARY
TEAMSWITCH,1,5337687:RCS3908-1,ASHFORD_TEAM,na,na,ARCHLINE,,PRIMARY
TEAMSWITCH,1,5379386:RCS5371-1,ASHFORD_TEAM,na,na,ARCHLINE,,PRIMARY
TEAMSWITCH,1,_E2CEC7B7-7F73-432C-B80C-6AA2ABB1C9EF,ASHFORD_TEAM,na,na,ARCHLINE,,PRIMARY
TEAMSWITCH,1,4176357E:RAR0279,STANDING ROCK_TEAM,na,na,RANCHO,,PRIMARY
TEAMSWITCH,1,4265298E:RAR0967,STANDING ROCK_TEAM,na,na,RANCHO,,PRIMARY
TEAMSWITCH,1,2156447E:RAR0573,STANDING ROCK_TEAM,na,na,RANCHO,,PRIMARY
TEAMSWITCH,1,1782038E:RCS0061,STANDING ROCK_TEAM,na,na,RANCHO,,PRIMARY
TEAMSWITCH,1,4616422E:RCS0164,STANDING ROCK_TEAM,na,na,RANCHO,,PRIMARY
TEAMSWITCH,1,2156984E:RCS0545,STANDING ROCK_TEAM,na,na,RANCHO,,PRIMARY
TEAMSWITCH,1,4266230E:RCS0879,STANDING ROCK_TEAM,na,na,RANCHO,,PRIMARY
TEAMSWITCH,1,5591745:RCSG942-3,STANDING ROCK_TEAM,na,na,RANCHO,,PRIMARY
TEAMSWITCH,1,5535947:RCSG938-3,STANDING ROCK_TEAM,na,na,RANCHO,,PRIMARY
TEAMSWITCH,1,_D5BF0F8E-5608-44F2-B43C-AD1B2AEE52BD,STANDING ROCK_TEAM,na,na,RANCHO,,PRIMARY
TEAMSWITCH,1,2020131E:RCS1937,MINERAL_TEAM,na,na,VISALIA,,PRIMARY
TEAMSWITCH,1,4568191E:RCS2336,MINERAL_TEAM,na,na,VISALIA,,PRIMARY
TEAMSWITCH,1,4368308E:RCS2961,MINERAL_TEAM,na,na,VISALIA,,PRIMARY
TEAMSWITCH,1,4410553E:RCS2978,MINERAL_TEAM,na,na,VISALIA,,PRIMARY
TEAMSWITCH,1,813535E:RCS2335,MINERAL_TEAM,na,na,VISALIA,,PRIMARY
TEAMSWITCH,1,_A5648597-04BD-45A4-8E14-6788958A3B49,MINERAL_TEAM,na,na,VISALIA,,PRIMARY
TEAMSWITCH,1,5137714:RCS7714-1,MORRIE_TEAM,na,na,SAUGUS,,PRIMARY
TEAMSWITCH,1,5346585:RCS6585-3,MORRIE_TEAM,na,na,SAUGUS,,PRIMARY
TEAMSWITCH,1,_FA20F526-8909-47E7-9264-F130257E7E49,MORRIE_TEAM,na,na,SAUGUS,,PRIMARY
TEAMSWITCH,1,5480862:RCS1151-2,NASHVILLE_TEAM,na,na,TENNESSEE,,PRIMARY
TEAMSWITCH,1,5456912:RCS1157-1,NASHVILLE_TEAM,na,na,TENNESSEE,,PRIMARY
TEAMSWITCH,1,5457248:RCS1158-4,NASHVILLE_TEAM,na,na,TENNESSEE,,PRIMARY
TEAMSWITCH,1,5457258:RCS1160-1,NASHVILLE_TEAM,na,na,TENNESSEE,,PRIMARY
TEAMSWITCH,1,1829643E:RCS2689,NASHVILLE_TEAM,na,na,TENNESSEE,,PRIMARY
TEAMSWITCH,1,_C4823E7F-9672-4886-8417-C435F2AC9FD5,NASHVILLE_TEAM,na,na,TENNESSEE,,PRIMARY
TEAMSWITCH,1,4695049E:RAR3077,QUAIL_TEAM,na,na,TIPTON,,PRIMARY
TEAMSWITCH,1,4695594E:RCS1436,QUAIL_TEAM,na,na,TIPTON,,PRIMARY
TEAMSWITCH,1,5784963:RCSG104-2,QUAIL_TEAM,na,na,TIPTON,,PRIMARY
TEAMSWITCH,1,_9950580F-ABEF-4643-8754-6D22BC11F9B6,QUAIL_TEAM,na,na,TIPTON,,PRIMARY
TEAMSWITCH,1,4716276E:RAR1000,TUSSING_TEAM,na,na,APPLE VALLEY,,PRIMARY
TEAMSWITCH,1,4770292E:RAR0124,TUSSING_TEAM,na,na,APPLE VALLEY,,PRIMARY
TEAMSWITCH,1,2384295E:RAR0630,TUSSING_TEAM,na,na,APPLE VALLEY,,PRIMARY
TEAMSWITCH,1,1738398E:RCS0178,TUSSING_TEAM,na,na,APPLE VALLEY,,PRIMARY
TEAMSWITCH,1,4770284E:RCS0228,TUSSING_TEAM,na,na,APPLE VALLEY,,PRIMARY
TEAMSWITCH,1,4747349E:RCS0401,TUSSING_TEAM,na,na,APPLE VALLEY,,PRIMARY
TEAMSWITCH,1,4872015E:RCS0429,TUSSING_TEAM,na,na,APPLE VALLEY,,PRIMARY
TEAMSWITCH,1,4246003E:RSR1077,TUSSING_TEAM,na,na,APPLE VALLEY,,PRIMARY
TEAMSWITCH,1,_0235CA66-45F8-4A95-B5D2-2A2B5F10390C,TUSSING_TEAM,na,na,APPLE VALLEY,,PRIMARY
TEAMSWITCH,1,817040E:RCS0086,ARLISS_TEAM,na,na,TIMOTEO,,PRIMARY
TEAMSWITCH,1,2114008E:RCS0336,ARLISS_TEAM,na,na,TIMOTEO,,PRIMARY
TEAMSWITCH,1,4932151E:RSR0430,ARLISS_TEAM,na,na,TIMOTEO,,PRIMARY
TEAMSWITCH,1,_20725D05-330A-4F73-96E6-D04402BBCABE,ARLISS_TEAM,na,na,TIMOTEO,,PRIMARY
TEAMSWITCH,1,4797543E:RAR0078,CACHUMA_TEAM,na,na,VEGAS,,PRIMARY
TEAMSWITCH,1,4041992E:RAR0598,CACHUMA_TEAM,na,na,VEGAS,,PRIMARY
TEAMSWITCH,1,1675507E:RAR0563,CACHUMA_TEAM,na,na,VEGAS,,PRIMARY
TEAMSWITCH,1,4743205E:RAR9558,CACHUMA_TEAM,na,na,VEGAS,,PRIMARY
TEAMSWITCH,1,4339610E:RCS0021,CACHUMA_TEAM,na,na,VEGAS,,PRIMARY
TEAMSWITCH,1,1643359E:RCS0432,CACHUMA_TEAM,na,na,VEGAS,,PRIMARY
TEAMSWITCH,1,1643367E:RCS0438,CACHUMA_TEAM,na,na,VEGAS,,PRIMARY
TEAMSWITCH,1,4743058E:RCS0473,CACHUMA_TEAM,na,na,VEGAS,,PRIMARY
TEAMSWITCH,1,4373965E:RCS0131,CACHUMA_TEAM,na,na,VEGAS,,PRIMARY
TEAMSWITCH,1,1372249E:RCS3001,CACHUMA_TEAM,na,na,VEGAS,,PRIMARY
TEAMSWITCH,1,1372035E:RCS0010,CACHUMA_TEAM,na,na,VEGAS,,PRIMARY
TEAMSWITCH,1,5033052:RCS0244-1,CACHUMA_TEAM,na,na,VEGAS,,PRIMARY
TEAMSWITCH,1,1372526E:RCS0015,CACHUMA_TEAM,na,na,VEGAS,,PRIMARY
TEAMSWITCH,1,1345383E:RSR9563,CACHUMA_TEAM,na,na,VEGAS,,PRIMARY
TEAMSWITCH,1,1217463E:RSR9566,CACHUMA_TEAM,na,na,VEGAS,,PRIMARY
TEAMSWITCH,1,1333083E:RSR9564,CACHUMA_TEAM,na,na,VEGAS,,PRIMARY
TEAMSWITCH,1,_3B5EA5F7-AC74-443C-AA6F-9FABD03EC6BC,CACHUMA_TEAM,na,na,VEGAS,,PRIMARY
TEAMSWITCH,1,1304874E:RCS2239,SEVILLE_TEAM,na,na,VENICE HILL,,PRIMARY
TEAMSWITCH,1,1305002E:RCS2273,SEVILLE_TEAM,na,na,VENICE HILL,,PRIMARY
TEAMSWITCH,1,723290E:RCS4156,SEVILLE_TEAM,na,na,VENICE HILL,,PRIMARY
TEAMSWITCH,1,_B4178654-282F-4DC4-8819-553F1A46A8C5,SEVILLE_TEAM,na,na,VENICE HILL,,PRIMARY
TEAMSWITCH,1,4353882E:RAR1785,DRAKE_TEAM,na,na,PIXLEY,,PRIMARY
TEAMSWITCH,1,4901338E:RCS3997,DRAKE_TEAM,na,na,PIXLEY,,PRIMARY
TEAMSWITCH,1,1122901E:RCS1578,DRAKE_TEAM,na,na,PIXLEY,,PRIMARY
TEAMSWITCH,1,5655877:RCSG790-3,DRAKE_TEAM,na,na,PIXLEY,,PRIMARY
TEAMSWITCH,1,_46DAF225-9D5C-4773-8A18-BD6FAE7C8DED,DRAKE_TEAM,na,na,PIXLEY,,PRIMARY
TEAMSWITCH,1,4729741E:RCS2254,CROWDER_TEAM,na,na,LANCASTER,,PRIMARY
TEAMSWITCH,1,1122477E:RCS1056,CROWDER_TEAM,na,na,LANCASTER,,PRIMARY
TEAMSWITCH,1,5395685:RCS5685-3,CROWDER_TEAM,na,na,LANCASTER,,PRIMARY
TEAMSWITCH,1,5640626:RCSG626-3,CROWDER_TEAM,na,na,LANCASTER,,PRIMARY
TEAMSWITCH,1,5640626:RCSG626-4,CROWDER_TEAM,na,na,LANCASTER,,PRIMARY
TEAMSWITCH,1,5719531:RCS0232-4_CS,CROWDER_TEAM,na,na,LANCASTER,,PRIMARY
TEAMSWITCH,1,1219202E:RSR0765,CROWDER_TEAM,na,na,LANCASTER,,PRIMARY
TEAMSWITCH,1,2383163E:RSR0801,CROWDER_TEAM,na,na,LANCASTER,,PRIMARY
TEAMSWITCH,1,4921576E:RSR0376,CROWDER_TEAM,na,na,LANCASTER,,PRIMARY
TEAMSWITCH,1,5647868:RCSG868-3,CROWDER_TEAM,na,na,LANCASTER,,PRIMARY
TEAMSWITCH,1,5647868:RCSG868-4,CROWDER_TEAM,na,na,LANCASTER,,PRIMARY
TEAMSWITCH,1,5647869:RCSG869-1,CROWDER_TEAM,na,na,LANCASTER,,PRIMARY
TEAMSWITCH,1,_A62A8B84-1A42-46D6-94CD-B6DE796CC6B4,CROWDER_TEAM,na,na,LANCASTER,,PRIMARY
TEAMSWITCH,1,4407195E:RAR0243,TEXFI_TEAM,na,na,GLEN AVON,,PRIMARY
TEAMSWITCH,1,4172716E:RCS0209,TEXFI_TEAM,na,na,GLEN AVON,,PRIMARY
TEAMSWITCH,1,4442417E:RCS5560,TEXFI_TEAM,na,na,GLEN AVON,,PRIMARY
TEAMSWITCH,1,4021653E:RCS2498,TEXFI_TEAM,na,na,GLEN AVON,,PRIMARY
TEAMSWITCH,1,4666200E:RCS2512,TEXFI_TEAM,na,na,GLEN AVON,,PRIMARY
TEAMSWITCH,1,988299E:RCS0549,TEXFI_TEAM,na,na,GLEN AVON,,PRIMARY
TEAMSWITCH,1,_A774CF63-918A-4279-8FFE-53E38E84A370,TEXFI_TEAM,na,na,GLEN AVON,,PRIMARY
TEAMSWITCH,1,2027541E:RAR0263,RIVA_TEAM,na,na,CASITAS,,PRIMARY
TEAMSWITCH,1,1718987E:RAR0071,RIVA_TEAM,na,na,CASITAS,,PRIMARY
TEAMSWITCH,1,4672253E:RCS0668,RIVA_TEAM,na,na,CASITAS,,PRIMARY
TEAMSWITCH,1,4587766E:RCS0269,RIVA_TEAM,na,na,CASITAS,,PRIMARY
TEAMSWITCH,1,1024540E:RCS8574,RIVA_TEAM,na,na,CASITAS,,PRIMARY
TEAMSWITCH,1,4782632E:RCS0478,RIVA_TEAM,na,na,CASITAS,,PRIMARY
TEAMSWITCH,1,4800927E:RSR7595,RIVA_TEAM,na,na,CASITAS,,PRIMARY
TEAMSWITCH,1,577137E:RSR0258,RIVA_TEAM,na,na,CASITAS,,PRIMARY
TEAMSWITCH,1,1603982E:RSR0879,RIVA_TEAM,na,na,CASITAS,,PRIMARY
TEAMSWITCH,1,_36DC956B-83A6-473B-80C5-3EB5B4950BA1,RIVA_TEAM,na,na,CASITAS,,PRIMARY
TEAMSWITCH,1,7487:LOUCKS P.T.-L1,LOUCKS_TEAM,na,na,LOUCKS PT,,PRIMARY
TEAMSWITCH,1,7487:LOUCKS P.T.-H1,LOUCKS_TEAM,na,na,LOUCKS PT,,PRIMARY
TEAMSWITCH,1,4660309E:RCS0363,ADOBE_TEAM,na,na,NEWMARK,,PRIMARY
TEAMSWITCH,1,1031445E:RCS0415,ADOBE_TEAM,na,na,NEWMARK,,PRIMARY
TEAMSWITCH,1,_F290005E-5D8A-4856-9459-6E1A9F0AD8E3,ADOBE_TEAM,na,na,NEWMARK,,PRIMARY
TEAMSWITCH,1,4747470E:RAR0253,FAIRBURN_TEAM,na,na,APPLE VALLEY,,PRIMARY
TEAMSWITCH,1,1601252E:RAR1614,FAIRBURN_TEAM,na,na,APPLE VALLEY,,PRIMARY
TEAMSWITCH,1,2122770E:RCS1063,FAIRBURN_TEAM,na,na,APPLE VALLEY,,PRIMARY
TEAMSWITCH,1,365086S:RCS0703,FAIRBURN_TEAM,na,na,APPLE VALLEY,,PRIMARY
TEAMSWITCH,1,2084983E:RCS0739,FAIRBURN_TEAM,na,na,APPLE VALLEY,,PRIMARY
TEAMSWITCH,1,1782178E:RCS0741,FAIRBURN_TEAM,na,na,APPLE VALLEY,,PRIMARY
TEAMSWITCH,1,2156412E:RCS3174,FAIRBURN_TEAM,na,na,APPLE VALLEY,,PRIMARY
TEAMSWITCH,1,4772113E:RSR0740,FAIRBURN_TEAM,na,na,APPLE VALLEY,,PRIMARY
TEAMSWITCH,1,_B71D1EB3-F3D9-4284-A32C-DD0D3E50DEFB,FAIRBURN_TEAM,na,na,APPLE VALLEY,,PRIMARY
TEAMSWITCH,1,2360053E:RCS0373,FORCE_TEAM,na,na,SHUTTLE,,PRIMARY
TEAMSWITCH,1,2360068E:RSR0372,FORCE_TEAM,na,na,SHUTTLE,,PRIMARY
TEAMSWITCH,1,_254730E0-9C2A-499C-B6D5-6BEB6474ADF8,FORCE_TEAM,na,na,SHUTTLE,,PRIMARY
TEAMSWITCH,1,_53515E18-1340-4649-B7BA-46016B13C7C6,MOSSBERG_TEAM,na,na,DALTON,,PRIMARY
TEAMSWITCH,1,4586532E:RCS0265,SHERRY_TEAM,na,na,PEPPER,,PRIMARY
TEAMSWITCH,1,4586196E:RCS0332,SHERRY_TEAM,na,na,PEPPER,,PRIMARY
TEAMSWITCH,1,4919601E:RSR2528,SHERRY_TEAM,na,na,PEPPER,,PRIMARY
TEAMSWITCH,1,X9884E:RSR0311,SHERRY_TEAM,na,na,PEPPER,,PRIMARY
TEAMSWITCH,1,_ED91DDFD-A7EE-400F-B862-975E2C38B7A8,SHERRY_TEAM,na,na,PEPPER,,PRIMARY
TEAMSWITCH,1,5457283:RCS4820-2,PRYOR_TEAM,na,na,ETIWANDA,,PRIMARY
TEAMSWITCH,1,5534242:RCS5144-2,PRYOR_TEAM,na,na,ETIWANDA,,PRIMARY
TEAMSWITCH,1,5536858:RCS5610-1,PRYOR_TEAM,na,na,ETIWANDA,,PRIMARY
TEAMSWITCH,1,_E8653FB0-57B3-4BF2-AF7C-78CBE290BBBA,PRYOR_TEAM,na,na,ETIWANDA,,PRIMARY
TEAMSWITCH,1,4226260E:RAR3434,FUGATE_TEAM,na,na,BROWNING,,PRIMARY
TEAMSWITCH,1,915667E:RAR3433,FUGATE_TEAM,na,na,BROWNING,,PRIMARY
TEAMSWITCH,1,2100269E:RCS2025,FUGATE_TEAM,na,na,BROWNING,,PRIMARY
TEAMSWITCH,1,817955E:RCS4187,FUGATE_TEAM,na,na,BROWNING,,PRIMARY
TEAMSWITCH,1,4956620E:RCS1921,FUGATE_TEAM,na,na,BROWNING,,PRIMARY
TEAMSWITCH,1,_03799F56-EB65-49CD-A90E-5DB35EDBB9FF,FUGATE_TEAM,na,na,BROWNING,,PRIMARY
TEAMSWITCH,1,_C30A9BDD-4E4F-4A16-8739-EAB02A260DC7,LIBERATOR_TEAM,na,na,SEPULVEDA,,PRIMARY
TEAMSWITCH,1,4264814E:RCS1166,BETA_TEAM,na,na,TELEGRAPH,,PRIMARY
TEAMSWITCH,1,984742E:RCS0761,BETA_TEAM,na,na,TELEGRAPH,,PRIMARY
TEAMSWITCH,1,1226991E:RCS6737,BETA_TEAM,na,na,TELEGRAPH,,PRIMARY
TEAMSWITCH,1,613695E:RSR0701,BETA_TEAM,na,na,TELEGRAPH,,PRIMARY
TEAMSWITCH,1,_8E48AB14-16D2-4E34-AC79-51C6199C694D,BETA_TEAM,na,na,TELEGRAPH,,PRIMARY
TEAMSWITCH,1,_E00F0746-46E9-4C77-A2DC-423167838FEE,BETA_TEAM,na,na,TELEGRAPH,,PRIMARY
TEAMSWITCH,1,_F08F599A-AC2F-47BF-A5ED-52EF4FB24621,OVERHILL_TEAM,na,na,WINDSOR HILLS,,PRIMARY
TEAMSWITCH,1,4283484E:RCS0722,RALSTON_TEAM,na,na,WABASH,,PRIMARY
TEAMSWITCH,1,4452625E:RCS0718,RALSTON_TEAM,na,na,WABASH,,PRIMARY
TEAMSWITCH,1,_A3E22B00-FC45-4A09-89E7-055E65B496C2,RALSTON_TEAM,na,na,WABASH,,PRIMARY
TEAMSWITCH,1,2235719E:RCS0856,SHIRAZ_TEAM,na,na,PEPPER,,PRIMARY
TEAMSWITCH,1,1245171E:RCS0108,SHIRAZ_TEAM,na,na,PEPPER,,PRIMARY
TEAMSWITCH,1,4919678E:RCS0657,SHIRAZ_TEAM,na,na,PEPPER,,PRIMARY
TEAMSWITCH,1,_26117BB2-1201-4D82-B20A-DEB049166DAD,SHIRAZ_TEAM,na,na,PEPPER,,PRIMARY
TEAMSWITCH,1,1724547E:RCS1492,GAINSBOROUGH_TEAM,na,na,RAVENDALE,,PRIMARY
TEAMSWITCH,1,216233E:RCS0055,GAINSBOROUGH_TEAM,na,na,RAVENDALE,,PRIMARY
TEAMSWITCH,1,379205E:RCS0127,GAINSBOROUGH_TEAM,na,na,RAVENDALE,,PRIMARY
TEAMSWITCH,1,4535683E:RSR0054,GAINSBOROUGH_TEAM,na,na,RAVENDALE,,PRIMARY
TEAMSWITCH,1,_ADF67DF1-CA24-43BF-9757-066A62ADB863,GAINSBOROUGH_TEAM,na,na,RAVENDALE,,PRIMARY
TEAMSWITCH,1,_6F01B202-2E51-479F-BFF9-157CE98F575A,GAINSBOROUGH_TEAM,na,na,RAVENDALE,,PRIMARY
TEAMSWITCH,1,1567768E:RCS0557,NORWICH_TEAM,na,na,FAIRFAX,,PRIMARY
TEAMSWITCH,1,5645870:RCS4511-1,NORWICH_TEAM,na,na,FAIRFAX,,PRIMARY
TEAMSWITCH,1,1638930E:RSR0676,NORWICH_TEAM,na,na,FAIRFAX,,PRIMARY
TEAMSWITCH,1,_012B1FA8-BE8F-4BF0-B087-671AEEC58889,NORWICH_TEAM,na,na,FAIRFAX,,PRIMARY
TEAMSWITCH,1,_71698B82-6FCB-41F2-B47B-93A3659A6D06,NORWICH_TEAM,na,na,FAIRFAX,,PRIMARY
TEAMSWITCH,1,4455952E:RCS1064,GRIZZLEY_TEAM,na,na,EL NIDO,,PRIMARY
TEAMSWITCH,1,5045014:RCS4515-4,GRIZZLEY_TEAM,na,na,EL NIDO,,PRIMARY
TEAMSWITCH,1,5495738:RCS8777-1,GRIZZLEY_TEAM,na,na,EL NIDO,,PRIMARY
TEAMSWITCH,1,833663E:RCS0178,GRIZZLEY_TEAM,na,na,EL NIDO,,PRIMARY
TEAMSWITCH,1,5150778:RCS5799-2_CS,GRIZZLEY_TEAM,na,na,EL NIDO,,PRIMARY
TEAMSWITCH,1,4326838E:RSR0233,GRIZZLEY_TEAM,na,na,EL NIDO,,PRIMARY
TEAMSWITCH,1,713599E:RSR0186,GRIZZLEY_TEAM,na,na,EL NIDO,,PRIMARY
TEAMSWITCH,1,651655E:RSR0070,GRIZZLEY_TEAM,na,na,EL NIDO,,PRIMARY
TEAMSWITCH,1,4480003E:RCS2308,BIG RIGG_TEAM,na,na,DECLEZ,,PRIMARY
TEAMSWITCH,1,4640098E:RCS2263,BIG RIGG_TEAM,na,na,DECLEZ,,PRIMARY
TEAMSWITCH,1,4441621E:RCS2247,BIG RIGG_TEAM,na,na,DECLEZ,,PRIMARY
TEAMSWITCH,1,5655981:RCS5931-4,BIG RIGG_TEAM,na,na,DECLEZ,,PRIMARY
TEAMSWITCH,1,5309818:RCS6306-4,BIG RIGG_TEAM,na,na,DECLEZ,,PRIMARY
TEAMSWITCH,1,4919791E:RSR0836,BIG RIGG_TEAM,na,na,DECLEZ,,PRIMARY
TEAMSWITCH,1,4133192E:RSR0835,BIG RIGG_TEAM,na,na,DECLEZ,,PRIMARY
TEAMSWITCH,1,4919792E:RSR0837,BIG RIGG_TEAM,na,na,DECLEZ,,PRIMARY
TEAMSWITCH,1,_E8DC5F78-5810-421D-968E-00593DB0E55B,BIG RIGG_TEAM,na,na,DECLEZ,,PRIMARY
TEAMSWITCH,1,1210990E:RAR0039,LURING_TEAM,na,na,LURING PT,,PRIMARY
TEAMSWITCH,1,7472:LURING P.T.-L1,LURING_TEAM,na,na,LURING PT,,PRIMARY
TEAMSWITCH,1,7472:LURING P.T.-H1,LURING_TEAM,na,na,LURING PT,,PRIMARY
TEAMSWITCH,1,5441393:RCS9862-4,BLACKBIRD_TEAM,na,na,LOCKHEED,,PRIMARY
TEAMSWITCH,1,5465687:RCS5687-1,BLACKBIRD_TEAM,na,na,LOCKHEED,,PRIMARY
TEAMSWITCH,1,5465685:RCS5685-1,BLACKBIRD_TEAM,na,na,LOCKHEED,,PRIMARY
TEAMSWITCH,1,5521256:RCS1256-1,BLACKBIRD_TEAM,na,na,LOCKHEED,,PRIMARY
TEAMSWITCH,1,5371777:RCS1777-3_CS,BLACKBIRD_TEAM,na,na,LOCKHEED,,PRIMARY
TEAMSWITCH,1,_742FD5EA-AD57-4338-B287-A4ED633AD4CE,BLACKBIRD_TEAM,na,na,LOCKHEED,,PRIMARY
TEAMSWITCH,1,1745353E:RAR0205,STREAMLINER_TEAM,na,na,BLOOMINGTON,,PRIMARY
TEAMSWITCH,1,1745359E:RCS0292,STREAMLINER_TEAM,na,na,BLOOMINGTON,,PRIMARY
TEAMSWITCH,1,2032405E:RCS0440,STREAMLINER_TEAM,na,na,BLOOMINGTON,,PRIMARY
TEAMSWITCH,1,1388865E:RCS0497,STREAMLINER_TEAM,na,na,BLOOMINGTON,,PRIMARY
TEAMSWITCH,1,4494605E:RCS0739,STREAMLINER_TEAM,na,na,BLOOMINGTON,,PRIMARY
TEAMSWITCH,1,4780269E:RCS0143,STREAMLINER_TEAM,na,na,BLOOMINGTON,,PRIMARY
TEAMSWITCH,1,2375440E:RCS0004,STREAMLINER_TEAM,na,na,BLOOMINGTON,,PRIMARY
TEAMSWITCH,1,4778220E:RCS0448,STREAMLINER_TEAM,na,na,BLOOMINGTON,,PRIMARY
TEAMSWITCH,1,_022E5048-F893-43E5-8566-C905DCB703C2,STREAMLINER_TEAM,na,na,BLOOMINGTON,,PRIMARY
TEAMSWITCH,1,4820879E:RCS0400,KELVINATOR_TEAM,na,na,SEPULVEDA,,PRIMARY
TEAMSWITCH,1,1110433E:RCS1344,KELVINATOR_TEAM,na,na,SEPULVEDA,,PRIMARY
TEAMSWITCH,1,838474E:RCS1338,KELVINATOR_TEAM,na,na,SEPULVEDA,,PRIMARY
TEAMSWITCH,1,2099119E:RSR0174,KELVINATOR_TEAM,na,na,SEPULVEDA,,PRIMARY
TEAMSWITCH,1,2098397E:RSR0193,KELVINATOR_TEAM,na,na,SEPULVEDA,,PRIMARY
TEAMSWITCH,1,1636549E:RSR0324,KELVINATOR_TEAM,na,na,SEPULVEDA,,PRIMARY
TEAMSWITCH,1,1110432E:RCS0014,KELVINATOR_TEAM,na,na,SEPULVEDA,,PRIMARY
TEAMSWITCH,1,_70B02109-62BA-415A-9E5C-F9A90B9A4A09,KELVINATOR_TEAM,na,na,SEPULVEDA,,PRIMARY
TEAMSWITCH,1,1157063E:RCS0276,GRAVEYARD_TEAM,na,na,LA FRESA,,PRIMARY
TEAMSWITCH,1,5044954:RCS5782-1,GRAVEYARD_TEAM,na,na,LA FRESA,,PRIMARY
TEAMSWITCH,1,5054167:RCS4275-5_CS,GRAVEYARD_TEAM,na,na,LA FRESA,,PRIMARY
TEAMSWITCH,1,_0205D855-992F-443F-9BD6-C109A4119114,GRAVEYARD_TEAM,na,na,LA FRESA,,PRIMARY
TEAMSWITCH,1,_049A8C87-7EF7-4A52-94F8-C088739F0D1F,GRAVEYARD_TEAM,na,na,LA FRESA,,PRIMARY
TEAMSWITCH,1,4865447E:RCS0231,LA PORTE_TEAM,na,na,ANITA,,PRIMARY
TEAMSWITCH,1,1512794E:RCS2537,LA PORTE_TEAM,na,na,ANITA,,PRIMARY
TEAMSWITCH,1,4462763E:RCS2539,LA PORTE_TEAM,na,na,ANITA,,PRIMARY
TEAMSWITCH,1,_6CD8E48D-745B-41C5-A424-744DCE7A5694,LA PORTE_TEAM,na,na,ANITA,,PRIMARY
TEAMSWITCH,1,4804786E:RAR5735,SEBASTIAN_TEAM,na,na,RUBIDOUX,,PRIMARY
TEAMSWITCH,1,_D00F40E5-D69B-48D6-B551-EBDF2049AEB0,SEBASTIAN_TEAM,na,na,RUBIDOUX,,PRIMARY
TEAMSWITCH,1,_5B1C3927-8372-43C6-A822-4CEBA5D59C63,WHALE_TEAM,na,na,EL NIDO,,PRIMARY
TEAMSWITCH,1,_AF650AC4-6A9E-47E3-85A4-2549F4B21EFD,WHALE_TEAM,na,na,EL NIDO,,PRIMARY
TEAMSWITCH,1,1704858E:RAR0533,STANWOOD_TEAM,na,na,SANTA BARBARA,,PRIMARY
TEAMSWITCH,1,1324869E:RAR0395,STANWOOD_TEAM,na,na,SANTA BARBARA,,PRIMARY
TEAMSWITCH,1,4381049E:RCS0109,STANWOOD_TEAM,na,na,SANTA BARBARA,,PRIMARY
TEAMSWITCH,1,807510E:RCS0185,STANWOOD_TEAM,na,na,SANTA BARBARA,,PRIMARY
TEAMSWITCH,1,5535644:RCS0516-1,STANWOOD_TEAM,na,na,SANTA BARBARA,,PRIMARY
TEAMSWITCH,1,5418207:RCS6641-4,STANWOOD_TEAM,na,na,SANTA BARBARA,,PRIMARY
TEAMSWITCH,1,4093574E:RCS1565,STANWOOD_TEAM,na,na,SANTA BARBARA,,PRIMARY
TEAMSWITCH,1,_84C5A696-191B-4A0B-B632-339476BDBCA7,STANWOOD_TEAM,na,na,SANTA BARBARA,,PRIMARY
TEAMSWITCH,1,_96321410-8FBC-4257-9B11-540997C535B8,STANWOOD_TEAM,na,na,SANTA BARBARA,,PRIMARY
TEAMSWITCH,1,4199355E:RCS0479,BORG_TEAM,na,na,WIMBLEDON,,PRIMARY
TEAMSWITCH,1,4169809E:RCS0430,BORG_TEAM,na,na,WIMBLEDON,,PRIMARY
TEAMSWITCH,1,_CF6DB4F3-13F1-4F74-98F6-CDCFF19CECE2,BORG_TEAM,na,na,WIMBLEDON,,PRIMARY
TEAMSWITCH,1,4697068E:RAR1053,TWIN PEAKS_TEAM,na,na,BURNT MILL,,PRIMARY
TEAMSWITCH,1,709838E:RCS0435,TWIN PEAKS_TEAM,na,na,BURNT MILL,,PRIMARY
TEAMSWITCH,1,4621865E:RCS0422,TWIN PEAKS_TEAM,na,na,BURNT MILL,,PRIMARY
TEAMSWITCH,1,4003685E:RCS0406,TWIN PEAKS_TEAM,na,na,BURNT MILL,,PRIMARY
TEAMSWITCH,1,4621339E:RCS0424,TWIN PEAKS_TEAM,na,na,BURNT MILL,,PRIMARY
TEAMSWITCH,1,4830515E:RCS1487,TWIN PEAKS_TEAM,na,na,BURNT MILL,,PRIMARY
TEAMSWITCH,1,_C107D32E-92FB-4A9A-8D1B-A84EAFBCF6E2,TWIN PEAKS_TEAM,na,na,BURNT MILL,,PRIMARY
TEAMSWITCH,1,4123362E:RCS0603,CALABASH_TEAM,na,na,DECLEZ,,PRIMARY
TEAMSWITCH,1,4792568E:RCS7004,CALABASH_TEAM,na,na,DECLEZ,,PRIMARY
TEAMSWITCH,1,5509057:RCSG777-2,CALABASH_TEAM,na,na,DECLEZ,,PRIMARY
TEAMSWITCH,1,5464175:RCS5187-4,CALABASH_TEAM,na,na,DECLEZ,,PRIMARY
TEAMSWITCH,1,5634996:RCSG813-3,CALABASH_TEAM,na,na,DECLEZ,,PRIMARY
TEAMSWITCH,1,_5C0B41E0-48D9-447A-9AE0-DDA728A0A12E,CALABASH_TEAM,na,na,DECLEZ,,PRIMARY
TEAMSWITCH,1,1829103E:RAR0095,GARDEN_TEAM,na,na,SANTA BARBARA,,PRIMARY
TEAMSWITCH,1,2296253E:RCS6621,GARDEN_TEAM,na,na,SANTA BARBARA,,PRIMARY
TEAMSWITCH,1,_2634DC2E-4B58-4F5D-BD37-C1A34BD3C139,GARDEN_TEAM,na,na,SANTA BARBARA,,PRIMARY
TEAMSWITCH,1,4606281E:RAR5521,FIREBIRD_TEAM,na,na,FALCON RIDGE,,PRIMARY
TEAMSWITCH,1,4013672E:RCS2000,FIREBIRD_TEAM,na,na,FALCON RIDGE,,PRIMARY
TEAMSWITCH,1,4089111E:RCS2169,FIREBIRD_TEAM,na,na,FALCON RIDGE,,PRIMARY
TEAMSWITCH,1,4247158E:RCS2205,FIREBIRD_TEAM,na,na,FALCON RIDGE,,PRIMARY
TEAMSWITCH,1,4909704E:RCS0676,FIREBIRD_TEAM,na,na,FALCON RIDGE,,PRIMARY
TEAMSWITCH,1,5583193:RCS5485-1,FIREBIRD_TEAM,na,na,FALCON RIDGE,,PRIMARY
TEAMSWITCH,1,5583188:RCS5483-4,FIREBIRD_TEAM,na,na,FALCON RIDGE,,PRIMARY
TEAMSWITCH,1,4004546E:RCS2132,FIREBIRD_TEAM,na,na,FALCON RIDGE,,PRIMARY
TEAMSWITCH,1,5583265:RCS5433-2,FIREBIRD_TEAM,na,na,FALCON RIDGE,,PRIMARY
TEAMSWITCH,1,5583387:RCS5429-2_CS,FIREBIRD_TEAM,na,na,FALCON RIDGE,,PRIMARY
TEAMSWITCH,1,1652478E:RSR2175,FIREBIRD_TEAM,na,na,FALCON RIDGE,,PRIMARY
TEAMSWITCH,1,1265381E:RSR0552,FIREBIRD_TEAM,na,na,FALCON RIDGE,,PRIMARY
TEAMSWITCH,1,_DF485E27-C352-4280-BDDC-82B6B2FA9756,FIREBIRD_TEAM,na,na,FALCON RIDGE,,PRIMARY
TEAMSWITCH,1,5130004:RCS6314-1,BLACKJACK_TEAM,na,na,TORRANCE,,PRIMARY
TEAMSWITCH,1,_926C3928-66BE-4A6B-BB5F-87F0EEDDB7C1,BLACKJACK_TEAM,na,na,TORRANCE,,PRIMARY
TEAMSWITCH,1,5377264:RCS1230-2,INTERNATIONAL_TEAM,na,na,ROADWAY,,PRIMARY
TEAMSWITCH,1,_2C675249-D1EC-4942-A64B-E95509B8637E,INTERNATIONAL_TEAM,na,na,ROADWAY,,PRIMARY
TEAMSWITCH,1,2359791E:RCS3891,SIDEWINDER_TEAM,na,na,ESTERO,,PRIMARY
TEAMSWITCH,1,1946890E:RCS2170,SIDEWINDER_TEAM,na,na,ESTERO,,PRIMARY
TEAMSWITCH,1,4982701E:RCS3346,SIDEWINDER_TEAM,na,na,ESTERO,,PRIMARY
TEAMSWITCH,1,1581343E:RCS2253,SIDEWINDER_TEAM,na,na,ESTERO,,PRIMARY
TEAMSWITCH,1,5744105:RCSG001-2,SIDEWINDER_TEAM,na,na,ESTERO,,PRIMARY
TEAMSWITCH,1,_D2D1B1E8-6165-4588-A645-189719805360,SIDEWINDER_TEAM,na,na,ESTERO,,PRIMARY
TEAMSWITCH,1,1112730E:RAR1172,ABACUS_TEAM,na,na,HIGHLAND,,PRIMARY
TEAMSWITCH,1,4607100E:RCS0053,ABACUS_TEAM,na,na,HIGHLAND,,PRIMARY
TEAMSWITCH,1,2042297E:RCS0945,ABACUS_TEAM,na,na,HIGHLAND,,PRIMARY
TEAMSWITCH,1,4601801E:RCS0711,ABACUS_TEAM,na,na,HIGHLAND,,PRIMARY
TEAMSWITCH,1,5532703:RCS1459-1,ABACUS_TEAM,na,na,HIGHLAND,,PRIMARY
TEAMSWITCH,1,1825583E:RCS0070,ABACUS_TEAM,na,na,HIGHLAND,,PRIMARY
TEAMSWITCH,1,5775634:RCS3246-1,ABACUS_TEAM,na,na,HIGHLAND,,PRIMARY
TEAMSWITCH,1,4536437E:RSR0564,ABACUS_TEAM,na,na,HIGHLAND,,PRIMARY
TEAMSWITCH,1,_4F0EF7E9-5855-4ABA-9551-2289DD5A2916,ABACUS_TEAM,na,na,HIGHLAND,,PRIMARY
TEAMSWITCH,1,5554171:RCS2214-2,CATERPILLAR_TEAM,na,na,ROADWAY,,PRIMARY
TEAMSWITCH,1,5428852:RCS1588-4_CS,CATERPILLAR_TEAM,na,na,ROADWAY,,PRIMARY
TEAMSWITCH,1,5633403:RCS2909-1,CATERPILLAR_TEAM,na,na,ROADWAY,,PRIMARY
TEAMSWITCH,1,5428893:RCS1591-3_CS,CATERPILLAR_TEAM,na,na,ROADWAY,,PRIMARY
TEAMSWITCH,1,_9AD76644-51A9-4295-9050-0B37FB258340,CATERPILLAR_TEAM,na,na,ROADWAY,,PRIMARY
TEAMSWITCH,1,4928253E:RAR5512,BELPAC_TEAM,na,na,NEWBURY,,PRIMARY
TEAMSWITCH,1,1861965E:RCS0198,BELPAC_TEAM,na,na,NEWBURY,,PRIMARY
TEAMSWITCH,1,2015722E:RCS0539,BELPAC_TEAM,na,na,NEWBURY,,PRIMARY
TEAMSWITCH,1,4216286E:RCS0251,BELPAC_TEAM,na,na,NEWBURY,,PRIMARY
TEAMSWITCH,1,5749248:RCSG501-2,BELPAC_TEAM,na,na,NEWBURY,,PRIMARY
TEAMSWITCH,1,_3FFC8C76-1DA5-48F9-9B75-6F45C98A6C63,BELPAC_TEAM,na,na,NEWBURY,,PRIMARY
TEAMSWITCH,1,1825856E:RCS0466,STEGMAN_TEAM,na,na,DEL ROSA,,PRIMARY
TEAMSWITCH,1,_4FC525E2-CDE1-45D3-8091-BA61E7A24071,STEGMAN_TEAM,na,na,DEL ROSA,,PRIMARY
TEAMSWITCH,1,_42E12B0F-77FC-48A8-8FD8-A5F4CAD61590,PETERBILT_TEAM,na,na,ROADWAY,,PRIMARY
TEAMSWITCH,1,_3B7E5BF0-2550-4E44-8D1B-5B6AC4B2B1F4,CEDAR_TEAM,na,na,COLORADO,,PRIMARY
TEAMSWITCH,1,827482E:RCS0144,ALEXANDER_TEAM,na,na,ARRO,,PRIMARY
TEAMSWITCH,1,_5525C1E4-DCC5-40ED-92FB-418EB26623BF,ALEXANDER_TEAM,na,na,ARRO,,PRIMARY
TEAMSWITCH,1,861460E:RCS0092,GLEASON_TEAM,na,na,REPETTO,,PRIMARY
TEAMSWITCH,1,1233146E:RSR0362,GLEASON_TEAM,na,na,REPETTO,,PRIMARY
TEAMSWITCH,1,1724627E:RSR0726,GLEASON_TEAM,na,na,REPETTO,,PRIMARY
TEAMSWITCH,1,1949913E:RSR0093,GLEASON_TEAM,na,na,REPETTO,,PRIMARY
TEAMSWITCH,1,1419278E:RSR0373,GLEASON_TEAM,na,na,REPETTO,,PRIMARY
TEAMSWITCH,1,1449076E:RSR0630,GLEASON_TEAM,na,na,REPETTO,,PRIMARY
TEAMSWITCH,1,1673087E:RSR0629,GLEASON_TEAM,na,na,REPETTO,,PRIMARY
TEAMSWITCH,1,4820184E:RSR2060,GLEASON_TEAM,na,na,REPETTO,,PRIMARY
TEAMSWITCH,1,_78AD3671-6CA4-4CD2-B3ED-DA780B8676E4,GLEASON_TEAM,na,na,REPETTO,,PRIMARY
TEAMSWITCH,1,_54E6624F-308F-4633-8942-31231FECCC65,GLEASON_TEAM,na,na,REPETTO,,PRIMARY
TEAMSWITCH,1,4251398E:RAR5090,PLATEAU_TEAM,na,na,CRATER,,PRIMARY
TEAMSWITCH,1,1143442E:RAR0051,PLATEAU_TEAM,na,na,CRATER,,PRIMARY
TEAMSWITCH,1,4823622E:RAR1173,PLATEAU_TEAM,na,na,CRATER,,PRIMARY
TEAMSWITCH,1,1845273E:RCS0247,PLATEAU_TEAM,na,na,CRATER,,PRIMARY
TEAMSWITCH,1,1090558E:RCS0303,PLATEAU_TEAM,na,na,CRATER,,PRIMARY
TEAMSWITCH,1,4401001E:RCS0313,PLATEAU_TEAM,na,na,CRATER,,PRIMARY
TEAMSWITCH,1,4401059E:RCS0748,PLATEAU_TEAM,na,na,CRATER,,PRIMARY
TEAMSWITCH,1,1090563E:RCS1708,PLATEAU_TEAM,na,na,CRATER,,PRIMARY
TEAMSWITCH,1,4424263E:RCS1085,PLATEAU_TEAM,na,na,CRATER,,PRIMARY
TEAMSWITCH,1,798192E:RCS1074,PLATEAU_TEAM,na,na,CRATER,,PRIMARY
TEAMSWITCH,1,5368691:RCS3892-4,PLATEAU_TEAM,na,na,CRATER,,PRIMARY
TEAMSWITCH,1,5349085:RCS1176-1,PLATEAU_TEAM,na,na,CRATER,,PRIMARY
TEAMSWITCH,1,5744231:RCSG622-3,PLATEAU_TEAM,na,na,CRATER,,PRIMARY
TEAMSWITCH,1,4403484E:RCS9855,PLATEAU_TEAM,na,na,CRATER,,PRIMARY
TEAMSWITCH,1,_00D73405-DEE3-41C9-A928-120A3D97A320,PLATEAU_TEAM,na,na,CRATER,,PRIMARY
TEAMSWITCH,1,1645770E:RAR0351,FINGAL_TEAM,na,na,CABAZON,,PRIMARY
TEAMSWITCH,1,4806423E:RAR0352,FINGAL_TEAM,na,na,CABAZON,,PRIMARY
TEAMSWITCH,1,4722475E:RAR7077,FINGAL_TEAM,na,na,CABAZON,,PRIMARY
TEAMSWITCH,1,4711825E:RAR0123,FINGAL_TEAM,na,na,CABAZON,,PRIMARY
TEAMSWITCH,1,4804252E:RCS1045,FINGAL_TEAM,na,na,CABAZON,,PRIMARY
TEAMSWITCH,1,4804257E:RCS7132,FINGAL_TEAM,na,na,CABAZON,,PRIMARY
TEAMSWITCH,1,4804256E:RCS7131,FINGAL_TEAM,na,na,CABAZON,,PRIMARY
TEAMSWITCH,1,4959695E:RCS0350,FINGAL_TEAM,na,na,CABAZON,,PRIMARY
TEAMSWITCH,1,_AEF4000E-A951-4E2E-A336-6A50A16C8BBC,FINGAL_TEAM,na,na,CABAZON,,PRIMARY
TEAMSWITCH,1,772804E:RCS0098,HOLLY VISTA_TEAM,na,na,DEL ROSA,,PRIMARY
TEAMSWITCH,1,688024E:RCS0668,HOLLY VISTA_TEAM,na,na,DEL ROSA,,PRIMARY
TEAMSWITCH,1,5457277:RCS1184-2,HOLLY VISTA_TEAM,na,na,DEL ROSA,,PRIMARY
TEAMSWITCH,1,4980852E:RSR3185,HOLLY VISTA_TEAM,na,na,DEL ROSA,,PRIMARY
TEAMSWITCH,1,_394DE351-155C-4B50-9398-E779655D4DD3,HOLLY VISTA_TEAM,na,na,DEL ROSA,,PRIMARY
TEAMSWITCH,1,5529271:RCS5713-2,ANDERSON_TEAM,na,na,GLEN AVON,,PRIMARY
TEAMSWITCH,1,5584088:RCS5736-4,ANDERSON_TEAM,na,na,GLEN AVON,,PRIMARY
TEAMSWITCH,1,4237590E:RSR0399,ANDERSON_TEAM,na,na,GLEN AVON,,PRIMARY
TEAMSWITCH,1,_A87DD818-E8E6-4B22-8B63-71EC5EC2843A,ANDERSON_TEAM,na,na,GLEN AVON,,PRIMARY
TEAMSWITCH,1,_E7F4BCC0-9C03-4EF5-9550-FEE7A3CB97B3,MERCANTILE_TEAM,na,na,INGLEWOOD,,PRIMARY
TEAMSWITCH,1,_13B3BAE6-7A02-41CF-80B2-905DFDF5345D,BYRON_TEAM,na,na,STODDARD,,PRIMARY
TEAMSWITCH,1,4330695E:RCS0433,FRONTAGE_TEAM,na,na,SAVAGE,,PRIMARY
TEAMSWITCH,1,4430026E:RCS3179,FRONTAGE_TEAM,na,na,SAVAGE,,PRIMARY
TEAMSWITCH,1,5386467:RCS2089-2,FRONTAGE_TEAM,na,na,SAVAGE,,PRIMARY
TEAMSWITCH,1,4288695E:RCS0158,FRONTAGE_TEAM,na,na,SAVAGE,,PRIMARY
TEAMSWITCH,1,4787030E:RCS0795,FRONTAGE_TEAM,na,na,SAVAGE,,PRIMARY
TEAMSWITCH,1,5574498:RCS2881-4,FRONTAGE_TEAM,na,na,SAVAGE,,PRIMARY
TEAMSWITCH,1,23513CIT:RCS0085,FRONTAGE_TEAM,na,na,SAVAGE,,PRIMARY
TEAMSWITCH,1,_361C3F69-FEE2-435A-8BC9-B08561686C29,FRONTAGE_TEAM,na,na,SAVAGE,,PRIMARY
TEAMSWITCH,1,_4DA924CA-4944-4910-94BC-36CD5CBC604D,LLEWELLYN_TEAM,na,na,MADRID,,PRIMARY
TEAMSWITCH,1,1318322E:RCS0395,CYLINDER_TEAM,na,na,DITMAR,,PRIMARY
TEAMSWITCH,1,5495730:RCS6151-4,CYLINDER_TEAM,na,na,DITMAR,,PRIMARY
TEAMSWITCH,1,5495735:RCS6154-3,CYLINDER_TEAM,na,na,DITMAR,,PRIMARY
TEAMSWITCH,1,_83CC14E8-B540-4797-AF39-1285F9723B54,CYLINDER_TEAM,na,na,DITMAR,,PRIMARY
TEAMSWITCH,1,3003325E:RCS1053,BLAKE_TEAM,na,na,LA FRESA,,PRIMARY
TEAMSWITCH,1,4527496E:RCS0504,BLAKE_TEAM,na,na,LA FRESA,,PRIMARY
TEAMSWITCH,1,945697E:RCS0029,BLAKE_TEAM,na,na,LA FRESA,,PRIMARY
TEAMSWITCH,1,_DDEB4174-7B29-43F9-B9D5-F24556E6C499,BLAKE_TEAM,na,na,LA FRESA,,PRIMARY
TEAMSWITCH,1,_11AE40C1-489E-4CA3-897A-79FA51CFC6CC,BLAKE_TEAM,na,na,LA FRESA,,PRIMARY
TEAMSWITCH,1,1915262E:RCS9688,CASEY_TEAM,na,na,SAN MARCOS,,PRIMARY
TEAMSWITCH,1,1524427E:RSR7140,CASEY_TEAM,na,na,SAN MARCOS,,PRIMARY
TEAMSWITCH,1,_1AE88529-55C5-41A5-A9E4-CE04F0444BA3,CASEY_TEAM,na,na,SAN MARCOS,,PRIMARY
TEAMSWITCH,1,607340E:RCS0266,IRENE_TEAM,na,na,LARK ELLEN,,PRIMARY
TEAMSWITCH,1,4862139E:RCS4861,IRENE_TEAM,na,na,LARK ELLEN,,PRIMARY
TEAMSWITCH,1,986334E:RSR0130,IRENE_TEAM,na,na,LARK ELLEN,,PRIMARY
TEAMSWITCH,1,_D63D6380-FC0F-4471-8754-36FD7E5F7E10,IRENE_TEAM,na,na,LARK ELLEN,,PRIMARY
TEAMSWITCH,1,2384152E:RAR1114,WHIP_TEAM,na,na,QUARTZ HILL,,PRIMARY
TEAMSWITCH,1,4248253E:RAR0860,WHIP_TEAM,na,na,QUARTZ HILL,,PRIMARY
TEAMSWITCH,1,1634317E:RCS6403,WHIP_TEAM,na,na,QUARTZ HILL,,PRIMARY
TEAMSWITCH,1,1661232E:RCS0387,WHIP_TEAM,na,na,QUARTZ HILL,,PRIMARY
TEAMSWITCH,1,2259823E:RCS2241,WHIP_TEAM,na,na,QUARTZ HILL,,PRIMARY
TEAMSWITCH,1,_404583AB-A69A-494A-86B0-043D50D5DD28,WHIP_TEAM,na,na,QUARTZ HILL,,PRIMARY
TEAMSWITCH,1,4531365E:RAR0996,SPEAR_TEAM,na,na,APPLE VALLEY,,PRIMARY
TEAMSWITCH,1,4135778E:RAR0099,SPEAR_TEAM,na,na,APPLE VALLEY,,PRIMARY
TEAMSWITCH,1,4199870E:RAR0118,SPEAR_TEAM,na,na,APPLE VALLEY,,PRIMARY
TEAMSWITCH,1,4218970E:RAR0119,SPEAR_TEAM,na,na,APPLE VALLEY,,PRIMARY
TEAMSWITCH,1,367730S:RCS0236,SPEAR_TEAM,na,na,APPLE VALLEY,,PRIMARY
TEAMSWITCH,1,1906284E:RCS0294,SPEAR_TEAM,na,na,APPLE VALLEY,,PRIMARY
TEAMSWITCH,1,1721925E:RCS0450,SPEAR_TEAM,na,na,APPLE VALLEY,,PRIMARY
TEAMSWITCH,1,4135755E:RCS0764,SPEAR_TEAM,na,na,APPLE VALLEY,,PRIMARY
TEAMSWITCH,1,4872015E:RCS0429,SPEAR_TEAM,na,na,APPLE VALLEY,,PRIMARY
TEAMSWITCH,1,2156978E:RCS1096,SPEAR_TEAM,na,na,APPLE VALLEY,,PRIMARY
TEAMSWITCH,1,4616532E:RCS0455,SPEAR_TEAM,na,na,APPLE VALLEY,,PRIMARY
TEAMSWITCH,1,5634873:RCSG032-3,SPEAR_TEAM,na,na,APPLE VALLEY,,PRIMARY
TEAMSWITCH,1,2293738E:RCS1120,SPEAR_TEAM,na,na,APPLE VALLEY,,PRIMARY
TEAMSWITCH,1,5588896:RCSG940-3,SPEAR_TEAM,na,na,APPLE VALLEY,,PRIMARY
TEAMSWITCH,1,_46CB1847-01D7-4FCE-B6EA-C0710A615BFB,SPEAR_TEAM,na,na,APPLE VALLEY,,PRIMARY
TEAMSWITCH,1,4814996E:RAR1278,BLUEGILL_TEAM,na,na,EL NIDO,,PRIMARY
TEAMSWITCH,1,3003384E:RCS1047,BLUEGILL_TEAM,na,na,EL NIDO,,PRIMARY
TEAMSWITCH,1,5044240:RCS0488-2,BLUEGILL_TEAM,na,na,EL NIDO,,PRIMARY
TEAMSWITCH,1,4899201E:RSR0102,BLUEGILL_TEAM,na,na,EL NIDO,,PRIMARY
TEAMSWITCH,1,1358269E:RSR1367,BLUEGILL_TEAM,na,na,EL NIDO,,PRIMARY
TEAMSWITCH,1,1358272E:RSR1339,BLUEGILL_TEAM,na,na,EL NIDO,,PRIMARY
TEAMSWITCH,1,_23B778B9-103D-4EB8-8D5D-2D1AC1856F72,BLUEGILL_TEAM,na,na,EL NIDO,,PRIMARY
TEAMSWITCH,1,_846BBD5B-8238-4316-A7FB-F64006873BC0,BLUEGILL_TEAM,na,na,EL NIDO,,PRIMARY
TEAMSWITCH,1,_63FB4947-BF52-4D38-AB40-F8EFDD850614,JUDAH_TEAM,na,na,FELTON,,PRIMARY
TEAMSWITCH,1,_B69DE0B5-4E21-432A-B86C-B67C8892266F,LEBER_TEAM,na,na,MT VERNON,,PRIMARY
TEAMSWITCH,1,1351977E:RAR0446,WELCH_TEAM,na,na,VESTAL,,PRIMARY
TEAMSWITCH,1,4866317E:RAR4005,WELCH_TEAM,na,na,VESTAL,,PRIMARY
TEAMSWITCH,1,820926E:RAR2295,WELCH_TEAM,na,na,VESTAL,,PRIMARY
TEAMSWITCH,1,4672335E:RAR5852,WELCH_TEAM,na,na,VESTAL,,PRIMARY
TEAMSWITCH,1,133239E:RCS1189,WELCH_TEAM,na,na,VESTAL,,PRIMARY
TEAMSWITCH,1,4978281E:RCS2344,WELCH_TEAM,na,na,VESTAL,,PRIMARY
TEAMSWITCH,1,894366E:RCS1557,WELCH_TEAM,na,na,VESTAL,,PRIMARY
TEAMSWITCH,1,4901252E:RSR1841,WELCH_TEAM,na,na,VESTAL,,PRIMARY
TEAMSWITCH,1,601391E:RSR2365,WELCH_TEAM,na,na,VESTAL,,PRIMARY
TEAMSWITCH,1,_BDFBE26D-47E1-4C3A-A00A-21229D845C7F,WELCH_TEAM,na,na,VESTAL,,PRIMARY
TEAMSWITCH,1,2260942E:RCS0340,COURSON_TEAM,na,na,PALMDALE,,PRIMARY
TEAMSWITCH,1,5158229:RCS0276-3_CS,COURSON_TEAM,na,na,PALMDALE,,PRIMARY
TEAMSWITCH,1,_C48D079E-7E19-4DD9-9052-55A14C8099AF,COURSON_TEAM,na,na,PALMDALE,,PRIMARY
TEAMSWITCH,1,_65E28554-3F40-4F62-8478-173E091A6E79,COWEN_TEAM,na,na,MT VERNON,,PRIMARY
TEAMSWITCH,1,4072170E:RCS0170,ALABAMA_TEAM,na,na,REDLANDS,,PRIMARY
TEAMSWITCH,1,4072151E:RCS0079,ALABAMA_TEAM,na,na,REDLANDS,,PRIMARY
TEAMSWITCH,1,965298E:RCS0017,ALABAMA_TEAM,na,na,REDLANDS,,PRIMARY
TEAMSWITCH,1,4052208E:RCS0353,ALABAMA_TEAM,na,na,REDLANDS,,PRIMARY
TEAMSWITCH,1,_7774F3BA-FE1D-4600-A8AE-3AC2DF50ABAA,ALABAMA_TEAM,na,na,REDLANDS,,PRIMARY
TEAMSWITCH,1,4331784E:RCS2053,ZAPATA_TEAM,na,na,CARDIFF,,PRIMARY
TEAMSWITCH,1,5628785:RCSG942-1,ZAPATA_TEAM,na,na,CARDIFF,,PRIMARY
TEAMSWITCH,1,_586B9502-5B5F-4374-8DEA-3FD60040D484,ZAPATA_TEAM,na,na,CARDIFF,,PRIMARY
TEAMSWITCH,1,1433266E:RCS1168,ANAKIN_TEAM,na,na,SHUTTLE,,PRIMARY
TEAMSWITCH,1,1433262E:RCS2209,ANAKIN_TEAM,na,na,SHUTTLE,,PRIMARY
TEAMSWITCH,1,_69499A3B-D14D-4EFB-AD1F-0D153638066A,ANAKIN_TEAM,na,na,SHUTTLE,,PRIMARY
TEAMSWITCH,1,4501698E:RCS0827,YORKTOWN_TEAM,na,na,NARROWS,,PRIMARY
TEAMSWITCH,1,3001065E:RCS1752,YORKTOWN_TEAM,na,na,NARROWS,,PRIMARY
TEAMSWITCH,1,5718294:RCSG033-1,YORKTOWN_TEAM,na,na,NARROWS,,PRIMARY
TEAMSWITCH,1,5010251E:RSR0132,YORKTOWN_TEAM,na,na,NARROWS,,PRIMARY
TEAMSWITCH,1,_9BFD6C99-A0D6-4BCB-9616-BA117E698D27,YORKTOWN_TEAM,na,na,NARROWS,,PRIMARY
TEAMSWITCH,1,926104E:RAR4033,CUTLER_TEAM,na,na,VISALIA,,PRIMARY
TEAMSWITCH,1,4703001E:RCS0315,CUTLER_TEAM,na,na,VISALIA,,PRIMARY
TEAMSWITCH,1,4692640E:RCS2248,CUTLER_TEAM,na,na,VISALIA,,PRIMARY
TEAMSWITCH,1,4410553E:RCS2978,CUTLER_TEAM,na,na,VISALIA,,PRIMARY
TEAMSWITCH,1,4822266E:RCS2370,CUTLER_TEAM,na,na,VISALIA,,PRIMARY
TEAMSWITCH,1,_527B774A-686A-4F51-AD43-02C7EF1C4842,CUTLER_TEAM,na,na,VISALIA,,PRIMARY
TEAMSWITCH,1,1467004E:RAR1114,SEYMOUR_TEAM,na,na,SANTA ANA RIVER 1,,PRIMARY
TEAMSWITCH,1,4792715E:RCS0402,SEYMOUR_TEAM,na,na,SANTA ANA RIVER 1,,PRIMARY
TEAMSWITCH,1,1466980E:RCS0430,SEYMOUR_TEAM,na,na,SANTA ANA RIVER 1,,PRIMARY
TEAMSWITCH,1,4807626E:RCS0401,SEYMOUR_TEAM,na,na,SANTA ANA RIVER 1,,PRIMARY
TEAMSWITCH,1,1466956E:RCS1239,SEYMOUR_TEAM,na,na,SANTA ANA RIVER 1,,PRIMARY
TEAMSWITCH,1,_1E01AD51-96AE-40F9-A783-5C363036EE9C,SEYMOUR_TEAM,na,na,SANTA ANA RIVER 1,,PRIMARY
TEAMSWITCH,1,5182935:RCS1310-2,ALFREDO_TEAM,na,na,SAN MIGUEL,,PRIMARY
TEAMSWITCH,1,5173473:RCS3162-3,ALFREDO_TEAM,na,na,SAN MIGUEL,,PRIMARY
TEAMSWITCH,1,_58C907A6-9EEA-40F1-96EB-615DDD627A55,ALFREDO_TEAM,na,na,SAN MIGUEL,,PRIMARY
TEAMSWITCH,1,_C9045FDD-D997-4E2E-8433-35D59B186730,AZURE_TEAM,na,na,TOPAZ,,PRIMARY
TEAMSWITCH,1,_0CBD3903-FD2D-4863-845D-BC847792CA5C,MONTROSE_TEAM,na,na,LA CANADA,,PRIMARY
TEAMSWITCH,1,_D2499008-AD34-4D26-8FC0-226533328A5F,SAGE_TEAM,na,na,MT VERNON,,PRIMARY
TEAMSWITCH,1,4759247E:RAR0919,LANE_TEAM,na,na,LA CANADA,,PRIMARY
TEAMSWITCH,1,4501691E:RCS1469,LANE_TEAM,na,na,LA CANADA,,PRIMARY
TEAMSWITCH,1,4501194E:RCS0715,LANE_TEAM,na,na,LA CANADA,,PRIMARY
TEAMSWITCH,1,1293042E:RCS0347,LANE_TEAM,na,na,LA CANADA,,PRIMARY
TEAMSWITCH,1,_35C25219-5C61-4BDE-927B-283F83D8FC72,LANE_TEAM,na,na,LA CANADA,,PRIMARY
TEAMSWITCH,1,_5D9D6196-0FA5-4C71-AB21-65D67ECF6D71,WILSHIRE_TEAM,na,na,BEVERLY,,PRIMARY
TEAMSWITCH,1,1308628E:RCS0391,MEANDER_TEAM,na,na,BEVERLY,,PRIMARY
TEAMSWITCH,1,1308629E:RCS0396,MEANDER_TEAM,na,na,BEVERLY,,PRIMARY
TEAMSWITCH,1,5038922:RCS0443-3,MEANDER_TEAM,na,na,BEVERLY,,PRIMARY
TEAMSWITCH,1,5304400:RCS1085-5,MEANDER_TEAM,na,na,BEVERLY,,PRIMARY
TEAMSWITCH,1,4816439E:RCS4612,MEANDER_TEAM,na,na,BEVERLY,,PRIMARY
TEAMSWITCH,1,_7A74BACF-EEA9-41BF-A11A-3C8D5DDE87F9,MEANDER_TEAM,na,na,BEVERLY,,PRIMARY
TEAMSWITCH,1,_B05E7E38-3249-4C5A-A6BE-759D06BA55A7,MEANDER_TEAM,na,na,BEVERLY,,PRIMARY
TEAMSWITCH,1,_819C1FDD-EF1B-45C9-910F-6F2509882AB0,SYLVAN_TEAM,na,na,REDLANDS,,PRIMARY
TEAMSWITCH,1,1790519E:RCS0439,CELLO_TEAM,na,na,ELIZABETH LAKE,,PRIMARY
TEAMSWITCH,1,4539102E:RCS1654,CELLO_TEAM,na,na,ELIZABETH LAKE,,PRIMARY
TEAMSWITCH,1,4093553E:RCS0318,CELLO_TEAM,na,na,ELIZABETH LAKE,,PRIMARY
TEAMSWITCH,1,5471681:RCS1681-2,CELLO_TEAM,na,na,ELIZABETH LAKE,,PRIMARY
TEAMSWITCH,1,5506535:RCS6535-3,CELLO_TEAM,na,na,ELIZABETH LAKE,,PRIMARY
TEAMSWITCH,1,5463771:RCS3771-2,CELLO_TEAM,na,na,ELIZABETH LAKE,,PRIMARY
TEAMSWITCH,1,5778101:RCS5086-4_CS,CELLO_TEAM,na,na,ELIZABETH LAKE,,PRIMARY
TEAMSWITCH,1,4586085E:RSR4251,CELLO_TEAM,na,na,ELIZABETH LAKE,,PRIMARY
TEAMSWITCH,1,_EF93A277-0D28-482F-8902-A9EFEDC355F1,CELLO_TEAM,na,na,ELIZABETH LAKE,,PRIMARY
TEAMSWITCH,1,1157043E:RAR1280,SOUTH STRAND_TEAM,na,na,MANHATTAN,,PRIMARY
TEAMSWITCH,1,_21AA0616-028E-4969-AA79-9145AB95DE3A,SOUTH STRAND_TEAM,na,na,MANHATTAN,,PRIMARY
TEAMSWITCH,1,4319969E:RAR0649,TUNGSTEN_TEAM,na,na,ISABELLA,,PRIMARY
TEAMSWITCH,1,4389210E:RAR0608,TUNGSTEN_TEAM,na,na,ISABELLA,,PRIMARY
TEAMSWITCH,1,1903160E:RAR0678,TUNGSTEN_TEAM,na,na,ISABELLA,,PRIMARY
TEAMSWITCH,1,1178060E:RCS0901,TUNGSTEN_TEAM,na,na,ISABELLA,,PRIMARY
TEAMSWITCH,1,1494448E:RCS0856,TUNGSTEN_TEAM,na,na,ISABELLA,,PRIMARY
TEAMSWITCH,1,4410369E:RSR0900,TUNGSTEN_TEAM,na,na,ISABELLA,,PRIMARY
TEAMSWITCH,1,_775F833D-A8CC-4D55-8174-59526F87AD19,TUNGSTEN_TEAM,na,na,ISABELLA,,PRIMARY
TEAMSWITCH,1,1625181E:RAR0962,PAYNE_TEAM,na,na,BRADBURY,,PRIMARY
TEAMSWITCH,1,4463292E:RAR0970,PAYNE_TEAM,na,na,BRADBURY,,PRIMARY
TEAMSWITCH,1,4513650E:RAR0963,PAYNE_TEAM,na,na,BRADBURY,,PRIMARY
TEAMSWITCH,1,1250939E:RCS0187,PAYNE_TEAM,na,na,BRADBURY,,PRIMARY
TEAMSWITCH,1,300283E:RCS0186,PAYNE_TEAM,na,na,BRADBURY,,PRIMARY
TEAMSWITCH,1,_C6954E17-5F68-4E49-AC6A-91C63B1E143A,PAYNE_TEAM,na,na,BRADBURY,,PRIMARY
TEAMSWITCH,1,4925027E:RAR1079,PRONGHORN_TEAM,na,na,DEL SUR,,PRIMARY
TEAMSWITCH,1,574757E:RAR1263,PRONGHORN_TEAM,na,na,DEL SUR,,PRIMARY
TEAMSWITCH,1,4594634E:RCS0284,PRONGHORN_TEAM,na,na,DEL SUR,,PRIMARY
TEAMSWITCH,1,5731161:RCSG161-4,PRONGHORN_TEAM,na,na,DEL SUR,,PRIMARY
TEAMSWITCH,1,1937983E:RCS0028,PRONGHORN_TEAM,na,na,DEL SUR,,PRIMARY
TEAMSWITCH,1,568061E:RCS1399,PRONGHORN_TEAM,na,na,DEL SUR,,PRIMARY
TEAMSWITCH,1,5542268:RCSG268-3,PRONGHORN_TEAM,na,na,DEL SUR,,PRIMARY
TEAMSWITCH,1,5542268:RCSG268-2,PRONGHORN_TEAM,na,na,DEL SUR,,PRIMARY
TEAMSWITCH,1,5634916:RCSG916-1,PRONGHORN_TEAM,na,na,DEL SUR,,PRIMARY
TEAMSWITCH,1,5634925:RCSG925-2,PRONGHORN_TEAM,na,na,DEL SUR,,PRIMARY
TEAMSWITCH,1,5634925:RCSG925-3,PRONGHORN_TEAM,na,na,DEL SUR,,PRIMARY
TEAMSWITCH,1,_C69D3736-8BB7-414F-B921-973F7BFBA39F,PRONGHORN_TEAM,na,na,DEL SUR,,PRIMARY
TEAMSWITCH,1,2279255E:RCS0132,CONEJO_TEAM,na,na,MALIBU,,PRIMARY
TEAMSWITCH,1,5188856:RCS4035-1,CONEJO_TEAM,na,na,MALIBU,,PRIMARY
TEAMSWITCH,1,5627535:RCS1342-1,CONEJO_TEAM,na,na,MALIBU,,PRIMARY
TEAMSWITCH,1,5313934:RCS1146-1_CS,CONEJO_TEAM,na,na,MALIBU,,PRIMARY
TEAMSWITCH,1,5025892:RCS1578-1_CS,CONEJO_TEAM,na,na,MALIBU,,PRIMARY
TEAMSWITCH,1,_0E6E47C8-09A6-4EA9-A248-A77E0AB47BD2,CONEJO_TEAM,na,na,MALIBU,,PRIMARY
TEAMSWITCH,1,4777415E:RAR2270,HUCKLEBERRY_TEAM,na,na,RITTER RANCH,,PRIMARY
TEAMSWITCH,1,4837002E:RAR0676,HUCKLEBERRY_TEAM,na,na,RITTER RANCH,,PRIMARY
TEAMSWITCH,1,706602E:RAR1384,HUCKLEBERRY_TEAM,na,na,RITTER RANCH,,PRIMARY
TEAMSWITCH,1,4759406E:RCS0863,HUCKLEBERRY_TEAM,na,na,RITTER RANCH,,PRIMARY
TEAMSWITCH,1,_F49EF8E4-D05D-4B88-B392-2AB524C4689C,HUCKLEBERRY_TEAM,na,na,RITTER RANCH,,PRIMARY
TEAMSWITCH,1,4019820E:RAR0013,PENSTOCK_TEAM,na,na,AQUEDUCT,,PRIMARY
TEAMSWITCH,1,2001775E:RAR0065,PENSTOCK_TEAM,na,na,AQUEDUCT,,PRIMARY
TEAMSWITCH,1,4908440E:RAR1257,PENSTOCK_TEAM,na,na,AQUEDUCT,,PRIMARY
TEAMSWITCH,1,1687651E:RAR0643,PENSTOCK_TEAM,na,na,AQUEDUCT,,PRIMARY
TEAMSWITCH,1,4515778E:RCS0596,PENSTOCK_TEAM,na,na,AQUEDUCT,,PRIMARY
TEAMSWITCH,1,4434972E:RCS0631,PENSTOCK_TEAM,na,na,AQUEDUCT,,PRIMARY
TEAMSWITCH,1,705100E:RCS0254,PENSTOCK_TEAM,na,na,AQUEDUCT,,PRIMARY
TEAMSWITCH,1,2384383E:RCS0222,PENSTOCK_TEAM,na,na,AQUEDUCT,,PRIMARY
TEAMSWITCH,1,4246452E:RSR1223,PENSTOCK_TEAM,na,na,AQUEDUCT,,PRIMARY
TEAMSWITCH,1,_2BB063AA-D98C-49BA-A6F8-E9FC0A30CC1A,PENSTOCK_TEAM,na,na,AQUEDUCT,,PRIMARY
TEAMSWITCH,1,2172033E:RAR0446,BOWMAN_TEAM,na,na,DOWNS,,PRIMARY
TEAMSWITCH,1,4531665E:RCS0355,BOWMAN_TEAM,na,na,DOWNS,,PRIMARY
TEAMSWITCH,1,2291799E:RCS0365,BOWMAN_TEAM,na,na,DOWNS,,PRIMARY
TEAMSWITCH,1,4177372E:RSR1044,BOWMAN_TEAM,na,na,DOWNS,,PRIMARY
TEAMSWITCH,1,4871076E:RSR1010,BOWMAN_TEAM,na,na,DOWNS,,PRIMARY
TEAMSWITCH,1,_1AE5E3EB-A72E-4D55-BD1E-DAB9804F71DC,BOWMAN_TEAM,na,na,DOWNS,,PRIMARY
TEAMSWITCH,1,4789823E:RCS0776,EASTWIND_TEAM,na,na,WILSONA,,PRIMARY
TEAMSWITCH,1,1341311E:RCS0136,EASTWIND_TEAM,na,na,WILSONA,,PRIMARY
TEAMSWITCH,1,971308E:RCS1463,EASTWIND_TEAM,na,na,WILSONA,,PRIMARY
TEAMSWITCH,1,5634876:RCSG033-3,EASTWIND_TEAM,na,na,WILSONA,,PRIMARY
TEAMSWITCH,1,5000005E:RCS1556,EASTWIND_TEAM,na,na,WILSONA,,PRIMARY
TEAMSWITCH,1,_EF0746A4-0145-4FD5-A6DE-45EF788D4386,EASTWIND_TEAM,na,na,WILSONA,,PRIMARY
TEAMSWITCH,1,_84FBB29E-62A7-43BA-A9DA-219074540559,KINGHURST_TEAM,na,na,RAVENDALE,,PRIMARY
TEAMSWITCH,1,5039945:RCS0925-4,PATHE_TEAM,na,na,CULVER,,PRIMARY
TEAMSWITCH,1,5039944:RCS0926-1,PATHE_TEAM,na,na,CULVER,,PRIMARY
TEAMSWITCH,1,_E8ADD8FF-68F0-483B-822F-8C454AEE1528,PATHE_TEAM,na,na,CULVER,,PRIMARY
TEAMSWITCH,1,_7A7F8533-3F4A-4C21-B8CE-7DDA8A4A2A5A,PATHE_TEAM,na,na,CULVER,,PRIMARY
TEAMSWITCH,1,965165E:RAR0352,BRYN MAWR_TEAM,na,na,REDLANDS,,PRIMARY
TEAMSWITCH,1,4376682E:RCS0103,BRYN MAWR_TEAM,na,na,REDLANDS,,PRIMARY
TEAMSWITCH,1,4785097E:RCS0812,BRYN MAWR_TEAM,na,na,REDLANDS,,PRIMARY
TEAMSWITCH,1,4016208E:RCS0326,BRYN MAWR_TEAM,na,na,REDLANDS,,PRIMARY
TEAMSWITCH,1,827787E:RCS0194,BRYN MAWR_TEAM,na,na,REDLANDS,,PRIMARY
TEAMSWITCH,1,1865418E:RCS0851,BRYN MAWR_TEAM,na,na,REDLANDS,,PRIMARY
TEAMSWITCH,1,_32E54779-D337-433D-A4DA-0E1373B8FAD4,BRYN MAWR_TEAM,na,na,REDLANDS,,PRIMARY
TEAMSWITCH,1,4774308E:RAR1217,IRVINGTON_TEAM,na,na,SHANDIN,,PRIMARY
TEAMSWITCH,1,4253859E:RCS0644,IRVINGTON_TEAM,na,na,SHANDIN,,PRIMARY
TEAMSWITCH,1,4070193E:RCS0859,IRVINGTON_TEAM,na,na,SHANDIN,,PRIMARY
TEAMSWITCH,1,_20625A38-A813-4F2C-81D5-7C3E2A20B574,IRVINGTON_TEAM,na,na,SHANDIN,,PRIMARY
TEAMSWITCH,1,1309048E:RCS0174,CIMARRON_TEAM,na,na,INGLEWOOD,,PRIMARY
TEAMSWITCH,1,1636733E:RSR0267,CIMARRON_TEAM,na,na,INGLEWOOD,,PRIMARY
TEAMSWITCH,1,1714111E:RSR0339,CIMARRON_TEAM,na,na,INGLEWOOD,,PRIMARY
TEAMSWITCH,1,559560E:RSR1404,CIMARRON_TEAM,na,na,INGLEWOOD,,PRIMARY
TEAMSWITCH,1,_A7752D64-60F2-482A-B3A0-211F93E35E53,CIMARRON_TEAM,na,na,INGLEWOOD,,PRIMARY
TEAMSWITCH,1,2069906E:RAR0234,MEMPHIS_TEAM,na,na,TENNESSEE,,PRIMARY
TEAMSWITCH,1,4708198E:RCS0436,MEMPHIS_TEAM,na,na,TENNESSEE,,PRIMARY
TEAMSWITCH,1,782561E:RCS0414,MEMPHIS_TEAM,na,na,TENNESSEE,,PRIMARY
TEAMSWITCH,1,4016309E:RSR0362,MEMPHIS_TEAM,na,na,TENNESSEE,,PRIMARY
TEAMSWITCH,1,1522406E:RSR0361,MEMPHIS_TEAM,na,na,TENNESSEE,,PRIMARY
TEAMSWITCH,1,4997769E:RSR3184,MEMPHIS_TEAM,na,na,TENNESSEE,,PRIMARY
TEAMSWITCH,1,4603547E:RSR0704,MEMPHIS_TEAM,na,na,TENNESSEE,,PRIMARY
TEAMSWITCH,1,_7CB6ECE4-F472-4EFD-886E-89678EF5FC01,MEMPHIS_TEAM,na,na,TENNESSEE,,PRIMARY
TEAMSWITCH,1,_9457FA0A-4196-4362-8656-D914C55B42DE,BLACKWATER_TEAM,na,na,LUNADA,,PRIMARY
TEAMSWITCH,1,_42308493-E751-4C30-8183-471B44FB35B1,ENDICOTT_TEAM,na,na,RAVENDALE,,PRIMARY
TEAMSWITCH,1,_85CB969A-5EE9-4E3F-B5E7-4419C6AAC4DF,SENECA_TEAM,na,na,VICTORVILLE,,PRIMARY
TEAMSWITCH,1,218723E:RAR0662,VIA HUERTO_TEAM,na,na,VIA HUERTO PT,,PRIMARY
TEAMSWITCH,1,1996226E:RCS3674,VIA HUERTO_TEAM,na,na,VIA HUERTO PT,,PRIMARY
TEAMSWITCH,1,7888:VIA HUERTO P.T.-L1,VIA HUERTO_TEAM,na,na,VIA HUERTO PT,,PRIMARY
TEAMSWITCH,1,7888:VIA HUERTO P.T.-H1,VIA HUERTO_TEAM,na,na,VIA HUERTO PT,,PRIMARY
TEAMSWITCH,1,4586188E:RCS5316,JAYBIRD_TEAM,na,na,ARCHLINE,,PRIMARY
TEAMSWITCH,1,1377015E:RCS0424,JAYBIRD_TEAM,na,na,ARCHLINE,,PRIMARY
TEAMSWITCH,1,_527A0979-3E8D-4CDB-BAC2-133F31232FD3,JAYBIRD_TEAM,na,na,ARCHLINE,,PRIMARY
TEAMSWITCH,1,5367533:RCS7533-1,LEDFORD_TEAM,na,na,PALMDALE,,PRIMARY
TEAMSWITCH,1,_1AE6828E-BA17-4947-9016-DD4E82A5A004,LEDFORD_TEAM,na,na,PALMDALE,,PRIMARY
TEAMSWITCH,1,_19C8FB38-0809-4601-AA2A-F21CDCAD850E,CODE_TEAM,na,na,PIERPONT,,PRIMARY
TEAMSWITCH,1,4877511E:RAR7511,LYONS_TEAM,na,na,NEWHALL,,PRIMARY
TEAMSWITCH,1,2320432E:RCS0570,LYONS_TEAM,na,na,NEWHALL,,PRIMARY
TEAMSWITCH,1,1945999E:RCS0058,LYONS_TEAM,na,na,NEWHALL,,PRIMARY
TEAMSWITCH,1,2369912E:RCS0605,LYONS_TEAM,na,na,NEWHALL,,PRIMARY
TEAMSWITCH,1,5365797:RCS5797-3,LYONS_TEAM,na,na,NEWHALL,,PRIMARY
TEAMSWITCH,1,5305217:RCS5217-3_CS,LYONS_TEAM,na,na,NEWHALL,,PRIMARY
TEAMSWITCH,1,5305217:RCS5217-4_CS,LYONS_TEAM,na,na,NEWHALL,,PRIMARY
TEAMSWITCH,1,_18434655-7663-4162-B1CF-E0FE5B1E96DA,LYONS_TEAM,na,na,NEWHALL,,PRIMARY
TEAMSWITCH,1,4869649E:RAR1129,TIMCO_TEAM,na,na,LUCERNE,,PRIMARY
TEAMSWITCH,1,4055073E:RAR0214,TIMCO_TEAM,na,na,LUCERNE,,PRIMARY
TEAMSWITCH,1,1907102E:RCS0074,TIMCO_TEAM,na,na,LUCERNE,,PRIMARY
TEAMSWITCH,1,4055072E:RCS0215,TIMCO_TEAM,na,na,LUCERNE,,PRIMARY
TEAMSWITCH,1,4869648E:RCS5408,TIMCO_TEAM,na,na,LUCERNE,,PRIMARY
TEAMSWITCH,1,1784303E:RCS0216,TIMCO_TEAM,na,na,LUCERNE,,PRIMARY
TEAMSWITCH,1,5036283E:RCS0661,TIMCO_TEAM,na,na,LUCERNE,,PRIMARY
TEAMSWITCH,1,_A01B35EA-9C53-417E-8AB9-9D56E9F54F79,TIMCO_TEAM,na,na,LUCERNE,,PRIMARY
TEAMSWITCH,1,5351756:RCS1497-1,ENLOE_TEAM,na,na,AMADOR,,PRIMARY
TEAMSWITCH,1,5200651:RCS0088-1,ENLOE_TEAM,na,na,AMADOR,,PRIMARY
TEAMSWITCH,1,_DC920E85-7732-46F1-927B-7B2B144AED20,ENLOE_TEAM,na,na,AMADOR,,PRIMARY
TEAMSWITCH,1,4986271E:RAR0239,ACOSTA_TEAM,na,na,RANDALL,,PRIMARY
TEAMSWITCH,1,X5865E:RCS2382,ACOSTA_TEAM,na,na,RANDALL,,PRIMARY
TEAMSWITCH,1,5718549:RCS0879-1,ACOSTA_TEAM,na,na,RANDALL,,PRIMARY
TEAMSWITCH,1,5483167:RCS6549-2,ACOSTA_TEAM,na,na,RANDALL,,PRIMARY
TEAMSWITCH,1,5452442:RCS4679-2,ACOSTA_TEAM,na,na,RANDALL,,PRIMARY
TEAMSWITCH,1,5507935:RCS5200-1,ACOSTA_TEAM,na,na,RANDALL,,PRIMARY
TEAMSWITCH,1,_EC2997BB-34C1-4118-9C84-42DA5669C87D,ACOSTA_TEAM,na,na,RANDALL,,PRIMARY
TEAMSWITCH,1,_9EEA72C3-E6EA-4E97-899A-917E51E280C0,REXFORD_TEAM,na,na,BEVERLY,,PRIMARY
TEAMSWITCH,1,5481692:RCS5294-2,CONSTANTINE_TEAM,na,na,HASKELL,,PRIMARY
TEAMSWITCH,1,5310463:RCS4261-1,CONSTANTINE_TEAM,na,na,HASKELL,,PRIMARY
TEAMSWITCH,1,5334116:RCS4116-1,CONSTANTINE_TEAM,na,na,HASKELL,,PRIMARY
TEAMSWITCH,1,5366355:RCS9865-1,CONSTANTINE_TEAM,na,na,HASKELL,,PRIMARY
TEAMSWITCH,1,5349134:RCS9134-3,CONSTANTINE_TEAM,na,na,HASKELL,,PRIMARY
TEAMSWITCH,1,_1E201836-DEFF-4023-B6F6-4A993EC108CB,CONSTANTINE_TEAM,na,na,HASKELL,,PRIMARY
TEAMSWITCH,1,609501H:RCS0593,TWAIN_TEAM,na,na,PALMDALE,,PRIMARY
TEAMSWITCH,1,2341801E:RCS2102,TWAIN_TEAM,na,na,PALMDALE,,PRIMARY
TEAMSWITCH,1,2345895E:RCS0164,TWAIN_TEAM,na,na,PALMDALE,,PRIMARY
TEAMSWITCH,1,_A779205B-8386-490C-90E7-F63D859846B7,TWAIN_TEAM,na,na,PALMDALE,,PRIMARY
TEAMSWITCH,1,4780178E:RCS0002,FLUE_TEAM,na,na,AQUEDUCT,,PRIMARY
TEAMSWITCH,1,5648018:RCSG933-3,FLUE_TEAM,na,na,AQUEDUCT,,PRIMARY
TEAMSWITCH,1,_7BA4E434-D297-4A96-8DDF-265FD08E6DB6,FLUE_TEAM,na,na,AQUEDUCT,,PRIMARY
TEAMSWITCH,1,1014880E:RAR0450,MUSEUM_TEAM,na,na,PIUTE,,PRIMARY
TEAMSWITCH,1,1200716E:RCS1119,MUSEUM_TEAM,na,na,PIUTE,,PRIMARY
TEAMSWITCH,1,918582E:RCS0390,MUSEUM_TEAM,na,na,PIUTE,,PRIMARY
TEAMSWITCH,1,_2C083E4D-240D-4A1B-AF84-700B02735BF6,MUSEUM_TEAM,na,na,PIUTE,,PRIMARY
TEAMSWITCH,1,4796188E:RCS0626,SLUICE_TEAM,na,na,AQUEDUCT,,PRIMARY
TEAMSWITCH,1,4694075E:RCS0623,SLUICE_TEAM,na,na,AQUEDUCT,,PRIMARY
TEAMSWITCH,1,_83114357-5CD0-4F71-ADE9-B6011675E40B,SLUICE_TEAM,na,na,AQUEDUCT,,PRIMARY
TEAMSWITCH,1,5408996:RCS2069-2,HUTCHINS_TEAM,na,na,HIGHLAND,,PRIMARY
TEAMSWITCH,1,5198291:RCS1353-1,HUTCHINS_TEAM,na,na,HIGHLAND,,PRIMARY
TEAMSWITCH,1,5432356:RCS2150-4,HUTCHINS_TEAM,na,na,HIGHLAND,,PRIMARY
TEAMSWITCH,1,5432360:RCS2360-2,HUTCHINS_TEAM,na,na,HIGHLAND,,PRIMARY
TEAMSWITCH,1,_383986CC-4236-455B-A0EA-340E3E34BC69,HUTCHINS_TEAM,na,na,HIGHLAND,,PRIMARY
TEAMSWITCH,1,5176466:RCS0756-2,UNICORN_TEAM,na,na,SAN BERNARDINO,,PRIMARY
TEAMSWITCH,1,5647104:RCS1741-2,UNICORN_TEAM,na,na,SAN BERNARDINO,,PRIMARY
TEAMSWITCH,1,_B12E4825-3EED-4B1E-A013-BE67D3EA1EF2,UNICORN_TEAM,na,na,SAN BERNARDINO,,PRIMARY
TEAMSWITCH,1,1989190E:RCS1838,CLAMPETT_TEAM,na,na,PORTERVILLE,,PRIMARY
TEAMSWITCH,1,4699217E:RCS3314,CLAMPETT_TEAM,na,na,PORTERVILLE,,PRIMARY
TEAMSWITCH,1,_F4F96C7F-8CC1-4DC7-8861-7A2C32040CD5,CLAMPETT_TEAM,na,na,PORTERVILLE,,PRIMARY
TEAMSWITCH,1,_ADB512C1-33C5-4C9D-8A37-A00C61A1F71B,LA RICA_TEAM,na,na,DALTON,,PRIMARY
TEAMSWITCH,1,4901305E:RAR2220,TANAGER_TEAM,na,na,BANDUCCI,,PRIMARY
TEAMSWITCH,1,4901326E:RAR0708,TANAGER_TEAM,na,na,BANDUCCI,,PRIMARY
TEAMSWITCH,1,4009422E:RAR6467,TANAGER_TEAM,na,na,BANDUCCI,,PRIMARY
TEAMSWITCH,1,4901330E:RAR6462,TANAGER_TEAM,na,na,BANDUCCI,,PRIMARY
TEAMSWITCH,1,4011446E:RAR2094,TANAGER_TEAM,na,na,BANDUCCI,,PRIMARY
TEAMSWITCH,1,1987181E:RCS2225,TANAGER_TEAM,na,na,BANDUCCI,,PRIMARY
TEAMSWITCH,1,4901329E:RCS7580,TANAGER_TEAM,na,na,BANDUCCI,,PRIMARY
TEAMSWITCH,1,4901328E:RCS7579,TANAGER_TEAM,na,na,BANDUCCI,,PRIMARY
TEAMSWITCH,1,2287648E:RCS7578,TANAGER_TEAM,na,na,BANDUCCI,,PRIMARY
TEAMSWITCH,1,4107707E:RCS2176,TANAGER_TEAM,na,na,BANDUCCI,,PRIMARY
TEAMSWITCH,1,_C186B6DC-4D28-4E38-BE81-499EF2A55B06,TANAGER_TEAM,na,na,BANDUCCI,,PRIMARY
TEAMSWITCH,1,5349417:RCS9861-2,STURGIS_TEAM,na,na,COLONIA,,PRIMARY
TEAMSWITCH,1,5760969:RCSG007-3,STURGIS_TEAM,na,na,COLONIA,,PRIMARY
TEAMSWITCH,1,5760967:RCSG009-5,STURGIS_TEAM,na,na,COLONIA,,PRIMARY
TEAMSWITCH,1,5766613:RCSG016-1,STURGIS_TEAM,na,na,COLONIA,,PRIMARY
TEAMSWITCH,1,_535E31D2-3B5B-43A4-8CA0-A0B1A79E9729,STURGIS_TEAM,na,na,COLONIA,,PRIMARY
TEAMSWITCH,1,4723544E:RAR0838,JACK RANCH_TEAM,na,na,DOWNS,,PRIMARY
TEAMSWITCH,1,4869750E:RAR0989,JACK RANCH_TEAM,na,na,DOWNS,,PRIMARY
TEAMSWITCH,1,1998079E:RAR0988,JACK RANCH_TEAM,na,na,DOWNS,,PRIMARY
TEAMSWITCH,1,1615601E:RCS0764,JACK RANCH_TEAM,na,na,DOWNS,,PRIMARY
TEAMSWITCH,1,4298338E:RCS0745,JACK RANCH_TEAM,na,na,DOWNS,,PRIMARY
TEAMSWITCH,1,425657S:RCS0933,JACK RANCH_TEAM,na,na,DOWNS,,PRIMARY
TEAMSWITCH,1,1646333E:RCS0204,JACK RANCH_TEAM,na,na,DOWNS,,PRIMARY
TEAMSWITCH,1,1615603E:RCS0427,JACK RANCH_TEAM,na,na,DOWNS,,PRIMARY
TEAMSWITCH,1,4887885E:RCS5456,JACK RANCH_TEAM,na,na,DOWNS,,PRIMARY
TEAMSWITCH,1,4871054E:RSR1009,JACK RANCH_TEAM,na,na,DOWNS,,PRIMARY
TEAMSWITCH,1,1649977E:RSR0983,JACK RANCH_TEAM,na,na,DOWNS,,PRIMARY
TEAMSWITCH,1,4869747E:RSR0986,JACK RANCH_TEAM,na,na,DOWNS,,PRIMARY
TEAMSWITCH,1,1744252E:RSR0985,JACK RANCH_TEAM,na,na,DOWNS,,PRIMARY
TEAMSWITCH,1,1924218E:RSR0984,JACK RANCH_TEAM,na,na,DOWNS,,PRIMARY
TEAMSWITCH,1,_70FD2072-0DB5-470D-9FAA-EE65C20A6FDB,JACK RANCH_TEAM,na,na,DOWNS,,PRIMARY
TEAMSWITCH,1,2268207E:RCS0503,HOVATTER_TEAM,na,na,DEL ROSA,,PRIMARY
TEAMSWITCH,1,285010E:RCS0614,HOVATTER_TEAM,na,na,DEL ROSA,,PRIMARY
TEAMSWITCH,1,2267400E:RCS0799,HOVATTER_TEAM,na,na,DEL ROSA,,PRIMARY
TEAMSWITCH,1,_211FF151-59D9-4FC9-BC87-7A6C5B030757,HOVATTER_TEAM,na,na,DEL ROSA,,PRIMARY
TEAMSWITCH,1,5036957E:RAR0538,SUBIDA_TEAM,na,na,ANAVERDE,,PRIMARY
TEAMSWITCH,1,4193630E:RCS0687,SUBIDA_TEAM,na,na,ANAVERDE,,PRIMARY
TEAMSWITCH,1,5357551:RCS7551-2,SUBIDA_TEAM,na,na,ANAVERDE,,PRIMARY
TEAMSWITCH,1,970684E:RCS2108,SUBIDA_TEAM,na,na,ANAVERDE,,PRIMARY
TEAMSWITCH,1,_5040E04A-44AE-4774-A98A-24A65FEFA700,SUBIDA_TEAM,na,na,ANAVERDE,,PRIMARY
TEAMSWITCH,1,4504097E:RCS9780,MARCUS_TEAM,na,na,HASKELL,,PRIMARY
TEAMSWITCH,1,5500030:RCS0233-3,MARCUS_TEAM,na,na,HASKELL,,PRIMARY
TEAMSWITCH,1,_973981C2-2AC6-40EA-958A-4C2F22B45C33,MARCUS_TEAM,na,na,HASKELL,,PRIMARY
TEAMSWITCH,1,4736168E:RCS0430,LORENE_TEAM,na,na,SAVAGE,,PRIMARY
TEAMSWITCH,1,4635419E:RCS0565,LORENE_TEAM,na,na,SAVAGE,,PRIMARY
TEAMSWITCH,1,1552513E:RCS0193,LORENE_TEAM,na,na,SAVAGE,,PRIMARY
TEAMSWITCH,1,5001782:RCS2676-1,LORENE_TEAM,na,na,SAVAGE,,PRIMARY
TEAMSWITCH,1,1737986E:RCS0159,LORENE_TEAM,na,na,SAVAGE,,PRIMARY
TEAMSWITCH,1,_49624DB6-B2D2-426A-A8E8-25FFE3E75A62,LORENE_TEAM,na,na,SAVAGE,,PRIMARY
TEAMSWITCH,1,_34644449-F794-4740-865F-7AF3614C71C4,EXPO_TEAM,na,na,STODDARD,,PRIMARY
TEAMSWITCH,1,1681907E:RCS9481,NILE_TEAM,na,na,RIO HONDO,,PRIMARY
TEAMSWITCH,1,1636372E:RCS1505,NILE_TEAM,na,na,RIO HONDO,,PRIMARY
TEAMSWITCH,1,4501579E:RCS1745,NILE_TEAM,na,na,RIO HONDO,,PRIMARY
TEAMSWITCH,1,4870831E:RSR3190,NILE_TEAM,na,na,RIO HONDO,,PRIMARY
TEAMSWITCH,1,4870833E:RSR3191,NILE_TEAM,na,na,RIO HONDO,,PRIMARY
TEAMSWITCH,1,2057301E:RSR1246,NILE_TEAM,na,na,RIO HONDO,,PRIMARY
TEAMSWITCH,1,1567276E:RSR1767,NILE_TEAM,na,na,RIO HONDO,,PRIMARY
TEAMSWITCH,1,1567293E:RSR3969,NILE_TEAM,na,na,RIO HONDO,,PRIMARY
TEAMSWITCH,1,_1CA562D6-CE8D-43BD-8271-966E137FB502,NILE_TEAM,na,na,RIO HONDO,,PRIMARY
TEAMSWITCH,1,5613283:RCS3049-2,SWOOSE_TEAM,na,na,VISALIA,,PRIMARY
TEAMSWITCH,1,5012935:RCS2932-1,SWOOSE_TEAM,na,na,VISALIA,,PRIMARY
TEAMSWITCH,1,5017234:RCS3425-4,SWOOSE_TEAM,na,na,VISALIA,,PRIMARY
TEAMSWITCH,1,_86CF6B28-E844-4568-BD49-655DCBA11EC3,SWOOSE_TEAM,na,na,VISALIA,,PRIMARY
TEAMSWITCH,1,4353367E:RAR1599,TRI CITY_TEAM,na,na,ALHAMBRA,,PRIMARY
TEAMSWITCH,1,4463279E:RCS0328,TRI CITY_TEAM,na,na,ALHAMBRA,,PRIMARY
TEAMSWITCH,1,1237300E:RCS0332,TRI CITY_TEAM,na,na,ALHAMBRA,,PRIMARY
TEAMSWITCH,1,28700E:RCS1515,TRI CITY_TEAM,na,na,ALHAMBRA,,PRIMARY
TEAMSWITCH,1,5333235:RCS0408-1,TRI CITY_TEAM,na,na,ALHAMBRA,,PRIMARY
TEAMSWITCH,1,5333235:RCS0408-3,TRI CITY_TEAM,na,na,ALHAMBRA,,PRIMARY
TEAMSWITCH,1,5663180:RCS9890-3,TRI CITY_TEAM,na,na,ALHAMBRA,,PRIMARY
TEAMSWITCH,1,4429176E:RCS2569,TRI CITY_TEAM,na,na,ALHAMBRA,,PRIMARY
TEAMSWITCH,1,_D00155CE-20F2-4C0F-A2FB-757BC9539DF6,TRI CITY_TEAM,na,na,ALHAMBRA,,PRIMARY
TEAMSWITCH,1,_15930BD0-8FD9-4EE1-A3B4-6247CEECBDE0,TRI CITY_TEAM,na,na,ALHAMBRA,,PRIMARY
TEAMSWITCH,1,5611511:RCS1820-4,JUSTICE_TEAM,na,na,CARDIFF,,PRIMARY
TEAMSWITCH,1,5181167:RCS1650-1,JUSTICE_TEAM,na,na,CARDIFF,,PRIMARY
TEAMSWITCH,1,99694E:RCS1008,JUSTICE_TEAM,na,na,CARDIFF,,PRIMARY
TEAMSWITCH,1,_C6956030-C148-4244-8770-A06AEC9329EC,JUSTICE_TEAM,na,na,CARDIFF,,PRIMARY
TEAMSWITCH,1,1080148E:RCS0682,CITY CREEK_TEAM,na,na,HIGHLAND,,PRIMARY
TEAMSWITCH,1,5141742:RCS1363-1,CITY CREEK_TEAM,na,na,HIGHLAND,,PRIMARY
TEAMSWITCH,1,5376460:RCS1920-6_CS,CITY CREEK_TEAM,na,na,HIGHLAND,,PRIMARY
TEAMSWITCH,1,5141761:RCS1369-3_CS,CITY CREEK_TEAM,na,na,HIGHLAND,,PRIMARY
TEAMSWITCH,1,514066E:RSR0591,CITY CREEK_TEAM,na,na,HIGHLAND,,PRIMARY
TEAMSWITCH,1,_7FBBAE47-25D9-449D-BC8F-8427555BFBED,CITY CREEK_TEAM,na,na,HIGHLAND,,PRIMARY
TEAMSWITCH,1,_408D6E8A-A206-485F-9EB1-61C9AB7BFA7C,TEAK_TEAM,na,na,TORRANCE,,PRIMARY
TEAMSWITCH,1,_30EBC99B-5FE6-4EF5-A166-EA36D70B6AB6,SULTANA_TEAM,na,na,HESPERIA,,PRIMARY
TEAMSWITCH,1,_1734D8DC-16EB-402E-A01E-7B33D2990C75,SLURRY_TEAM,na,na,BREEZE,,PRIMARY
TEAMSWITCH,1,4864766E:RCS0026,COLA_TEAM,na,na,ARRO,,PRIMARY
TEAMSWITCH,1,_563F8B5E-444E-401E-B874-3A9F8E92E42B,COLA_TEAM,na,na,ARRO,,PRIMARY
TEAMSWITCH,1,4534673E:RAR3880,HAVEN_TEAM,na,na,ARCADIA,,PRIMARY
TEAMSWITCH,1,_9612ED17-E709-4BE2-81AD-224337AF1CED,HAVEN_TEAM,na,na,ARCADIA,,PRIMARY
TEAMSWITCH,1,4813614E:RCS2119,NASA_TEAM,na,na,SHUTTLE,,PRIMARY
TEAMSWITCH,1,_D36ECD35-C623-46CD-83D0-9600F23E0A3A,NASA_TEAM,na,na,SHUTTLE,,PRIMARY
TEAMSWITCH,1,_23ACCE3D-7C63-4BD7-B172-05BD755268E5,GARCES_TEAM,na,na,DELANO,,PRIMARY
TEAMSWITCH,1,4859986E:RAR1181,INTERN_TEAM,na,na,TIMOTEO,,PRIMARY
TEAMSWITCH,1,2268493E:RAR1180,INTERN_TEAM,na,na,TIMOTEO,,PRIMARY
TEAMSWITCH,1,4923422E:RCS0706,INTERN_TEAM,na,na,TIMOTEO,,PRIMARY
TEAMSWITCH,1,2206171E:RCS0721,INTERN_TEAM,na,na,TIMOTEO,,PRIMARY
TEAMSWITCH,1,_21C2420C-0BBD-45B3-A1B8-8B40D98A6B81,INTERN_TEAM,na,na,TIMOTEO,,PRIMARY
TEAMSWITCH,1,4821278E:RAR1109,PRUITT_TEAM,na,na,PRUITT PT,,PRIMARY
TEAMSWITCH,1,7686:PRUITT P.T.-L1,PRUITT_TEAM,na,na,PRUITT PT,,PRIMARY
TEAMSWITCH,1,7686:PRUITT P.T.-H1,PRUITT_TEAM,na,na,PRUITT PT,,PRIMARY
TEAMSWITCH,1,4765791E:RAR0881,DOGBANE_TEAM,na,na,CALCITY,,PRIMARY
TEAMSWITCH,1,4765724E:RAR0877,DOGBANE_TEAM,na,na,CALCITY,,PRIMARY
TEAMSWITCH,1,4765798E:RAR0882,DOGBANE_TEAM,na,na,CALCITY,,PRIMARY
TEAMSWITCH,1,4661597E:RCS0196,DOGBANE_TEAM,na,na,CALCITY,,PRIMARY
TEAMSWITCH,1,4705995E:RCS0818,DOGBANE_TEAM,na,na,CALCITY,,PRIMARY
TEAMSWITCH,1,4240883E:RCS0739,DOGBANE_TEAM,na,na,CALCITY,,PRIMARY
TEAMSWITCH,1,4028927E:RCS0549,DOGBANE_TEAM,na,na,CALCITY,,PRIMARY
TEAMSWITCH,1,4881285E:RCS0879,DOGBANE_TEAM,na,na,CALCITY,,PRIMARY
TEAMSWITCH,1,1923700E:RCS0917,DOGBANE_TEAM,na,na,CALCITY,,PRIMARY
TEAMSWITCH,1,4782960E:RCS0889,DOGBANE_TEAM,na,na,CALCITY,,PRIMARY
TEAMSWITCH,1,4724260E:RCS5507,DOGBANE_TEAM,na,na,CALCITY,,PRIMARY
TEAMSWITCH,1,4782961E:RCS0890,DOGBANE_TEAM,na,na,CALCITY,,PRIMARY
TEAMSWITCH,1,4973005E:RSR0720,DOGBANE_TEAM,na,na,CALCITY,,PRIMARY
TEAMSWITCH,1,_50571220-DE5F-4682-9CAC-96733E04F081,DOGBANE_TEAM,na,na,CALCITY,,PRIMARY
TEAMSWITCH,1,4476911E:RCS0481,BERMITE_TEAM,na,na,SAUGUS,,PRIMARY
TEAMSWITCH,1,1424051E:RCS0203,BERMITE_TEAM,na,na,SAUGUS,,PRIMARY
TEAMSWITCH,1,5325946:RCS2386-2,BERMITE_TEAM,na,na,SAUGUS,,PRIMARY
TEAMSWITCH,1,5326087:RCS5110-1_CS,BERMITE_TEAM,na,na,SAUGUS,,PRIMARY
TEAMSWITCH,1,5450039:RCS0039-3_CS,BERMITE_TEAM,na,na,SAUGUS,,PRIMARY
TEAMSWITCH,1,_F27CE958-AE39-4DE8-AFCD-CA521BA33958,BERMITE_TEAM,na,na,SAUGUS,,PRIMARY
TEAMSWITCH,1,_40645865-0C58-4A69-AB80-9C607440399B,FELLOWSHIP_TEAM,na,na,PLAYA,,PRIMARY
TEAMSWITCH,1,988058E:RCS1168,WESTERN_TEAM,na,na,YUKON,,PRIMARY
TEAMSWITCH,1,_1CE400E4-0FAA-4BD1-B004-D2DFA983E1E6,WESTERN_TEAM,na,na,YUKON,,PRIMARY
TEAMSWITCH,1,_E54ED61C-310C-4B83-A8CF-5224945B16CD,WESTERN_TEAM,na,na,YUKON,,PRIMARY
TEAMSWITCH,1,4458396E:RCS0462,SWIFT_TEAM,na,na,MONTECITO,,PRIMARY
TEAMSWITCH,1,4129842E:RCS0515,SWIFT_TEAM,na,na,MONTECITO,,PRIMARY
TEAMSWITCH,1,4339428E:RCS0513,SWIFT_TEAM,na,na,MONTECITO,,PRIMARY
TEAMSWITCH,1,_50A5E1CB-32C8-4625-ACED-8CD3A45D1EB6,SWIFT_TEAM,na,na,MONTECITO,,PRIMARY
TEAMSWITCH,1,5553664:RCS3664-1,PELONA_TEAM,na,na,ANAVERDE,,PRIMARY
TEAMSWITCH,1,5553662:RCS3662-1,PELONA_TEAM,na,na,ANAVERDE,,PRIMARY
TEAMSWITCH,1,_231E0EA1-9F56-45F3-A2EB-38D275437286,PELONA_TEAM,na,na,ANAVERDE,,PRIMARY
TEAMSWITCH,1,4780412E:RAR1068,OLD TRAILS_TEAM,na,na,VICTOR,,PRIMARY
TEAMSWITCH,1,4234591E:RAR1698,OLD TRAILS_TEAM,na,na,VICTOR,,PRIMARY
TEAMSWITCH,1,366137S:RCS0890,OLD TRAILS_TEAM,na,na,VICTOR,,PRIMARY
TEAMSWITCH,1,1757195E:RCS0302,OLD TRAILS_TEAM,na,na,VICTOR,,PRIMARY
TEAMSWITCH,1,4652224E:RCS0304,OLD TRAILS_TEAM,na,na,VICTOR,,PRIMARY
TEAMSWITCH,1,273085S:RCS0310,OLD TRAILS_TEAM,na,na,VICTOR,,PRIMARY
TEAMSWITCH,1,4344874E:RCS0314,OLD TRAILS_TEAM,na,na,VICTOR,,PRIMARY
TEAMSWITCH,1,4408646E:RCS0315,OLD TRAILS_TEAM,na,na,VICTOR,,PRIMARY
TEAMSWITCH,1,4185817E:RCS0307,OLD TRAILS_TEAM,na,na,VICTOR,,PRIMARY
TEAMSWITCH,1,4894601E:RCS0866,OLD TRAILS_TEAM,na,na,VICTOR,,PRIMARY
TEAMSWITCH,1,80201S:RCS0312,OLD TRAILS_TEAM,na,na,VICTOR,,PRIMARY
TEAMSWITCH,1,4615417E:RSR1205,OLD TRAILS_TEAM,na,na,VICTOR,,PRIMARY
TEAMSWITCH,1,80291S:RSR1203,OLD TRAILS_TEAM,na,na,VICTOR,,PRIMARY
TEAMSWITCH,1,4919501E:RSR1204,OLD TRAILS_TEAM,na,na,VICTOR,,PRIMARY
TEAMSWITCH,1,4531704E:RSR0309,OLD TRAILS_TEAM,na,na,VICTOR,,PRIMARY
TEAMSWITCH,1,_ACE1CC7F-08B9-45DB-9397-1FAE420F5E98,OLD TRAILS_TEAM,na,na,VICTOR,,PRIMARY
TEAMSWITCH,1,_A240C530-BDC4-4F25-A70E-6DB758B6884B,OAKHURST_TEAM,na,na,BEVERLY,,PRIMARY
TEAMSWITCH,1,_8DFD19F7-FC53-4E55-9E13-E0E802521D47,RODEO_TEAM,na,na,BEVERLY,,PRIMARY
TEAMSWITCH,1,5314105:RCS4091-1,CHUMASH_TEAM,na,na,MALIBU,,PRIMARY
TEAMSWITCH,1,5313934:RCS1146-1_CS,CHUMASH_TEAM,na,na,MALIBU,,PRIMARY
TEAMSWITCH,1,_C51BFA94-369F-4B95-8F3D-40DE4AE744F0,CHUMASH_TEAM,na,na,MALIBU,,PRIMARY
TEAMSWITCH,1,4854649E:RCS0186,GRAPEFRUIT_TEAM,na,na,CITRUS,,PRIMARY
TEAMSWITCH,1,5413347:RCS3791-2,GRAPEFRUIT_TEAM,na,na,CITRUS,,PRIMARY
TEAMSWITCH,1,4586300E:RCS0169,GRAPEFRUIT_TEAM,na,na,CITRUS,,PRIMARY
TEAMSWITCH,1,5621133:RCS4646-1_CS,GRAPEFRUIT_TEAM,na,na,CITRUS,,PRIMARY
TEAMSWITCH,1,4973244E:RSR0475,GRAPEFRUIT_TEAM,na,na,CITRUS,,PRIMARY
TEAMSWITCH,1,761479E:RSR0725,GRAPEFRUIT_TEAM,na,na,CITRUS,,PRIMARY
TEAMSWITCH,1,_FB81DFBB-CC3C-4F6B-9B6A-8C6417BC4861,GRAPEFRUIT_TEAM,na,na,CITRUS,,PRIMARY
TEAMSWITCH,1,5560892:RCS4274-1,SCRAPPER_TEAM,na,na,QUARTZ HILL,,PRIMARY
TEAMSWITCH,1,_F4346FC0-FCD9-4BBA-BDB8-C772067C0DA8,SCRAPPER_TEAM,na,na,QUARTZ HILL,,PRIMARY
TEAMSWITCH,1,4795360E:RCS0584,HOT SPRINGS_TEAM,na,na,SANTA BARBARA,,PRIMARY
TEAMSWITCH,1,4371705E:RCS0540,HOT SPRINGS_TEAM,na,na,SANTA BARBARA,,PRIMARY
TEAMSWITCH,1,5535644:RCS0516-1,HOT SPRINGS_TEAM,na,na,SANTA BARBARA,,PRIMARY
TEAMSWITCH,1,5418207:RCS6641-4,HOT SPRINGS_TEAM,na,na,SANTA BARBARA,,PRIMARY
TEAMSWITCH,1,5446713:RCS0824-2_CS,HOT SPRINGS_TEAM,na,na,SANTA BARBARA,,PRIMARY
TEAMSWITCH,1,1915121E:RSR2325,HOT SPRINGS_TEAM,na,na,SANTA BARBARA,,PRIMARY
TEAMSWITCH,1,4915464E:RSR0451,HOT SPRINGS_TEAM,na,na,SANTA BARBARA,,PRIMARY
TEAMSWITCH,1,422329E:RSR0281,HOT SPRINGS_TEAM,na,na,SANTA BARBARA,,PRIMARY
TEAMSWITCH,1,4299767E:RSR7169,HOT SPRINGS_TEAM,na,na,SANTA BARBARA,,PRIMARY
TEAMSWITCH,1,_C1908399-5E06-4E16-BC5F-D83883D596D3,HOT SPRINGS_TEAM,na,na,SANTA BARBARA,,PRIMARY
TEAMSWITCH,1,_D9B95A19-9463-4396-92E9-525E40581D3F,HOT SPRINGS_TEAM,na,na,SANTA BARBARA,,PRIMARY
TEAMSWITCH,1,2303089E:RAR3032,SEXTON_TEAM,na,na,SATICOY,,PRIMARY
TEAMSWITCH,1,1718758E:RAR7428,SEXTON_TEAM,na,na,SATICOY,,PRIMARY
TEAMSWITCH,1,1518343E:RCS0352,SEXTON_TEAM,na,na,SATICOY,,PRIMARY
TEAMSWITCH,1,4669593E:RCS0199,SEXTON_TEAM,na,na,SATICOY,,PRIMARY
TEAMSWITCH,1,5033763:RCS0433-2,SEXTON_TEAM,na,na,SATICOY,,PRIMARY
TEAMSWITCH,1,1781601E:RCS3033,SEXTON_TEAM,na,na,SATICOY,,PRIMARY
TEAMSWITCH,1,5744103:RCSG003-2_CS,SEXTON_TEAM,na,na,SATICOY,,PRIMARY
TEAMSWITCH,1,4447698E:RSR3031,SEXTON_TEAM,na,na,SATICOY,,PRIMARY
TEAMSWITCH,1,1139038E:RSR1336,SEXTON_TEAM,na,na,SATICOY,,PRIMARY
TEAMSWITCH,1,_05412EB7-D7DD-410B-927E-C4C1A0A96E4D,SEXTON_TEAM,na,na,SATICOY,,PRIMARY
TEAMSWITCH,1,1654356E:RCS0573,FEDERER_TEAM,na,na,WIMBLEDON,,PRIMARY
TEAMSWITCH,1,5384719:RCS4390-4,FEDERER_TEAM,na,na,WIMBLEDON,,PRIMARY
TEAMSWITCH,1,5356519:RCS4250-1,FEDERER_TEAM,na,na,WIMBLEDON,,PRIMARY
TEAMSWITCH,1,5301293:RCS5323-1,FEDERER_TEAM,na,na,WIMBLEDON,,PRIMARY
TEAMSWITCH,1,5612575:RCS6525-3,FEDERER_TEAM,na,na,WIMBLEDON,,PRIMARY
TEAMSWITCH,1,5599041:RCS6526-1_CS,FEDERER_TEAM,na,na,WIMBLEDON,,PRIMARY
TEAMSWITCH,1,_6616D4EF-2AC7-4B9D-A186-21F0D517477E,FEDERER_TEAM,na,na,WIMBLEDON,,PRIMARY
TEAMSWITCH,1,4740028E:RAR0919,CONTE_TEAM,na,na,HOLGATE,,PRIMARY
TEAMSWITCH,1,4829225E:RAR0918,CONTE_TEAM,na,na,HOLGATE,,PRIMARY
TEAMSWITCH,1,1778209E:RCS0245,CONTE_TEAM,na,na,HOLGATE,,PRIMARY
TEAMSWITCH,1,4390741E:RCS0153,CONTE_TEAM,na,na,HOLGATE,,PRIMARY
TEAMSWITCH,1,_B33C4864-4477-43D9-BFA5-7DA27740303F,CONTE_TEAM,na,na,HOLGATE,,PRIMARY
TEAMSWITCH,1,4570441E:RCS0730,GUTHRIE_TEAM,na,na,DEL ROSA,,PRIMARY
TEAMSWITCH,1,1420348E:RCS0710,GUTHRIE_TEAM,na,na,DEL ROSA,,PRIMARY
TEAMSWITCH,1,1420353E:RSR1011,GUTHRIE_TEAM,na,na,DEL ROSA,,PRIMARY
TEAMSWITCH,1,1420375E:RSR1012,GUTHRIE_TEAM,na,na,DEL ROSA,,PRIMARY
TEAMSWITCH,1,4894696E:RSR1013,GUTHRIE_TEAM,na,na,DEL ROSA,,PRIMARY
TEAMSWITCH,1,4894697E:RSR1014,GUTHRIE_TEAM,na,na,DEL ROSA,,PRIMARY
TEAMSWITCH,1,1420326E:RSR0999,GUTHRIE_TEAM,na,na,DEL ROSA,,PRIMARY
TEAMSWITCH,1,_27AAF4A8-218F-4ED6-9609-4AA1C7BCBD9D,GUTHRIE_TEAM,na,na,DEL ROSA,,PRIMARY
TEAMSWITCH,1,_C9CA4CF4-BA6F-41FC-9D71-18D1E24679F7,WALK_TEAM,na,na,MOBILOIL,,PRIMARY
TEAMSWITCH,1,4244317E:RCS5163,BIDDER_TEAM,na,na,GOLETA,,PRIMARY
TEAMSWITCH,1,4244328E:RCS5162,BIDDER_TEAM,na,na,GOLETA,,PRIMARY
TEAMSWITCH,1,2178542E:RCS0303,BIDDER_TEAM,na,na,GOLETA,,PRIMARY
TEAMSWITCH,1,4403787E:RCS0101,BIDDER_TEAM,na,na,GOLETA,,PRIMARY
TEAMSWITCH,1,2178538E:RSR7147,BIDDER_TEAM,na,na,GOLETA,,PRIMARY
TEAMSWITCH,1,_8A1A4AB8-7148-4C9C-96E2-A21B5FA08115,BIDDER_TEAM,na,na,GOLETA,,PRIMARY
TEAMSWITCH,1,4175521E:RAR0983,MINOTAUR_TEAM,na,na,SAN BERNARDINO,,PRIMARY
TEAMSWITCH,1,2357303E:RCS0007,MINOTAUR_TEAM,na,na,SAN BERNARDINO,,PRIMARY
TEAMSWITCH,1,1891682E:RCS0126,MINOTAUR_TEAM,na,na,SAN BERNARDINO,,PRIMARY
TEAMSWITCH,1,_6027A2CB-B8CB-449A-B4CD-2060D03CB8EF,MINOTAUR_TEAM,na,na,SAN BERNARDINO,,PRIMARY
TEAMSWITCH,1,5058429:RCS0142-2,ALPHA_TEAM,na,na,TELEGRAPH,,PRIMARY
TEAMSWITCH,1,5123856:RCS0178-1,ALPHA_TEAM,na,na,TELEGRAPH,,PRIMARY
TEAMSWITCH,1,_2CED7DC5-6BD5-439E-87C9-3229C20B4B78,ALPHA_TEAM,na,na,TELEGRAPH,,PRIMARY
TEAMSWITCH,1,_C8005516-B389-4F55-A7D9-62C2B1B440D0,ALPHA_TEAM,na,na,TELEGRAPH,,PRIMARY
TEAMSWITCH,1,1424394E:RCS8534,GRINGO_TEAM,na,na,SAN MIGUEL,,PRIMARY
TEAMSWITCH,1,1871775E:RCS3591,GRINGO_TEAM,na,na,SAN MIGUEL,,PRIMARY
TEAMSWITCH,1,5020667:RCS8578-1,GRINGO_TEAM,na,na,SAN MIGUEL,,PRIMARY
TEAMSWITCH,1,5810582:RCSG010-1,GRINGO_TEAM,na,na,SAN MIGUEL,,PRIMARY
TEAMSWITCH,1,2085352E:RCS2789,GRINGO_TEAM,na,na,SAN MIGUEL,,PRIMARY
TEAMSWITCH,1,4967139E:RCS3083,GRINGO_TEAM,na,na,SAN MIGUEL,,PRIMARY
TEAMSWITCH,1,5715257:RCS8098-3_CS,GRINGO_TEAM,na,na,SAN MIGUEL,,PRIMARY
TEAMSWITCH,1,_39845555-B52E-4D08-B4A1-A7A59F849E86,GRINGO_TEAM,na,na,SAN MIGUEL,,PRIMARY
TEAMSWITCH,1,1722914E:RCS1772,HOSS_TEAM,na,na,ROYAL,,PRIMARY
TEAMSWITCH,1,4790502E:RCS4134,HOSS_TEAM,na,na,ROYAL,,PRIMARY
TEAMSWITCH,1,5381188:RCS9881-2,HOSS_TEAM,na,na,ROYAL,,PRIMARY
TEAMSWITCH,1,5577382:RCS1770-2,HOSS_TEAM,na,na,ROYAL,,PRIMARY
TEAMSWITCH,1,5577382:RCS1770-4,HOSS_TEAM,na,na,ROYAL,,PRIMARY
TEAMSWITCH,1,5027756:RCS1593-2,HOSS_TEAM,na,na,ROYAL,,PRIMARY
TEAMSWITCH,1,5709527:RCS5758-3_CS,HOSS_TEAM,na,na,ROYAL,,PRIMARY
TEAMSWITCH,1,_6797E49C-F140-4CDA-9C72-5240FB4A3EE7,HOSS_TEAM,na,na,ROYAL,,PRIMARY
TEAMSWITCH,1,4271362E:RAR0156,PICKLE MEADOWS_TEAM,na,na,BRIDGEPORT,,PRIMARY
TEAMSWITCH,1,4927800E:RCS0168,PICKLE MEADOWS_TEAM,na,na,BRIDGEPORT,,PRIMARY
TEAMSWITCH,1,4234889E:RCS0269,PICKLE MEADOWS_TEAM,na,na,BRIDGEPORT,,PRIMARY
TEAMSWITCH,1,4824439E:RCS0384,PICKLE MEADOWS_TEAM,na,na,BRIDGEPORT,,PRIMARY
TEAMSWITCH,1,4926331E:RCS0115,PICKLE MEADOWS_TEAM,na,na,BRIDGEPORT,,PRIMARY
TEAMSWITCH,1,5011676E:RCS0526,PICKLE MEADOWS_TEAM,na,na,BRIDGEPORT,,PRIMARY
TEAMSWITCH,1,_2B124175-1A9F-46EB-8C64-5B4AAA42E8EF,PICKLE MEADOWS_TEAM,na,na,BRIDGEPORT,,PRIMARY
TEAMSWITCH,1,4779725E:RAR0868,CALSTATE_TEAM,na,na,SHANDIN,,PRIMARY
TEAMSWITCH,1,4934554E:RAR1306,CALSTATE_TEAM,na,na,SHANDIN,,PRIMARY
TEAMSWITCH,1,5507473:RCS1584-5,CALSTATE_TEAM,na,na,SHANDIN,,PRIMARY
TEAMSWITCH,1,4934556E:RCS1296,CALSTATE_TEAM,na,na,SHANDIN,,PRIMARY
TEAMSWITCH,1,5308969:RCS4070-2,CALSTATE_TEAM,na,na,SHANDIN,,PRIMARY
TEAMSWITCH,1,5507473:RCS1584-4,CALSTATE_TEAM,na,na,SHANDIN,,PRIMARY
TEAMSWITCH,1,_82988150-AC75-4357-8190-779EE259B9C2,CALSTATE_TEAM,na,na,SHANDIN,,PRIMARY
TEAMSWITCH,1,4710882E:RCS0849,LARCH_TEAM,na,na,CALECTRIC,,PRIMARY
TEAMSWITCH,1,4720969E:RCS0850,LARCH_TEAM,na,na,CALECTRIC,,PRIMARY
TEAMSWITCH,1,4785417E:RCS5739,LARCH_TEAM,na,na,CALECTRIC,,PRIMARY
TEAMSWITCH,1,1979605E:RCS0863,LARCH_TEAM,na,na,CALECTRIC,,PRIMARY
TEAMSWITCH,1,4685447E:RCS0848,LARCH_TEAM,na,na,CALECTRIC,,PRIMARY
TEAMSWITCH,1,2346239E:RCS3120,LARCH_TEAM,na,na,CALECTRIC,,PRIMARY
TEAMSWITCH,1,1967641E:RCS0857,LARCH_TEAM,na,na,CALECTRIC,,PRIMARY
TEAMSWITCH,1,5756839:RCSG683-1,LARCH_TEAM,na,na,CALECTRIC,,PRIMARY
TEAMSWITCH,1,4869729E:RCS2152,LARCH_TEAM,na,na,CALECTRIC,,PRIMARY
TEAMSWITCH,1,1947348E:RCS0862,LARCH_TEAM,na,na,CALECTRIC,,PRIMARY
TEAMSWITCH,1,_3C9A1371-98A7-46A5-AB22-31933697330F,LARCH_TEAM,na,na,CALECTRIC,,PRIMARY
TEAMSWITCH,1,666468E:RAR1371,ILLINOIS_TEAM,na,na,MONETA,,PRIMARY
TEAMSWITCH,1,4874348E:RAR1370,ILLINOIS_TEAM,na,na,MONETA,,PRIMARY
TEAMSWITCH,1,_05AF7C17-2022-474D-B5A9-8F0B0745A89E,ILLINOIS_TEAM,na,na,MONETA,,PRIMARY
TEAMSWITCH,1,_4CFF2F00-FBE3-4AE9-86D9-16E1476DFC8F,ALDEN_TEAM,na,na,BEVERLY,,PRIMARY
TEAMSWITCH,1,4041825E:RAR0093,HELENA_TEAM,na,na,SANTA BARBARA,,PRIMARY
TEAMSWITCH,1,4761932E:RCS0482,HELENA_TEAM,na,na,SANTA BARBARA,,PRIMARY
TEAMSWITCH,1,4424313E:RCS1776,HELENA_TEAM,na,na,SANTA BARBARA,,PRIMARY
TEAMSWITCH,1,_94821411-3388-41CF-B195-86F50B90B1BB,HELENA_TEAM,na,na,SANTA BARBARA,,PRIMARY
TEAMSWITCH,1,5515398:RCS5398-1,SPUR_TEAM,na,na,PALMDALE,,PRIMARY
TEAMSWITCH,1,5581409:RCS1409-1,SPUR_TEAM,na,na,PALMDALE,,PRIMARY
TEAMSWITCH,1,5157787:RCS1771-2,SPUR_TEAM,na,na,PALMDALE,,PRIMARY
TEAMSWITCH,1,5414440:RCS4440-2,SPUR_TEAM,na,na,PALMDALE,,PRIMARY
TEAMSWITCH,1,_5227891E-605E-4762-A07E-C56C4AF7840D,SPUR_TEAM,na,na,PALMDALE,,PRIMARY
TEAMSWITCH,1,_BE73D6F8-ED20-4A2A-8C43-81F774B732C7,HOLSTEIN_TEAM,na,na,TIPPECANOE,,PRIMARY
TEAMSWITCH,1,2241921E:RCS7552,REAKES_TEAM,na,na,MAXWELL,,PRIMARY
TEAMSWITCH,1,_35B0E9C6-E2A8-41E7-BF09-8FB1D42AFC98,REAKES_TEAM,na,na,MAXWELL,,PRIMARY
TEAMSWITCH,1,3003335E:RAR0183,PINZON_TEAM,na,na,ROLLING HILLS,,PRIMARY
TEAMSWITCH,1,4764737E:RCS0127,PINZON_TEAM,na,na,ROLLING HILLS,,PRIMARY
TEAMSWITCH,1,4764742E:RCS0123,PINZON_TEAM,na,na,ROLLING HILLS,,PRIMARY
TEAMSWITCH,1,1659630E:RCS0458,PINZON_TEAM,na,na,ROLLING HILLS,,PRIMARY
TEAMSWITCH,1,_47F9D19A-131F-4247-BF88-A5432CEDD59D,PINZON_TEAM,na,na,ROLLING HILLS,,PRIMARY
TEAMSWITCH,1,4840525E:RAR1160,MARIANNA_TEAM,na,na,RANCHO,,PRIMARY
TEAMSWITCH,1,4913676E:RAR0760,MARIANNA_TEAM,na,na,RANCHO,,PRIMARY
TEAMSWITCH,1,4349764E:RCS0242,MARIANNA_TEAM,na,na,RANCHO,,PRIMARY
TEAMSWITCH,1,2360981E:RCS0107,MARIANNA_TEAM,na,na,RANCHO,,PRIMARY
TEAMSWITCH,1,2252627E:RCS0320,MARIANNA_TEAM,na,na,RANCHO,,PRIMARY
TEAMSWITCH,1,7177:DRINKWATER P.T.-L1,DRINKWATER_TEAM,na,na,DRINKWATER PT,,PRIMARY
TEAMSWITCH,1,7177:DRINKWATER P.T.-H1,DRINKWATER_TEAM,na,na,DRINKWATER PT,,PRIMARY
TEAMSWITCH,1,4789309E:RAR0608,NEEDHAM_TEAM,na,na,NEWHALL,,PRIMARY
TEAMSWITCH,1,4604635E:RCS0375,NEEDHAM_TEAM,na,na,NEWHALL,,PRIMARY
TEAMSWITCH,1,2369912E:RCS0605,NEEDHAM_TEAM,na,na,NEWHALL,,PRIMARY
TEAMSWITCH,1,5715219:RCS5196-3_CS,NEEDHAM_TEAM,na,na,NEWHALL,,PRIMARY
TEAMSWITCH,1,_A6ED8A76-345E-423C-A41C-14302BF4A461,NEEDHAM_TEAM,na,na,NEWHALL,,PRIMARY
TEAMSWITCH,1,_ABEA4905-5E2C-49E7-A03D-EB57484B6EB1,SCHUYLER_TEAM,na,na,BEVERLY,,PRIMARY
TEAMSWITCH,1,4892827E:RAR0182,POULTRY_TEAM,na,na,YUCAIPA,,PRIMARY
TEAMSWITCH,1,1145330E:RAR0668,POULTRY_TEAM,na,na,YUCAIPA,,PRIMARY
TEAMSWITCH,1,705883E:RAR0583,POULTRY_TEAM,na,na,YUCAIPA,,PRIMARY
TEAMSWITCH,1,4843134E:RCS0462,POULTRY_TEAM,na,na,YUCAIPA,,PRIMARY
TEAMSWITCH,1,824286E:RCS0030,POULTRY_TEAM,na,na,YUCAIPA,,PRIMARY
TEAMSWITCH,1,_F72CDD0E-B899-412A-9C19-B60BE17F7716,POULTRY_TEAM,na,na,YUCAIPA,,PRIMARY
TEAMSWITCH,1,_115327B6-1C55-416D-934B-CC320234E951,POULTRY_TEAM,na,na,YUCAIPA,,PRIMARY
TEAMSWITCH,1,1867334E:RCS0531,ASPEN_TEAM,na,na,TORRANCE,,PRIMARY
TEAMSWITCH,1,349729E:RCS1464,ASPEN_TEAM,na,na,TORRANCE,,PRIMARY
TEAMSWITCH,1,5806724:RCS0264-3_CS,ASPEN_TEAM,na,na,TORRANCE,,PRIMARY
TEAMSWITCH,1,2318626E:RSR1475,ASPEN_TEAM,na,na,TORRANCE,,PRIMARY
TEAMSWITCH,1,2053663E:RSR0146,ASPEN_TEAM,na,na,TORRANCE,,PRIMARY
TEAMSWITCH,1,4490116E:RSR1463,ASPEN_TEAM,na,na,TORRANCE,,PRIMARY
TEAMSWITCH,1,_F0B5729B-3D1A-4A04-9096-23E93C9DF034,ASPEN_TEAM,na,na,TORRANCE,,PRIMARY
TEAMSWITCH,1,4805387E:RAR0501,CHICO_TEAM,na,na,ROLLING HILLS,,PRIMARY
TEAMSWITCH,1,1140719E:RCS0253,CHICO_TEAM,na,na,ROLLING HILLS,,PRIMARY
TEAMSWITCH,1,4192516E:RCS0439,CHICO_TEAM,na,na,ROLLING HILLS,,PRIMARY
TEAMSWITCH,1,5130493:RCS3313-1,CHICO_TEAM,na,na,ROLLING HILLS,,PRIMARY
TEAMSWITCH,1,_5ECBAE29-2F88-45EB-AC92-C3DA26E51C8B,CHICO_TEAM,na,na,ROLLING HILLS,,PRIMARY
TEAMSWITCH,1,_44D97207-C77E-4BA6-A2F0-69D3F4D4A092,DENNIS_TEAM,na,na,LITTLE ROCK,,PRIMARY
TEAMSWITCH,1,_CFDE3FD6-F3A0-46CE-8E84-758EB2F9A919,HOLLY_TEAM,na,na,ANITA,,PRIMARY
TEAMSWITCH,1,5154257:RCS1351-1,SILVERTONE_TEAM,na,na,HOMART,,PRIMARY
TEAMSWITCH,1,5302401:RCS1830-2,SILVERTONE_TEAM,na,na,HOMART,,PRIMARY
TEAMSWITCH,1,5743434:RCSG874-1,SILVERTONE_TEAM,na,na,HOMART,,PRIMARY
TEAMSWITCH,1,5737790:RCSG822-3,SILVERTONE_TEAM,na,na,HOMART,,PRIMARY
TEAMSWITCH,1,_10102DE2-51C7-4724-A9E6-F8A33A6F11D3,SILVERTONE_TEAM,na,na,HOMART,,PRIMARY
TEAMSWITCH,1,4650513E:RAR0672,ERSKINE_TEAM,na,na,ISABELLA,,PRIMARY
TEAMSWITCH,1,4180438E:RAR0733,ERSKINE_TEAM,na,na,ISABELLA,,PRIMARY
TEAMSWITCH,1,4824168E:RAR0901,ERSKINE_TEAM,na,na,ISABELLA,,PRIMARY
TEAMSWITCH,1,4451101E:RAR0632,ERSKINE_TEAM,na,na,ISABELLA,,PRIMARY
TEAMSWITCH,1,4911164E:RAR0716,ERSKINE_TEAM,na,na,ISABELLA,,PRIMARY
TEAMSWITCH,1,4551595E:RAR0900,ERSKINE_TEAM,na,na,ISABELLA,,PRIMARY
TEAMSWITCH,1,4531662E:RCS0634,ERSKINE_TEAM,na,na,ISABELLA,,PRIMARY
TEAMSWITCH,1,1799288E:RCS0651,ERSKINE_TEAM,na,na,ISABELLA,,PRIMARY
TEAMSWITCH,1,1170207E:RCS0633,ERSKINE_TEAM,na,na,ISABELLA,,PRIMARY
TEAMSWITCH,1,1400941E:RCS0637,ERSKINE_TEAM,na,na,ISABELLA,,PRIMARY
TEAMSWITCH,1,_EBA4B021-810F-4F92-A661-941E014A6EE4,ERSKINE_TEAM,na,na,ISABELLA,,PRIMARY
TEAMSWITCH,1,_2283307F-0B67-4F35-A1F5-2E002A1AC617,SLADE_TEAM,na,na,MARIPOSA,,PRIMARY
TEAMSWITCH,1,4802643E:RCS2091,WORTH_TEAM,na,na,PORTERVILLE,,PRIMARY
TEAMSWITCH,1,4340182E:RCS2861,WORTH_TEAM,na,na,PORTERVILLE,,PRIMARY
TEAMSWITCH,1,_772EBB1F-198F-4D0F-88B6-46A585C523B2,WORTH_TEAM,na,na,PORTERVILLE,,PRIMARY
TEAMSWITCH,1,_B9BDCB47-E791-49D8-B792-A70398608EBA,TAMWORTH_TEAM,na,na,RAVENDALE,,PRIMARY
TEAMSWITCH,1,1463975E:RAR0463,AUBURN_TEAM,na,na,CULVER,,PRIMARY
TEAMSWITCH,1,1112210E:RCS0190,AUBURN_TEAM,na,na,CULVER,,PRIMARY
TEAMSWITCH,1,874525E:RCS0139,AUBURN_TEAM,na,na,CULVER,,PRIMARY
TEAMSWITCH,1,1028134E:RSR0255,AUBURN_TEAM,na,na,CULVER,,PRIMARY
TEAMSWITCH,1,_CA700183-D7D5-4879-B861-33BB66AE252B,AUBURN_TEAM,na,na,CULVER,,PRIMARY
TEAMSWITCH,1,_1F576711-CF3B-4210-9D15-C450AB106335,AUBURN_TEAM,na,na,CULVER,,PRIMARY
TEAMSWITCH,1,5744186:RCSG362-2,AYALA_TEAM,na,na,ALDER,,PRIMARY
TEAMSWITCH,1,_10AAAAD8-E53F-4579-94C9-64F3FB99D558,AYALA_TEAM,na,na,ALDER,,PRIMARY
TEAMSWITCH,1,5334105:RCS3966-1,CHARIOT_TEAM,na,na,HASKELL,,PRIMARY
TEAMSWITCH,1,5658702:RCS8702-2,CHARIOT_TEAM,na,na,HASKELL,,PRIMARY
TEAMSWITCH,1,5334106:RCS5176-3_CS,CHARIOT_TEAM,na,na,HASKELL,,PRIMARY
TEAMSWITCH,1,_011C448A-428A-4868-8C4E-C15DDC73266F,CHARIOT_TEAM,na,na,HASKELL,,PRIMARY
TEAMSWITCH,1,2305960E:RCS0097,MORA_TEAM,na,na,RANDALL,,PRIMARY
TEAMSWITCH,1,4640099E:RCS0105,MORA_TEAM,na,na,RANDALL,,PRIMARY
TEAMSWITCH,1,5584527:RCS5663-3,MORA_TEAM,na,na,RANDALL,,PRIMARY
TEAMSWITCH,1,_EE4BD552-AE21-4C07-A1A2-618E12B2DD6D,MORA_TEAM,na,na,RANDALL,,PRIMARY
TEAMSWITCH,1,5027879:RCS3837-4,BYER_TEAM,na,na,THOUSAND OAKS,,PRIMARY
TEAMSWITCH,1,5023937:RCS0289-1,BYER_TEAM,na,na,THOUSAND OAKS,,PRIMARY
TEAMSWITCH,1,5023934:RCS0286-2,BYER_TEAM,na,na,THOUSAND OAKS,,PRIMARY
TEAMSWITCH,1,_82C79876-5C3E-426D-830D-6AC0E2C3EF44,BYER_TEAM,na,na,THOUSAND OAKS,,PRIMARY
TEAMSWITCH,1,4802643E:RCS2091,DRAG_TEAM,na,na,PORTERVILLE,,PRIMARY
TEAMSWITCH,1,5440131:RCS3235-1,DRAG_TEAM,na,na,PORTERVILLE,,PRIMARY
TEAMSWITCH,1,_272DF9F0-F716-4931-A5B0-B6949BD8F814,DRAG_TEAM,na,na,PORTERVILLE,,PRIMARY
TEAMSWITCH,1,4438854E:RCS0569,MARTINELLI_TEAM,na,na,POTRERO,,PRIMARY
TEAMSWITCH,1,5637772:RCS7772-2,MARTINELLI_TEAM,na,na,POTRERO,,PRIMARY
TEAMSWITCH,1,5024312:RCS0202-3_CS,MARTINELLI_TEAM,na,na,POTRERO,,PRIMARY
TEAMSWITCH,1,5024314:RCS0199-2_CS,MARTINELLI_TEAM,na,na,POTRERO,,PRIMARY
TEAMSWITCH,1,5024314:RCS0199-4_CS,MARTINELLI_TEAM,na,na,POTRERO,,PRIMARY
TEAMSWITCH,1,_24F6CF0E-BCAE-4895-B7FE-3CC677B5B959,MARTINELLI_TEAM,na,na,POTRERO,,PRIMARY
TEAMSWITCH,1,1813354E:RCS0417,ROUND VALLEY_TEAM,na,na,LINDSAY,,PRIMARY
TEAMSWITCH,1,_40CD1B53-4DB0-4C8D-B8AB-A19EADF01EE0,ROUND VALLEY_TEAM,na,na,LINDSAY,,PRIMARY
TEAMSWITCH,1,_F198352C-8D40-4A5E-B911-EDB139719C5E,CLIPPER_TEAM,na,na,LUNADA,,PRIMARY
TEAMSWITCH,1,4800112E:RCS1220,BURUM_TEAM,na,na,MARIPOSA,,PRIMARY
TEAMSWITCH,1,743677E:RCS1774,BURUM_TEAM,na,na,MARIPOSA,,PRIMARY
TEAMSWITCH,1,4957033E:RSR3760,BURUM_TEAM,na,na,MARIPOSA,,PRIMARY
TEAMSWITCH,1,_EC7B9694-8766-4ECB-8FAF-53209B7B3D92,BURUM_TEAM,na,na,MARIPOSA,,PRIMARY
TEAMSWITCH,1,2315419E:RAR0016,DALBA_TEAM,na,na,DALBA PT,,PRIMARY
TEAMSWITCH,1,1106362E:RAR0032,DALBA_TEAM,na,na,DALBA PT,,PRIMARY
TEAMSWITCH,1,1354104E:RAR0014,DALBA_TEAM,na,na,DALBA PT,,PRIMARY
TEAMSWITCH,1,4767798E:RAR0015,DALBA_TEAM,na,na,DALBA PT,,PRIMARY
TEAMSWITCH,1,7153:DALBA P.T.-L1,DALBA_TEAM,na,na,DALBA PT,,PRIMARY
TEAMSWITCH,1,7153:DALBA P.T.-H1,DALBA_TEAM,na,na,DALBA PT,,PRIMARY
TEAMSWITCH,1,4665038E:RAR0460,COCHISE_TEAM,na,na,APPLE VALLEY,,PRIMARY
TEAMSWITCH,1,4694811E:RCS0451,COCHISE_TEAM,na,na,APPLE VALLEY,,PRIMARY
TEAMSWITCH,1,4616532E:RCS0455,COCHISE_TEAM,na,na,APPLE VALLEY,,PRIMARY
TEAMSWITCH,1,4052551E:RCS0733,COCHISE_TEAM,na,na,APPLE VALLEY,,PRIMARY
TEAMSWITCH,1,5595068:RCS1479-2,COCHISE_TEAM,na,na,APPLE VALLEY,,PRIMARY
TEAMSWITCH,1,_C324B151-4BAA-4921-BD50-9BBF1DFE868E,COCHISE_TEAM,na,na,APPLE VALLEY,,PRIMARY
TEAMSWITCH,1,5123747:RCS1871-2,TRIUMPH_TEAM,na,na,ALHAMBRA,,PRIMARY
TEAMSWITCH,1,4723064E:RSR1186,TRIUMPH_TEAM,na,na,ALHAMBRA,,PRIMARY
TEAMSWITCH,1,_5604BDF8-0E4D-42A0-AB74-D42B8F966B3F,TRIUMPH_TEAM,na,na,ALHAMBRA,,PRIMARY
TEAMSWITCH,1,_A776EF4F-A0F7-44B4-8EAE-F1A56D4B1A1A,TRIUMPH_TEAM,na,na,ALHAMBRA,,PRIMARY
TEAMSWITCH,1,_EC60B3D0-0BEC-48E7-AEC9-BA88612F8A91,EGAN_TEAM,na,na,BEAUMONT,,PRIMARY
TEAMSWITCH,1,1614731E:RAR2282,BROOKLYN_TEAM,na,na,BELVEDERE,,PRIMARY
TEAMSWITCH,1,4432605E:RCS1094,BROOKLYN_TEAM,na,na,BELVEDERE,,PRIMARY
TEAMSWITCH,1,_3924FD02-77C4-43AC-9835-FD948759684C,BROOKLYN_TEAM,na,na,BELVEDERE,,PRIMARY
TEAMSWITCH,1,_7B7936E1-8A44-4EAD-B677-F71D48F82980,SLUMP_TEAM,na,na,BREEZE,,PRIMARY
TEAMSWITCH,1,2100450E:RCS1566,GRANITE_TEAM,na,na,PORTERVILLE,,PRIMARY
TEAMSWITCH,1,4657609E:RCS2058,GRANITE_TEAM,na,na,PORTERVILLE,,PRIMARY
TEAMSWITCH,1,4708378E:RCS3032,GRANITE_TEAM,na,na,PORTERVILLE,,PRIMARY
TEAMSWITCH,1,2305253E:RCS1599,GRANITE_TEAM,na,na,PORTERVILLE,,PRIMARY
TEAMSWITCH,1,_70A5BC59-B715-428D-94FA-37C84EB37197,GRANITE_TEAM,na,na,PORTERVILLE,,PRIMARY
TEAMSWITCH,1,_5086B864-2F4A-494D-B789-FE35A4116AE7,ELEVADO_TEAM,na,na,BEVERLY,,PRIMARY
TEAMSWITCH,1,7407:JACKNORTHROP P.T.-L1,JACKNORTHROP_TEAM,na,na,JACKNORTHROP PT,,PRIMARY
TEAMSWITCH,1,7407:JACKNORTHROP P.T.-H1,JACKNORTHROP_TEAM,na,na,JACKNORTHROP PT,,PRIMARY
TEAMSWITCH,1,5023839:RCS0279-1,SHOPPING_TEAM,na,na,THOUSAND OAKS,,PRIMARY
TEAMSWITCH,1,5025905:RCS3836-3,SHOPPING_TEAM,na,na,THOUSAND OAKS,,PRIMARY
TEAMSWITCH,1,5025476:RCS1343-2,SHOPPING_TEAM,na,na,THOUSAND OAKS,,PRIMARY
TEAMSWITCH,1,5026855:RCS0534-4_CS,SHOPPING_TEAM,na,na,THOUSAND OAKS,,PRIMARY
TEAMSWITCH,1,_DC661EB0-5B2B-4F06-8DA1-D84BCDB4131B,SHOPPING_TEAM,na,na,THOUSAND OAKS,,PRIMARY
TEAMSWITCH,1,5408439:RCS1363-1,BRAUN_TEAM,na,na,ALHAMBRA,,PRIMARY
TEAMSWITCH,1,5408443:RCS2010-1,BRAUN_TEAM,na,na,ALHAMBRA,,PRIMARY
TEAMSWITCH,1,91777E:RCS1538,BRAUN_TEAM,na,na,ALHAMBRA,,PRIMARY
TEAMSWITCH,1,2354461E:RSR1048,BRAUN_TEAM,na,na,ALHAMBRA,,PRIMARY
TEAMSWITCH,1,91793E:RSR1003,BRAUN_TEAM,na,na,ALHAMBRA,,PRIMARY
TEAMSWITCH,1,4857619E:RSR2052,BRAUN_TEAM,na,na,ALHAMBRA,,PRIMARY
TEAMSWITCH,1,_FC28E876-2A6A-4F79-B9D5-75C3F7ABB968,BRAUN_TEAM,na,na,ALHAMBRA,,PRIMARY
TEAMSWITCH,1,_707D40E7-BFE5-4732-B0B5-82CD62A9F33B,BRAUN_TEAM,na,na,ALHAMBRA,,PRIMARY
TEAMSWITCH,1,_F24FA2F3-D359-417E-BE0B-944E0162193E,SECURITY_TEAM,na,na,SANTA MONICA,,PRIMARY
TEAMSWITCH,1,_4856A288-51B5-4978-9AEB-4B03DA37B616,SEAHORSE_TEAM,na,na,TAHITI,,PRIMARY
TEAMSWITCH,1,_C2AC4A73-966B-4020-BE9D-1FC837CB3A17,SEAHORSE_TEAM,na,na,TAHITI,,PRIMARY
TEAMSWITCH,1,5525753:RCS5753-2,DIAMONDBACK_TEAM,na,na,NORTH OAKS,,PRIMARY
TEAMSWITCH,1,5549352:RCS9352-1,DIAMONDBACK_TEAM,na,na,NORTH OAKS,,PRIMARY
TEAMSWITCH,1,5706485:RCS6485-1,DIAMONDBACK_TEAM,na,na,NORTH OAKS,,PRIMARY
TEAMSWITCH,1,7486:LOMA VISTA P.T.-L1,LOMA VISTA_TEAM,na,na,LOMA VISTA PT,,PRIMARY
TEAMSWITCH,1,7486:LOMA VISTA P.T.-H1,LOMA VISTA_TEAM,na,na,LOMA VISTA PT,,PRIMARY
TEAMSWITCH,1,4830858E:RAR1081,SEELEY_TEAM,na,na,HUSTON,,PRIMARY
TEAMSWITCH,1,1734666E:RAR0046,SEELEY_TEAM,na,na,HUSTON,,PRIMARY
TEAMSWITCH,1,4831610E:RCS0795,SEELEY_TEAM,na,na,HUSTON,,PRIMARY
TEAMSWITCH,1,_8261F47E-3474-4949-9021-1B92977D11E2,SEELEY_TEAM,na,na,HUSTON,,PRIMARY
TEAMSWITCH,1,2383139E:RCS0286,HEIGHTS_TEAM,na,na,OASIS,,PRIMARY
TEAMSWITCH,1,1651520E:RCS2408,HEIGHTS_TEAM,na,na,OASIS,,PRIMARY
TEAMSWITCH,1,5542185:RCSG185-3,HEIGHTS_TEAM,na,na,OASIS,,PRIMARY
TEAMSWITCH,1,5542185:RCSG185-4,HEIGHTS_TEAM,na,na,OASIS,,PRIMARY
TEAMSWITCH,1,2365208E:RCS0312,HEIGHTS_TEAM,na,na,OASIS,,PRIMARY
TEAMSWITCH,1,_27DC55CC-C7CE-43A6-8259-AC158B5D4606,HEIGHTS_TEAM,na,na,OASIS,,PRIMARY
TEAMSWITCH,1,4318523E:RCS1678,MCCLURE_TEAM,na,na,BROWNING,,PRIMARY
TEAMSWITCH,1,4747423E:RCS1859,MCCLURE_TEAM,na,na,BROWNING,,PRIMARY
TEAMSWITCH,1,4432122E:RCS0370,MCCLURE_TEAM,na,na,BROWNING,,PRIMARY
TEAMSWITCH,1,_71A79333-2421-4089-B6EE-4D155041A784,MCCLURE_TEAM,na,na,BROWNING,,PRIMARY
TEAMSWITCH,1,2154731E:RAR0917,WING_TEAM,na,na,SAVAGE,,PRIMARY
TEAMSWITCH,1,4014331E:RCS0646,WING_TEAM,na,na,SAVAGE,,PRIMARY
TEAMSWITCH,1,4834875E:RCS1107,WING_TEAM,na,na,SAVAGE,,PRIMARY
TEAMSWITCH,1,4854720E:RCS1105,WING_TEAM,na,na,SAVAGE,,PRIMARY
TEAMSWITCH,1,_855CA01F-B18D-49B5-AF6C-F57DD5FB243D,WING_TEAM,na,na,SAVAGE,,PRIMARY
TEAMSWITCH,1,4743323E:RCS1984,NAUMANN_TEAM,na,na,LEVY,,PRIMARY
TEAMSWITCH,1,4863767E:RCS1721,NAUMANN_TEAM,na,na,LEVY,,PRIMARY
TEAMSWITCH,1,5034434:RCS2874-1,NAUMANN_TEAM,na,na,LEVY,,PRIMARY
TEAMSWITCH,1,_CC9BF397-9FF0-4204-9653-C9FA83A39830,NAUMANN_TEAM,na,na,LEVY,,PRIMARY
TEAMSWITCH,1,869049E:RCS0356,TRUSS_TEAM,na,na,BRIDGE,,PRIMARY
TEAMSWITCH,1,_16833D73-6895-4E28-B5C6-97C2FDBD61A8,TRUSS_TEAM,na,na,BRIDGE,,PRIMARY
TEAMSWITCH,1,4797651E:RAR0972,SHANGRILA_TEAM,na,na,DOWNS,,PRIMARY
TEAMSWITCH,1,1997736E:RCS9850,SHANGRILA_TEAM,na,na,DOWNS,,PRIMARY
TEAMSWITCH,1,5618629:RCS0832-1_CS,SHANGRILA_TEAM,na,na,DOWNS,,PRIMARY
TEAMSWITCH,1,4177372E:RSR1044,SHANGRILA_TEAM,na,na,DOWNS,,PRIMARY
TEAMSWITCH,1,_B4E6FEBD-BD1E-4B0B-A458-FD795DEEEC95,SHANGRILA_TEAM,na,na,DOWNS,,PRIMARY
TEAMSWITCH,1,1658510E:RCS1357,WASH_TEAM,na,na,RIO HONDO,,PRIMARY
TEAMSWITCH,1,5744129:RCSG001-3,WASH_TEAM,na,na,RIO HONDO,,PRIMARY
TEAMSWITCH,1,1280074E:RSR2027,WASH_TEAM,na,na,RIO HONDO,,PRIMARY
TEAMSWITCH,1,1547068E:RSR2029,WASH_TEAM,na,na,RIO HONDO,,PRIMARY
TEAMSWITCH,1,1685089E:RSR2063,WASH_TEAM,na,na,RIO HONDO,,PRIMARY
TEAMSWITCH,1,531031E:RSR2163,WASH_TEAM,na,na,RIO HONDO,,PRIMARY
TEAMSWITCH,1,_3E8A0D00-9FA5-4B08-B218-9539261D7537,WASH_TEAM,na,na,RIO HONDO,,PRIMARY
TEAMSWITCH,1,_752CBE67-0E0C-41CF-AD98-99A7883C24D7,COLLETTE_TEAM,na,na,MOBILOIL,,PRIMARY
TEAMSWITCH,1,4660893E:RAR0246,TICO_TEAM,na,na,CASITAS,,PRIMARY
TEAMSWITCH,1,1359591E:RAR0736,TICO_TEAM,na,na,CASITAS,,PRIMARY
TEAMSWITCH,1,1603879E:RCS0362,TICO_TEAM,na,na,CASITAS,,PRIMARY
TEAMSWITCH,1,4635129E:RCS0820,TICO_TEAM,na,na,CASITAS,,PRIMARY
TEAMSWITCH,1,4765701E:RCS0190,TICO_TEAM,na,na,CASITAS,,PRIMARY
TEAMSWITCH,1,1424623E:RCS1616,TICO_TEAM,na,na,CASITAS,,PRIMARY
TEAMSWITCH,1,577137E:RSR0258,TICO_TEAM,na,na,CASITAS,,PRIMARY
TEAMSWITCH,1,1603982E:RSR0879,TICO_TEAM,na,na,CASITAS,,PRIMARY
TEAMSWITCH,1,4796607E:RSR7363,TICO_TEAM,na,na,CASITAS,,PRIMARY
TEAMSWITCH,1,4872959E:RSR7362,TICO_TEAM,na,na,CASITAS,,PRIMARY
TEAMSWITCH,1,4880052E:RSR7360,TICO_TEAM,na,na,CASITAS,,PRIMARY
TEAMSWITCH,1,_428F505A-694C-4049-AD20-281BCACEA1CF,TICO_TEAM,na,na,CASITAS,,PRIMARY
TEAMSWITCH,1,_F8DB9049-97EB-48F4-B356-1BCEACDB1DC5,LATIN_TEAM,na,na,REPETTO,,PRIMARY
TEAMSWITCH,1,4744289E:RCS0107,CARPOIL_TEAM,na,na,CARPINTERIA,,PRIMARY
TEAMSWITCH,1,4883247E:RCS0042,CARPOIL_TEAM,na,na,CARPINTERIA,,PRIMARY
TEAMSWITCH,1,5031130:RCS0560-4,CARPOIL_TEAM,na,na,CARPINTERIA,,PRIMARY
TEAMSWITCH,1,5317202:RCS0290-2,CARPOIL_TEAM,na,na,CARPINTERIA,,PRIMARY
TEAMSWITCH,1,5744171:RCSG001-1,CARPOIL_TEAM,na,na,CARPINTERIA,,PRIMARY
TEAMSWITCH,1,_67BEC7C3-FE52-42C7-BD16-D79913632A59,CARPOIL_TEAM,na,na,CARPINTERIA,,PRIMARY
TEAMSWITCH,1,_B76196B7-474F-4E62-8133-3E51265E9C14,MIRAMAR_TEAM,na,na,MONTECITO,,PRIMARY
TEAMSWITCH,1,562089E:RAR3644,NEWMAN_TEAM,na,na,OCTOL,,PRIMARY
TEAMSWITCH,1,4695595E:RCS1200,NEWMAN_TEAM,na,na,OCTOL,,PRIMARY
TEAMSWITCH,1,4629413E:RCS3452,NEWMAN_TEAM,na,na,OCTOL,,PRIMARY
TEAMSWITCH,1,637504E:RCS1450,NEWMAN_TEAM,na,na,OCTOL,,PRIMARY
TEAMSWITCH,1,775503E:RCS1154,NEWMAN_TEAM,na,na,OCTOL,,PRIMARY
TEAMSWITCH,1,4266495E:RSR1155,NEWMAN_TEAM,na,na,OCTOL,,PRIMARY
TEAMSWITCH,1,_E407CA62-3632-480F-8015-EC28E80A852F,NEWMAN_TEAM,na,na,OCTOL,,PRIMARY
TEAMSWITCH,1,_E7686590-12F3-4F6C-9776-CE267F3064E5,FUEL GAS 3_TEAM,na,na,COMPRESS,,PRIMARY
TEAMSWITCH,1,1735112E:RCS0612,ROSEMONT_TEAM,na,na,LA CANADA,,PRIMARY
TEAMSWITCH,1,1292815E:RCS0653,ROSEMONT_TEAM,na,na,LA CANADA,,PRIMARY
TEAMSWITCH,1,959467E:RCS0623,ROSEMONT_TEAM,na,na,LA CANADA,,PRIMARY
TEAMSWITCH,1,5461033:RCS1710-4,ROSEMONT_TEAM,na,na,LA CANADA,,PRIMARY
TEAMSWITCH,1,_AB38DFFE-19A5-473C-8A7B-E8FFB2F971A0,ROSEMONT_TEAM,na,na,LA CANADA,,PRIMARY
TEAMSWITCH,1,4593099E:RAR1912,TYLER_TEAM,na,na,AMADOR,,PRIMARY
TEAMSWITCH,1,_B7D837CD-CF3D-48E6-A0C4-34E600EA37E8,TYLER_TEAM,na,na,AMADOR,,PRIMARY
TEAMSWITCH,1,5662078:RCS2078-4,CROSS_TEAM,na,na,NEWHALL,,PRIMARY
TEAMSWITCH,1,5137591:RCS7591-4,CROSS_TEAM,na,na,NEWHALL,,PRIMARY
TEAMSWITCH,1,5035850:RCS3963-1,CROSS_TEAM,na,na,NEWHALL,,PRIMARY
TEAMSWITCH,1,_A725DE3C-5022-4B3F-B64E-4E76AEDDF8CD,CROSS_TEAM,na,na,NEWHALL,,PRIMARY
TEAMSWITCH,1,_96A9C76E-5F7E-45F2-8341-BCF5F91B8030,TECH_TEAM,na,na,PHARMACY,,PRIMARY
TEAMSWITCH,1,188137M:RCS0143,TARTAR_TEAM,na,na,BEVERLY,,PRIMARY
TEAMSWITCH,1,5039601:RCS7776-1,TARTAR_TEAM,na,na,BEVERLY,,PRIMARY
TEAMSWITCH,1,5039593:RCS0609-2,TARTAR_TEAM,na,na,BEVERLY,,PRIMARY
TEAMSWITCH,1,5040508:RCS0734-4,TARTAR_TEAM,na,na,BEVERLY,,PRIMARY
TEAMSWITCH,1,_4F2C92CF-5353-48DD-B494-7F61577D1410,TARTAR_TEAM,na,na,BEVERLY,,PRIMARY
TEAMSWITCH,1,_05C5217B-1E5D-4AAB-930F-D8797B98A809,TARTAR_TEAM,na,na,BEVERLY,,PRIMARY
TEAMSWITCH,1,1055561E:RCS0627,BOEING_TEAM,na,na,LENNOX,,PRIMARY
TEAMSWITCH,1,5047646:RCS0535-2,BOEING_TEAM,na,na,LENNOX,,PRIMARY
TEAMSWITCH,1,1612466E:RSR0078,BOEING_TEAM,na,na,LENNOX,,PRIMARY
TEAMSWITCH,1,_DA0000CF-EC76-4224-A040-664D4CA03970,BOEING_TEAM,na,na,LENNOX,,PRIMARY
TEAMSWITCH,1,_22488414-2267-4C97-8A35-BD88B7262D42,LILAC_TEAM,na,na,ROLLING HILLS,,PRIMARY
TEAMSWITCH,1,_FB886C28-32F3-4981-8775-009D3D5E0D74,CARLYLE_TEAM,na,na,SAN VICENTE,,PRIMARY
TEAMSWITCH,1,_FC789941-ACA2-4314-93D7-78DEB5D6F363,LOPER_TEAM,na,na,RIALTO,,PRIMARY
TEAMSWITCH,1,1581229E:RAR0215,TYROLITE_TEAM,na,na,GLEN AVON,,PRIMARY
TEAMSWITCH,1,968349E:RCS2364,TYROLITE_TEAM,na,na,GLEN AVON,,PRIMARY
TEAMSWITCH,1,4103249E:RSR4330,TYROLITE_TEAM,na,na,GLEN AVON,,PRIMARY
TEAMSWITCH,1,_7AB13AFF-4034-415C-9B9A-5A408BCA774D,TYROLITE_TEAM,na,na,GLEN AVON,,PRIMARY
TEAMSWITCH,1,1739831E:RCS1841,OTTOWA_TEAM,na,na,RIO HONDO,,PRIMARY
TEAMSWITCH,1,1739729E:RSR2469,OTTOWA_TEAM,na,na,RIO HONDO,,PRIMARY
TEAMSWITCH,1,4681270E:RSR1726,OTTOWA_TEAM,na,na,RIO HONDO,,PRIMARY
TEAMSWITCH,1,_12042C46-73C9-4CD7-9EB7-F937C32D47E3,OTTOWA_TEAM,na,na,RIO HONDO,,PRIMARY
TEAMSWITCH,1,4771425E:RAR1031,RUSS BOYD_TEAM,na,na,VICTOR,,PRIMARY
TEAMSWITCH,1,4876919E:RAR1094,RUSS BOYD_TEAM,na,na,VICTOR,,PRIMARY
TEAMSWITCH,1,5634887:RCS3188-1,RUSS BOYD_TEAM,na,na,VICTOR,,PRIMARY
TEAMSWITCH,1,5634887:RCS3188-3,RUSS BOYD_TEAM,na,na,VICTOR,,PRIMARY
TEAMSWITCH,1,4962997E:RCS1419,RUSS BOYD_TEAM,na,na,VICTOR,,PRIMARY
TEAMSWITCH,1,4919541E:RCS1756,RUSS BOYD_TEAM,na,na,VICTOR,,PRIMARY
TEAMSWITCH,1,_441F749F-E225-4678-A045-3673487F222A,RUSS BOYD_TEAM,na,na,VICTOR,,PRIMARY
TEAMSWITCH,1,4842286E:RAR1376,TRANSPLANT_TEAM,na,na,DITMAR,,PRIMARY
TEAMSWITCH,1,684260E:RAR1377,TRANSPLANT_TEAM,na,na,DITMAR,,PRIMARY
TEAMSWITCH,1,_C25D800B-E868-4679-A25B-6BFF55E79BC8,TRANSPLANT_TEAM,na,na,DITMAR,,PRIMARY
TEAMSWITCH,1,1432193E:RCS0323,STONELEY_TEAM,na,na,RAVENDALE,,PRIMARY
TEAMSWITCH,1,5527355:RCS9758-2_CS,STONELEY_TEAM,na,na,RAVENDALE,,PRIMARY
TEAMSWITCH,1,5527355:RCS9758-4_CS,STONELEY_TEAM,na,na,RAVENDALE,,PRIMARY
TEAMSWITCH,1,5015347:RCS9518-1,STONELEY_TEAM,na,na,RAVENDALE,,PRIMARY
TEAMSWITCH,1,_44C2F0EA-4019-453C-9433-4430952074C5,STONELEY_TEAM,na,na,RAVENDALE,,PRIMARY
TEAMSWITCH,1,_FE284CA3-C231-4505-9B2E-004D3CFE7519,STONELEY_TEAM,na,na,RAVENDALE,,PRIMARY
TEAMSWITCH,1,4327720E:RCS1052,ENID_TEAM,na,na,DALTON,,PRIMARY
TEAMSWITCH,1,_BAE8D738-823A-47E8-86F7-585E59AA0CAB,ENID_TEAM,na,na,DALTON,,PRIMARY
TEAMSWITCH,1,_6342D656-1402-4A17-9A77-DBE8D4BADF11,BATH_TEAM,na,na,SANTA BARBARA,,PRIMARY
TEAMSWITCH,1,_C75DB829-B1B1-401E-B90F-6E50EA7F55DD,WHITING_TEAM,na,na,SEPULVEDA,,PRIMARY
TEAMSWITCH,1,944232E:RCS1173,ARCTURUS_TEAM,na,na,BLUFF COVE,,PRIMARY
TEAMSWITCH,1,_E11DADFF-C06D-4063-852A-BAB9A3C29202,ARCTURUS_TEAM,na,na,BLUFF COVE,,PRIMARY
TEAMSWITCH,1,_F0BC33CC-FE35-46A6-B845-37B274550474,SPINEL_TEAM,na,na,TOPAZ,,PRIMARY
TEAMSWITCH,1,1618077E:RAR0058,STROSNIDER_TEAM,na,na,BRIDGEPORT,,PRIMARY
TEAMSWITCH,1,4854879E:RCS0401,STROSNIDER_TEAM,na,na,BRIDGEPORT,,PRIMARY
TEAMSWITCH,1,4271376E:RCS0174,STROSNIDER_TEAM,na,na,BRIDGEPORT,,PRIMARY
TEAMSWITCH,1,5634625:RCSG445-1,STROSNIDER_TEAM,na,na,BRIDGEPORT,,PRIMARY
TEAMSWITCH,1,5011676E:RCS0526,STROSNIDER_TEAM,na,na,BRIDGEPORT,,PRIMARY
TEAMSWITCH,1,_86BD4395-C00E-4D89-876D-A4A94E6D5576,STROSNIDER_TEAM,na,na,BRIDGEPORT,,PRIMARY
TEAMSWITCH,1,_B46C9AE4-F4B2-4C0F-AD63-AE2073121607,JIMS_TEAM,na,na,MENTONE,,PRIMARY
TEAMSWITCH,1,_A17C3BA8-6552-4AC7-95FD-28DCAA3984B7,CARTER_TEAM,na,na,HOWARD,,PRIMARY
TEAMSWITCH,1,851472E:RAR0770,CUYAMA_TEAM,na,na,TAFT,,PRIMARY
TEAMSWITCH,1,851302E:RAR0757,CUYAMA_TEAM,na,na,TAFT,,PRIMARY
TEAMSWITCH,1,851397E:RCS0769,CUYAMA_TEAM,na,na,TAFT,,PRIMARY
TEAMSWITCH,1,851607E:RCS0772,CUYAMA_TEAM,na,na,TAFT,,PRIMARY
TEAMSWITCH,1,4099245E:RCS1165,VADAR_TEAM,na,na,SHUTTLE,,PRIMARY
TEAMSWITCH,1,4099229E:RCS2180,VADAR_TEAM,na,na,SHUTTLE,,PRIMARY
TEAMSWITCH,1,5701417:RCS0231-6_CS,VADAR_TEAM,na,na,SHUTTLE,,PRIMARY
TEAMSWITCH,1,4911252E:RCS0516,VADAR_TEAM,na,na,SHUTTLE,,PRIMARY
TEAMSWITCH,1,_B2A61992-3A40-42C1-9FDC-0A0F63C39FA4,VADAR_TEAM,na,na,SHUTTLE,,PRIMARY
TEAMSWITCH,1,_DA43CD55-6D6B-445A-95A8-62D7CB5E9268,SID_TEAM,na,na,RIALTO,,PRIMARY
TEAMSWITCH,1,_D35FC14F-08AD-4EAC-ABBC-95E0FAA644B7,SHAKE_TEAM,na,na,ARROWHEAD,,PRIMARY
TEAMSWITCH,1,_613E865C-6B41-4F3B-9701-E5E4AC7CC5F6,ANTIL_TEAM,na,na,STODDARD,,PRIMARY
TEAMSWITCH,1,2177653E:RCS0241,HARLEM SPRINGS_TEAM,na,na,CARDIFF,,PRIMARY
TEAMSWITCH,1,4773078E:RCS0650,HARLEM SPRINGS_TEAM,na,na,CARDIFF,,PRIMARY
TEAMSWITCH,1,5445673:RCS1104-1,HARLEM SPRINGS_TEAM,na,na,CARDIFF,,PRIMARY
TEAMSWITCH,1,5742813:RCSG001-1,HARLEM SPRINGS_TEAM,na,na,CARDIFF,,PRIMARY
TEAMSWITCH,1,688146E:RSR0377,HARLEM SPRINGS_TEAM,na,na,CARDIFF,,PRIMARY
TEAMSWITCH,1,4960440E:RSR0493,HARLEM SPRINGS_TEAM,na,na,CARDIFF,,PRIMARY
TEAMSWITCH,1,_D1FF37A2-836E-4C78-A76A-DCFE1A92EBFA,HARLEM SPRINGS_TEAM,na,na,CARDIFF,,PRIMARY
TEAMSWITCH,1,742277E:RCS0119,RIGGIN_TEAM,na,na,NEWMARK,,PRIMARY
TEAMSWITCH,1,_722B79FA-3CD8-425C-877A-1DC8333CE8E6,RIGGIN_TEAM,na,na,NEWMARK,,PRIMARY
TEAMSWITCH,1,4504099E:RCS9777,COBRA_TEAM,na,na,NORTH OAKS,,PRIMARY
TEAMSWITCH,1,4457521E:RCS9779,COBRA_TEAM,na,na,NORTH OAKS,,PRIMARY
TEAMSWITCH,1,4761549E:RCS0342,COBRA_TEAM,na,na,NORTH OAKS,,PRIMARY
TEAMSWITCH,1,5306017:RCS6017-1,COBRA_TEAM,na,na,NORTH OAKS,,PRIMARY
TEAMSWITCH,1,5334245:RCS4245-1_CS,COBRA_TEAM,na,na,NORTH OAKS,,PRIMARY
TEAMSWITCH,1,5541448:RCS1448-2_CS,COBRA_TEAM,na,na,NORTH OAKS,,PRIMARY
TEAMSWITCH,1,_3C6CE455-F323-4145-AEDD-700740A6F2B8,COBRA_TEAM,na,na,NORTH OAKS,,PRIMARY
TEAMSWITCH,1,1932355E:RSR2096,SAUTERNE_TEAM,na,na,PEPPER,,PRIMARY
TEAMSWITCH,1,X9874E:RSR2097,SAUTERNE_TEAM,na,na,PEPPER,,PRIMARY
TEAMSWITCH,1,X9884E:RSR0311,SAUTERNE_TEAM,na,na,PEPPER,,PRIMARY
TEAMSWITCH,1,_0F725781-8687-479B-A692-16821DB61A54,SAUTERNE_TEAM,na,na,PEPPER,,PRIMARY
TEAMSWITCH,1,_4A84C81B-A1E7-499A-8601-D3D4FF25DA56,NURSES_TEAM,na,na,TIMOTEO,,PRIMARY
TEAMSWITCH,1,5498358:RCS8358-3,ELECTRA_TEAM,na,na,LOCKHEED,,PRIMARY
TEAMSWITCH,1,5334166:RCS4166-4,ELECTRA_TEAM,na,na,LOCKHEED,,PRIMARY
TEAMSWITCH,1,_18C7FFF1-C30C-4AA7-9D0E-55FBD414C277,ELECTRA_TEAM,na,na,LOCKHEED,,PRIMARY
TEAMSWITCH,1,1402105E:RAR5032,BROOME_TEAM,na,na,COLONIA,,PRIMARY
TEAMSWITCH,1,4770988E:RCS1754,BROOME_TEAM,na,na,COLONIA,,PRIMARY
TEAMSWITCH,1,4456423E:RCS5290,BROOME_TEAM,na,na,COLONIA,,PRIMARY
TEAMSWITCH,1,5353902:RCS0110-2,BROOME_TEAM,na,na,COLONIA,,PRIMARY
TEAMSWITCH,1,5355769:RCS0212-4,BROOME_TEAM,na,na,COLONIA,,PRIMARY
TEAMSWITCH,1,5349761:RCS3024-3,BROOME_TEAM,na,na,COLONIA,,PRIMARY
TEAMSWITCH,1,4953666E:RCS2029,BROOME_TEAM,na,na,COLONIA,,PRIMARY
TEAMSWITCH,1,_1DDF7BFC-833C-4D3B-8F4A-A8C15CDDB595,BROOME_TEAM,na,na,COLONIA,,PRIMARY
TEAMSWITCH,1,7125:CASPER P.T.-L1,CASPER_TEAM,na,na,CASPER PT,,PRIMARY
TEAMSWITCH,1,7125:CASPER P.T.-H1,CASPER_TEAM,na,na,CASPER PT,,PRIMARY
TEAMSWITCH,1,2139656E:RAR1838,CARBON_TEAM,na,na,GOLDTOWN,,PRIMARY
TEAMSWITCH,1,826154E:RAR0834,CARBON_TEAM,na,na,GOLDTOWN,,PRIMARY
TEAMSWITCH,1,4742750E:RCS0885,CARBON_TEAM,na,na,GOLDTOWN,,PRIMARY
TEAMSWITCH,1,524562E:RCS0946,CARBON_TEAM,na,na,GOLDTOWN,,PRIMARY
TEAMSWITCH,1,1217986E:RCS0892,CARBON_TEAM,na,na,GOLDTOWN,,PRIMARY
TEAMSWITCH,1,5624204:RCSG204-1,CARBON_TEAM,na,na,GOLDTOWN,,PRIMARY
TEAMSWITCH,1,4815110E:RSR0899,CARBON_TEAM,na,na,GOLDTOWN,,PRIMARY
TEAMSWITCH,1,4138098E:RSR2122,CARBON_TEAM,na,na,GOLDTOWN,,PRIMARY
TEAMSWITCH,1,4830904E:RSR5543,CARBON_TEAM,na,na,GOLDTOWN,,PRIMARY
TEAMSWITCH,1,4816485E:RSR6464,CARBON_TEAM,na,na,GOLDTOWN,,PRIMARY
TEAMSWITCH,1,_FBB96C49-466D-479D-A056-838E8E987154,CARBON_TEAM,na,na,GOLDTOWN,,PRIMARY
TEAMSWITCH,1,581575E:RAR0011,WILSON CREEK_TEAM,na,na,YUCAIPA,,PRIMARY
TEAMSWITCH,1,5012431:RCS1657-1,WILSON CREEK_TEAM,na,na,YUCAIPA,,PRIMARY
TEAMSWITCH,1,5012428:RCS1889-1,WILSON CREEK_TEAM,na,na,YUCAIPA,,PRIMARY
TEAMSWITCH,1,4612632E:RSR0622,WILSON CREEK_TEAM,na,na,YUCAIPA,,PRIMARY
TEAMSWITCH,1,2190241E:RSR0405,WILSON CREEK_TEAM,na,na,YUCAIPA,,PRIMARY
TEAMSWITCH,1,_8D5F873C-3FE9-450F-B1AE-83E180FC38AD,WILSON CREEK_TEAM,na,na,YUCAIPA,,PRIMARY
TEAMSWITCH,1,_FED3B463-1F04-4E9B-B370-0F65CB5B9876,WILSON CREEK_TEAM,na,na,YUCAIPA,,PRIMARY
TEAMSWITCH,1,4142470E:RAR0238,SAND CANYON_TEAM,na,na,SOLEMINT,,PRIMARY
TEAMSWITCH,1,4457765E:RAR0191,SAND CANYON_TEAM,na,na,SOLEMINT,,PRIMARY
TEAMSWITCH,1,4301599E:RAR3410,SAND CANYON_TEAM,na,na,SOLEMINT,,PRIMARY
TEAMSWITCH,1,4789273E:RAR0290,SAND CANYON_TEAM,na,na,SOLEMINT,,PRIMARY
TEAMSWITCH,1,794775E:RAR5051,SAND CANYON_TEAM,na,na,SOLEMINT,,PRIMARY
TEAMSWITCH,1,844570E:RCS0380,SAND CANYON_TEAM,na,na,SOLEMINT,,PRIMARY
TEAMSWITCH,1,4215620E:RCS0025,SAND CANYON_TEAM,na,na,SOLEMINT,,PRIMARY
TEAMSWITCH,1,5035714:RCS7480-1,SAND CANYON_TEAM,na,na,SOLEMINT,,PRIMARY
TEAMSWITCH,1,5035722:RCS5722-4,SAND CANYON_TEAM,na,na,SOLEMINT,,PRIMARY
TEAMSWITCH,1,5701486:RCS1486-4_CS,SAND CANYON_TEAM,na,na,SOLEMINT,,PRIMARY
TEAMSWITCH,1,5205449:RCS5449-4_CS,SAND CANYON_TEAM,na,na,SOLEMINT,,PRIMARY
TEAMSWITCH,1,5706476:RCS6776-3_CS,SAND CANYON_TEAM,na,na,SOLEMINT,,PRIMARY
TEAMSWITCH,1,5706457:RCS6457-4_CS,SAND CANYON_TEAM,na,na,SOLEMINT,,PRIMARY
TEAMSWITCH,1,_EC7B7396-F7D5-4781-BEB3-FA58146FC06E,SAND CANYON_TEAM,na,na,SOLEMINT,,PRIMARY
TEAMSWITCH,1,5639449:RCS0078-6_CS,HURSTVIEW_TEAM,na,na,BRADBURY,,PRIMARY
TEAMSWITCH,1,_96758B89-4C92-42B7-B2AC-37C70C0B8744,HURSTVIEW_TEAM,na,na,BRADBURY,,PRIMARY
TEAMSWITCH,1,_AB80F999-828A-4F07-902D-A87A623B80D7,FAIRBANKS_TEAM,na,na,YUKON,,PRIMARY
TEAMSWITCH,1,4453433E:RAR0450,MORELLO_TEAM,na,na,MARASCHINO,,PRIMARY
TEAMSWITCH,1,4420747E:RCS0729,MORELLO_TEAM,na,na,MARASCHINO,,PRIMARY
TEAMSWITCH,1,5752986:RCS6484-2_CS,MORELLO_TEAM,na,na,MARASCHINO,,PRIMARY
TEAMSWITCH,1,2190297E:RSR0775,MORELLO_TEAM,na,na,MARASCHINO,,PRIMARY
TEAMSWITCH,1,_1A506CF2-DACC-4916-AEA5-3E89C5889805,MORELLO_TEAM,na,na,MARASCHINO,,PRIMARY
TEAMSWITCH,1,1196248E:RCS0897,JAKE_TEAM,na,na,SMILEY,,PRIMARY
TEAMSWITCH,1,4381145E:RCS0895,JAKE_TEAM,na,na,SMILEY,,PRIMARY
TEAMSWITCH,1,_2D21AF4D-EEBB-4B47-BEE5-978661BAA6B2,JAKE_TEAM,na,na,SMILEY,,PRIMARY
TEAMSWITCH,1,_B2C31A8F-1A25-4CF0-9E31-0E0D436DD3BE,SUNDALE_TEAM,na,na,FELTON,,PRIMARY
TEAMSWITCH,1,4089195E:RCS0588,LYTLE_TEAM,na,na,ALDER,,PRIMARY
TEAMSWITCH,1,4132063E:RCS0615,LYTLE_TEAM,na,na,ALDER,,PRIMARY
TEAMSWITCH,1,2332176E:RCS0585,LYTLE_TEAM,na,na,ALDER,,PRIMARY
TEAMSWITCH,1,_02948A62-0B79-4821-9B5E-FF63E18B00B0,LYTLE_TEAM,na,na,ALDER,,PRIMARY
TEAMSWITCH,1,5662078:RCS2078-3,WILEY_TEAM,na,na,NEWHALL,,PRIMARY
TEAMSWITCH,1,5662078:RCS2078-4,WILEY_TEAM,na,na,NEWHALL,,PRIMARY
TEAMSWITCH,1,5137591:RCS7591-4,WILEY_TEAM,na,na,NEWHALL,,PRIMARY
TEAMSWITCH,1,5138458:RCS8458-2,WILEY_TEAM,na,na,NEWHALL,,PRIMARY
TEAMSWITCH,1,5138290:RCS8290-1,WILEY_TEAM,na,na,NEWHALL,,PRIMARY
TEAMSWITCH,1,5642565:RCS2565-1_CS,WILEY_TEAM,na,na,NEWHALL,,PRIMARY
TEAMSWITCH,1,_9E25CDDA-BB4C-4FB1-9216-695B7198FE70,WILEY_TEAM,na,na,NEWHALL,,PRIMARY
TEAMSWITCH,1,749798E:RCS0469,CIENIGITAS_TEAM,na,na,SANTA BARBARA,,PRIMARY
TEAMSWITCH,1,1188766E:RCS0553,CIENIGITAS_TEAM,na,na,SANTA BARBARA,,PRIMARY
TEAMSWITCH,1,4460135E:RCS0195,CIENIGITAS_TEAM,na,na,SANTA BARBARA,,PRIMARY
TEAMSWITCH,1,5317299:RCS0799-2,CIENIGITAS_TEAM,na,na,SANTA BARBARA,,PRIMARY
TEAMSWITCH,1,105734E:RCS0086,CIENIGITAS_TEAM,na,na,SANTA BARBARA,,PRIMARY
TEAMSWITCH,1,4758261E:RCS0521,CIENIGITAS_TEAM,na,na,SANTA BARBARA,,PRIMARY
TEAMSWITCH,1,828250E:RCS0022,CIENIGITAS_TEAM,na,na,SANTA BARBARA,,PRIMARY
TEAMSWITCH,1,5446713:RCS0824-2_CS,CIENIGITAS_TEAM,na,na,SANTA BARBARA,,PRIMARY
TEAMSWITCH,1,422329E:RSR0281,CIENIGITAS_TEAM,na,na,SANTA BARBARA,,PRIMARY
TEAMSWITCH,1,4299767E:RSR7169,CIENIGITAS_TEAM,na,na,SANTA BARBARA,,PRIMARY
TEAMSWITCH,1,_2CF219DB-8F4A-4A7D-A8E0-E118FFE43981,CIENIGITAS_TEAM,na,na,SANTA BARBARA,,PRIMARY
TEAMSWITCH,1,4006037E:RAR0014,KENWORTH_TEAM,na,na,ROADWAY,,PRIMARY
TEAMSWITCH,1,500004E:RAR1555,KENWORTH_TEAM,na,na,ROADWAY,,PRIMARY
TEAMSWITCH,1,2302191E:RAR1209,KENWORTH_TEAM,na,na,ROADWAY,,PRIMARY
TEAMSWITCH,1,4913684E:RCS0562,KENWORTH_TEAM,na,na,ROADWAY,,PRIMARY
TEAMSWITCH,1,4501694E:RCS0597,KENWORTH_TEAM,na,na,ROADWAY,,PRIMARY
TEAMSWITCH,1,365402S:RCS0148,KENWORTH_TEAM,na,na,ROADWAY,,PRIMARY
TEAMSWITCH,1,5744151:RCSG050-3,KENWORTH_TEAM,na,na,ROADWAY,,PRIMARY
TEAMSWITCH,1,5573740:RCS3092-2,KENWORTH_TEAM,na,na,ROADWAY,,PRIMARY
TEAMSWITCH,1,5573746:RCS3093-1,KENWORTH_TEAM,na,na,ROADWAY,,PRIMARY
TEAMSWITCH,1,5573746:RCS3093-4,KENWORTH_TEAM,na,na,ROADWAY,,PRIMARY
TEAMSWITCH,1,5573752:RCS3095-4,KENWORTH_TEAM,na,na,ROADWAY,,PRIMARY
TEAMSWITCH,1,5594002:RCSG065-1,KENWORTH_TEAM,na,na,ROADWAY,,PRIMARY
TEAMSWITCH,1,_C2D26B18-6C23-4BC1-984C-00FDCD26B50B,KENWORTH_TEAM,na,na,ROADWAY,,PRIMARY
TEAMSWITCH,1,872263E:RAR0872,TORONTO_TEAM,na,na,CANADIAN,,PRIMARY
TEAMSWITCH,1,4555597E:RAR0535,TORONTO_TEAM,na,na,CANADIAN,,PRIMARY
TEAMSWITCH,1,4883033E:RCS0305,TORONTO_TEAM,na,na,CANADIAN,,PRIMARY
TEAMSWITCH,1,1854895E:RCS0367,TORONTO_TEAM,na,na,CANADIAN,,PRIMARY
TEAMSWITCH,1,5011064E:RCS0670,TORONTO_TEAM,na,na,CANADIAN,,PRIMARY
TEAMSWITCH,1,4802114E:RCS0940,TORONTO_TEAM,na,na,CANADIAN,,PRIMARY
TEAMSWITCH,1,1763141E:RCS0466,TORONTO_TEAM,na,na,CANADIAN,,PRIMARY
TEAMSWITCH,1,5326988:RCS4413-1,TORONTO_TEAM,na,na,CANADIAN,,PRIMARY
TEAMSWITCH,1,5326988:RCS4412-1,TORONTO_TEAM,na,na,CANADIAN,,PRIMARY
TEAMSWITCH,1,5721352:RCS2124-1,TORONTO_TEAM,na,na,CANADIAN,,PRIMARY
TEAMSWITCH,1,5721352:RCS2124-3,TORONTO_TEAM,na,na,CANADIAN,,PRIMARY
TEAMSWITCH,1,5326991:RCS2120-2,TORONTO_TEAM,na,na,CANADIAN,,PRIMARY
TEAMSWITCH,1,4740037E:RCS0251,GREGORY_TEAM,na,na,DOWNS,,PRIMARY
TEAMSWITCH,1,2135991E:RCS0529,GREGORY_TEAM,na,na,DOWNS,,PRIMARY
TEAMSWITCH,1,5618629:RCS0832-1_CS,GREGORY_TEAM,na,na,DOWNS,,PRIMARY
TEAMSWITCH,1,_950CAEE8-D5E1-43C5-9ABC-88212332BA9E,GREGORY_TEAM,na,na,DOWNS,,PRIMARY
TEAMSWITCH,1,4329322E:RCS0834,MEREDITH_TEAM,na,na,CALECTRIC,,PRIMARY
TEAMSWITCH,1,4512169E:RCS0873,MEREDITH_TEAM,na,na,CALECTRIC,,PRIMARY
TEAMSWITCH,1,4241073E:RCS0660,MEREDITH_TEAM,na,na,CALECTRIC,,PRIMARY
TEAMSWITCH,1,5742629:RCSG781-3,MEREDITH_TEAM,na,na,CALECTRIC,,PRIMARY
TEAMSWITCH,1,5500503:RCS1212-3,MEREDITH_TEAM,na,na,CALECTRIC,,PRIMARY
TEAMSWITCH,1,_CC2DB253-26B2-44AD-983F-FF6C96C3D564,MEREDITH_TEAM,na,na,CALECTRIC,,PRIMARY
TEAMSWITCH,1,5715268:RCS1964-2,HONEYCRISP_TEAM,na,na,EL CASCO,,PRIMARY
TEAMSWITCH,1,5581294:RCS1419-3,HONEYCRISP_TEAM,na,na,EL CASCO,,PRIMARY
TEAMSWITCH,1,_09C9CD20-7985-4FE8-AD13-AA8FCB625526,HONEYCRISP_TEAM,na,na,EL CASCO,,PRIMARY
TEAMSWITCH,1,5015312:RCS0693-4,ST. CHARLES_TEAM,na,na,ALHAMBRA,,PRIMARY
TEAMSWITCH,1,4429176E:RCS2569,ST. CHARLES_TEAM,na,na,ALHAMBRA,,PRIMARY
TEAMSWITCH,1,5002129:RCS0631-1,ST. CHARLES_TEAM,na,na,ALHAMBRA,,PRIMARY
TEAMSWITCH,1,5002129:RCS0631-4,ST. CHARLES_TEAM,na,na,ALHAMBRA,,PRIMARY
TEAMSWITCH,1,_BC0081B0-332B-4542-83B8-4710EF1C74EC,ST. CHARLES_TEAM,na,na,ALHAMBRA,,PRIMARY
TEAMSWITCH,1,_1C439361-3095-4188-9CF0-D57F3EB9A44E,ST. CHARLES_TEAM,na,na,ALHAMBRA,,PRIMARY
TEAMSWITCH,1,1828016E:RAR0027,SWANSON_TEAM,na,na,DELANO,,PRIMARY
TEAMSWITCH,1,4600915E:RAR1225,SWANSON_TEAM,na,na,DELANO,,PRIMARY
TEAMSWITCH,1,4226261E:RCS0893,SWANSON_TEAM,na,na,DELANO,,PRIMARY
TEAMSWITCH,1,4180501E:RCS2574,SWANSON_TEAM,na,na,DELANO,,PRIMARY
TEAMSWITCH,1,4540505E:RCS0150,SWANSON_TEAM,na,na,DELANO,,PRIMARY
TEAMSWITCH,1,4901156E:RSR2330,SWANSON_TEAM,na,na,DELANO,,PRIMARY
TEAMSWITCH,1,_D4AFF95F-E491-4E84-AF0D-8DF2700AD4C0,SWANSON_TEAM,na,na,DELANO,,PRIMARY
TEAMSWITCH,1,_B629BF30-0B3D-4163-8FD1-444C0B65B174,TELOMA_TEAM,na,na,PIERPONT,,PRIMARY
TEAMSWITCH,1,_308AD797-9106-4A85-A0BF-9000CF8C64E3,WARM CREEK_TEAM,na,na,CARDIFF,,PRIMARY
TEAMSWITCH,1,_F13E2DD7-6FE3-49FC-B4DF-3194B974290F,NOX 2_TEAM,na,na,COMPRESS,,PRIMARY
TEAMSWITCH,1,4909200E:RCS0322,APPLE_TEAM,na,na,CITRUS,,PRIMARY
TEAMSWITCH,1,4973435E:RSR8611,APPLE_TEAM,na,na,CITRUS,,PRIMARY
TEAMSWITCH,1,_287CD0A9-2E33-4F5A-AD44-1997EE90EF41,APPLE_TEAM,na,na,CITRUS,,PRIMARY
TEAMSWITCH,1,_FE5A8D82-3D0D-4DDA-AE4A-AB0BE50EE8D7,APPLE_TEAM,na,na,CITRUS,,PRIMARY
TEAMSWITCH,1,4327720E:RCS1052,VON_TEAM,na,na,DALTON,,PRIMARY
TEAMSWITCH,1,1643387E:RCS1624,VON_TEAM,na,na,DALTON,,PRIMARY
TEAMSWITCH,1,_A4224EAB-6F3B-4AF4-A10F-594B67EF8170,VON_TEAM,na,na,DALTON,,PRIMARY
TEAMSWITCH,1,_B8B1C81B-7160-482A-B15B-793ED99ABB9C,JAVA_TEAM,na,na,LENNOX,,PRIMARY
TEAMSWITCH,1,_7EFE3E47-171E-4B0B-9704-5003F3721777,BORDEN_TEAM,na,na,DITMAR,,PRIMARY
TEAMSWITCH,1,4760429E:RCS2396,BELUSHI_TEAM,na,na,ETIWANDA,,PRIMARY
TEAMSWITCH,1,5503140:RCS4893-2,BELUSHI_TEAM,na,na,ETIWANDA,,PRIMARY
TEAMSWITCH,1,_B2B94B11-27ED-4267-B1EC-6D90F427B1BD,BELUSHI_TEAM,na,na,ETIWANDA,,PRIMARY
TEAMSWITCH,1,4835045E:RAR0595,RYAN_TEAM,na,na,LENNOX,,PRIMARY
TEAMSWITCH,1,1055561E:RCS0627,RYAN_TEAM,na,na,LENNOX,,PRIMARY
TEAMSWITCH,1,676015E:RCS0369,RYAN_TEAM,na,na,LENNOX,,PRIMARY
TEAMSWITCH,1,2144459E:RCS1178,RYAN_TEAM,na,na,LENNOX,,PRIMARY
TEAMSWITCH,1,228888E:RCS0261,RYAN_TEAM,na,na,LENNOX,,PRIMARY
TEAMSWITCH,1,1612466E:RSR0078,RYAN_TEAM,na,na,LENNOX,,PRIMARY
TEAMSWITCH,1,804723E:RSR0217,RYAN_TEAM,na,na,LENNOX,,PRIMARY
TEAMSWITCH,1,832104E:RSR1417,RYAN_TEAM,na,na,LENNOX,,PRIMARY
TEAMSWITCH,1,_8C753FE5-B4F8-421A-836B-79F5CB47A73C,RYAN_TEAM,na,na,LENNOX,,PRIMARY
TEAMSWITCH,1,4743901E:RCS0705,WHIZZIN_TEAM,na,na,MALIBU,,PRIMARY
TEAMSWITCH,1,4170637E:RCS0671,WHIZZIN_TEAM,na,na,MALIBU,,PRIMARY
TEAMSWITCH,1,_C36CE88E-C1B4-4899-98F7-5AACD5DE75AE,WHIZZIN_TEAM,na,na,MALIBU,,PRIMARY
TEAMSWITCH,1,4665806E:RAR3509,HENDERSON_TEAM,na,na,PORTERVILLE,,PRIMARY
TEAMSWITCH,1,629389E:RCS0245,HENDERSON_TEAM,na,na,PORTERVILLE,,PRIMARY
TEAMSWITCH,1,4920017E:RCS0250,HENDERSON_TEAM,na,na,PORTERVILLE,,PRIMARY
TEAMSWITCH,1,1464850E:RCS1934,HENDERSON_TEAM,na,na,PORTERVILLE,,PRIMARY
TEAMSWITCH,1,4784875E:RCS1692,HENDERSON_TEAM,na,na,PORTERVILLE,,PRIMARY
TEAMSWITCH,1,4665833E:RCS1690,HENDERSON_TEAM,na,na,PORTERVILLE,,PRIMARY
TEAMSWITCH,1,1635236E:RCS2374,HENDERSON_TEAM,na,na,PORTERVILLE,,PRIMARY
TEAMSWITCH,1,4352623E:RSR0176,HENDERSON_TEAM,na,na,PORTERVILLE,,PRIMARY
TEAMSWITCH,1,_3C939889-596E-4BFB-AAC3-304AFD2C3DF9,HENDERSON_TEAM,na,na,PORTERVILLE,,PRIMARY
TEAMSWITCH,1,1473251E:RCS0351,REJADA_TEAM,na,na,ROYAL,,PRIMARY
TEAMSWITCH,1,X11593E:RCS0353,REJADA_TEAM,na,na,ROYAL,,PRIMARY
TEAMSWITCH,1,4205033E:RCS0538,REJADA_TEAM,na,na,ROYAL,,PRIMARY
TEAMSWITCH,1,5482881:RCS0183-2,REJADA_TEAM,na,na,ROYAL,,PRIMARY
TEAMSWITCH,1,_9C5EC9B0-E591-434A-869F-C1A52A6CAC0E,REJADA_TEAM,na,na,ROYAL,,PRIMARY
TEAMSWITCH,1,5806888:RCSG001-4,REVOLUTION_TEAM,na,na,COLOSSUS,,PRIMARY
TEAMSWITCH,1,_8AAC6DDC-4D74-4D99-B018-648FFDBC900C,REVOLUTION_TEAM,na,na,COLOSSUS,,PRIMARY
TEAMSWITCH,1,4693751E:RAR1624,FLOODGATE_TEAM,na,na,AQUEDUCT,,PRIMARY
TEAMSWITCH,1,4613069E:RAR0752,FLOODGATE_TEAM,na,na,AQUEDUCT,,PRIMARY
TEAMSWITCH,1,4579280E:RCS0824,FLOODGATE_TEAM,na,na,AQUEDUCT,,PRIMARY
TEAMSWITCH,1,4350759E:RCS0679,FLOODGATE_TEAM,na,na,AQUEDUCT,,PRIMARY
TEAMSWITCH,1,2290130E:RCS0197,FLOODGATE_TEAM,na,na,AQUEDUCT,,PRIMARY
TEAMSWITCH,1,4225481E:RCS0726,FLOODGATE_TEAM,na,na,AQUEDUCT,,PRIMARY
TEAMSWITCH,1,4225463E:RCS0724,FLOODGATE_TEAM,na,na,AQUEDUCT,,PRIMARY
TEAMSWITCH,1,2384383E:RCS0222,FLOODGATE_TEAM,na,na,AQUEDUCT,,PRIMARY
TEAMSWITCH,1,4069694E:RCS0775,FLOODGATE_TEAM,na,na,AQUEDUCT,,PRIMARY
TEAMSWITCH,1,4443775E:RCS0984,FLOODGATE_TEAM,na,na,AQUEDUCT,,PRIMARY
TEAMSWITCH,1,_7762D54B-64F5-45B5-ACD5-FFDF3CEF079D,FLOODGATE_TEAM,na,na,AQUEDUCT,,PRIMARY
TEAMSWITCH,1,4228697E:RAR0610,SNOW VALLEY_TEAM,na,na,RUNNING SPRINGS,,PRIMARY
TEAMSWITCH,1,4600507E:RAR0025,SNOW VALLEY_TEAM,na,na,RUNNING SPRINGS,,PRIMARY
TEAMSWITCH,1,4270240E:RAR0605,SNOW VALLEY_TEAM,na,na,RUNNING SPRINGS,,PRIMARY
TEAMSWITCH,1,688214E:RAR1055,SNOW VALLEY_TEAM,na,na,RUNNING SPRINGS,,PRIMARY
TEAMSWITCH,1,1466994E:RAR1054,SNOW VALLEY_TEAM,na,na,RUNNING SPRINGS,,PRIMARY
TEAMSWITCH,1,4827740E:RAR1987,SNOW VALLEY_TEAM,na,na,RUNNING SPRINGS,,PRIMARY
TEAMSWITCH,1,1467000E:RCS0560,SNOW VALLEY_TEAM,na,na,RUNNING SPRINGS,,PRIMARY
TEAMSWITCH,1,1261301E:RCS0568,SNOW VALLEY_TEAM,na,na,RUNNING SPRINGS,,PRIMARY
TEAMSWITCH,1,1467012E:RCS0874,SNOW VALLEY_TEAM,na,na,RUNNING SPRINGS,,PRIMARY
TEAMSWITCH,1,739323E:RCS0545,SNOW VALLEY_TEAM,na,na,RUNNING SPRINGS,,PRIMARY
TEAMSWITCH,1,4805535E:RCS0619,SNOW VALLEY_TEAM,na,na,RUNNING SPRINGS,,PRIMARY
TEAMSWITCH,1,470311E:RCS0559,SNOW VALLEY_TEAM,na,na,RUNNING SPRINGS,,PRIMARY
TEAMSWITCH,1,4003706E:RCS0879,SNOW VALLEY_TEAM,na,na,RUNNING SPRINGS,,PRIMARY
TEAMSWITCH,1,4600627E:RCS0891,SNOW VALLEY_TEAM,na,na,RUNNING SPRINGS,,PRIMARY
TEAMSWITCH,1,4650892E:RSR1958,SNOW VALLEY_TEAM,na,na,RUNNING SPRINGS,,PRIMARY
TEAMSWITCH,1,_59722564-9197-4578-AB47-71C00B763B42,SNOW VALLEY_TEAM,na,na,RUNNING SPRINGS,,PRIMARY
TEAMSWITCH,1,2246683E:RCS0563,RIDGELAND_TEAM,na,na,WALTERIA,,PRIMARY
TEAMSWITCH,1,_4AC7DCC3-3DFC-4C6F-A713-F85D996DD941,RIDGELAND_TEAM,na,na,WALTERIA,,PRIMARY
TEAMSWITCH,1,4429702E:RAR0456,PURCHASE_TEAM,na,na,OUTLET PT,,PRIMARY
TEAMSWITCH,1,4258875E:RCS0353,PURCHASE_TEAM,na,na,OUTLET PT,,PRIMARY
TEAMSWITCH,1,1863724E:RCS0884,PURCHASE_TEAM,na,na,OUTLET PT,,PRIMARY
TEAMSWITCH,1,4438139E:RCS1059,PURCHASE_TEAM,na,na,OUTLET PT,,PRIMARY
TEAMSWITCH,1,5482564:RCS4872-1,PURCHASE_TEAM,na,na,OUTLET PT,,PRIMARY
TEAMSWITCH,1,1279260E:RCS1140,HONOR_TEAM,na,na,ROSEMEAD,,PRIMARY
TEAMSWITCH,1,5163201:RCS1085-3,HONOR_TEAM,na,na,ROSEMEAD,,PRIMARY
TEAMSWITCH,1,1206291E:RSR0128,HONOR_TEAM,na,na,ROSEMEAD,,PRIMARY
TEAMSWITCH,1,1551607E:RSR1597,HONOR_TEAM,na,na,ROSEMEAD,,PRIMARY
TEAMSWITCH,1,891211E:RSR8089,HONOR_TEAM,na,na,ROSEMEAD,,PRIMARY
TEAMSWITCH,1,_1EAE67D0-4224-4859-93FE-E6089A360768,HONOR_TEAM,na,na,ROSEMEAD,,PRIMARY
TEAMSWITCH,1,_D7CF9A9E-5B16-420E-AE0B-9A6221BE55D7,CONFERENCE_TEAM,na,na,FOREST HOME,,PRIMARY
TEAMSWITCH,1,4981014E:RAR0508,GLOBE MILLS_TEAM,na,na,COLTON,,PRIMARY
TEAMSWITCH,1,4365603E:RCS0310,GLOBE MILLS_TEAM,na,na,COLTON,,PRIMARY
TEAMSWITCH,1,4260443E:RCS0416,GLOBE MILLS_TEAM,na,na,COLTON,,PRIMARY
TEAMSWITCH,1,4293550E:RCS0809,GLOBE MILLS_TEAM,na,na,COLTON,,PRIMARY
TEAMSWITCH,1,1981330E:RCS0016,GLOBE MILLS_TEAM,na,na,COLTON,,PRIMARY
TEAMSWITCH,1,4773619E:RSR0887,GLOBE MILLS_TEAM,na,na,COLTON,,PRIMARY
TEAMSWITCH,1,_E930B3BF-27AE-40CB-99C0-32725556D7EB,GLOBE MILLS_TEAM,na,na,COLTON,,PRIMARY
TEAMSWITCH,1,4706482E:RCS0118,HOSPITAL_TEAM,na,na,PIERPONT,,PRIMARY
TEAMSWITCH,1,4339843E:RCS3031,HOSPITAL_TEAM,na,na,PIERPONT,,PRIMARY
TEAMSWITCH,1,_6F3E345B-7302-4DFC-9779-B4600B31D17D,HOSPITAL_TEAM,na,na,PIERPONT,,PRIMARY
TEAMSWITCH,1,5041084:RCS1199-2_CS,GABLE_TEAM,na,na,MOVIE,,PRIMARY
TEAMSWITCH,1,_ABF295FB-589E-4A85-A8BA-8B604917927A,GABLE_TEAM,na,na,MOVIE,,PRIMARY
TEAMSWITCH,1,4761778E:RCS0107,HILLCREST_TEAM,na,na,THOUSAND OAKS,,PRIMARY
TEAMSWITCH,1,4761783E:RCS4020,HILLCREST_TEAM,na,na,THOUSAND OAKS,,PRIMARY
TEAMSWITCH,1,5023934:RCS0286-2,HILLCREST_TEAM,na,na,THOUSAND OAKS,,PRIMARY
TEAMSWITCH,1,5514437:RCS0027-3,HILLCREST_TEAM,na,na,THOUSAND OAKS,,PRIMARY
TEAMSWITCH,1,_1ADFA99D-649E-4A70-998A-1CD31589D71B,HILLCREST_TEAM,na,na,THOUSAND OAKS,,PRIMARY
TEAMSWITCH,1,4090439E:RCS1217,MARK_TEAM,na,na,PALMDALE,,PRIMARY
TEAMSWITCH,1,4130000E:RCS0171,MARK_TEAM,na,na,PALMDALE,,PRIMARY
TEAMSWITCH,1,1295518E:RSR2078,MARK_TEAM,na,na,PALMDALE,,PRIMARY
TEAMSWITCH,1,_D530B810-E67C-4515-AC92-DE7FB3B038BC,MARK_TEAM,na,na,PALMDALE,,PRIMARY
TEAMSWITCH,1,4600915E:RAR1225,ELLINGTON_TEAM,na,na,DELANO,,PRIMARY
TEAMSWITCH,1,4226261E:RCS0893,ELLINGTON_TEAM,na,na,DELANO,,PRIMARY
TEAMSWITCH,1,934501E:RCS1533,ELLINGTON_TEAM,na,na,DELANO,,PRIMARY
TEAMSWITCH,1,505006E:RCS1596,ELLINGTON_TEAM,na,na,DELANO,,PRIMARY
TEAMSWITCH,1,1584203E:RCS1905,ELLINGTON_TEAM,na,na,DELANO,,PRIMARY
TEAMSWITCH,1,818692E:RSR0835,ELLINGTON_TEAM,na,na,DELANO,,PRIMARY
TEAMSWITCH,1,_30C9DC8D-1501-43A6-BE9E-8BE8E25577F1,ELLINGTON_TEAM,na,na,DELANO,,PRIMARY
TEAMSWITCH,1,1524555E:RCS0736,GAUCHO_TEAM,na,na,VEGAS,,PRIMARY
TEAMSWITCH,1,1346146E:RCS0518,GAUCHO_TEAM,na,na,VEGAS,,PRIMARY
TEAMSWITCH,1,1675891E:RSR0088,GAUCHO_TEAM,na,na,VEGAS,,PRIMARY
TEAMSWITCH,1,_34B8A9CC-DBA4-49EA-96F2-4038C5268456,GAUCHO_TEAM,na,na,VEGAS,,PRIMARY
TEAMSWITCH,1,4239050E:RAR0099,RIVIERA_TEAM,na,na,SANTA BARBARA,,PRIMARY
TEAMSWITCH,1,950072E:RAR0660,RIVIERA_TEAM,na,na,SANTA BARBARA,,PRIMARY
TEAMSWITCH,1,_EECBA72E-FB3D-4C95-B376-035BA9ACBBD9,RIVIERA_TEAM,na,na,SANTA BARBARA,,PRIMARY
TEAMSWITCH,1,1490815E:RCS2271,AIRPORT_TEAM,na,na,LANCASTER,,PRIMARY
TEAMSWITCH,1,1501266E:RCS0675,AIRPORT_TEAM,na,na,LANCASTER,,PRIMARY
TEAMSWITCH,1,1122477E:RCS1056,AIRPORT_TEAM,na,na,LANCASTER,,PRIMARY
TEAMSWITCH,1,5719531:RCS0232-4_CS,AIRPORT_TEAM,na,na,LANCASTER,,PRIMARY
TEAMSWITCH,1,2334550E:RSR1928,AIRPORT_TEAM,na,na,LANCASTER,,PRIMARY
TEAMSWITCH,1,_ED509560-ED07-4227-8C49-8963350C2D3B,AIRPORT_TEAM,na,na,LANCASTER,,PRIMARY
TEAMSWITCH,1,4707894E:RAR5544,VIENTO_TEAM,na,na,MONOLITH,,PRIMARY
TEAMSWITCH,1,4332914E:RAR0306,VIENTO_TEAM,na,na,MONOLITH,,PRIMARY
TEAMSWITCH,1,1559498E:RAR0118,VIENTO_TEAM,na,na,MONOLITH,,PRIMARY
TEAMSWITCH,1,4342428E:RCS1726,VIENTO_TEAM,na,na,MONOLITH,,PRIMARY
TEAMSWITCH,1,4569879E:RCS0876,VIENTO_TEAM,na,na,MONOLITH,,PRIMARY
TEAMSWITCH,1,2208134E:RCS1724,VIENTO_TEAM,na,na,MONOLITH,,PRIMARY
TEAMSWITCH,1,691008E:RCS2232,VIENTO_TEAM,na,na,MONOLITH,,PRIMARY
TEAMSWITCH,1,4332784E:RCS0652,VIENTO_TEAM,na,na,MONOLITH,,PRIMARY
TEAMSWITCH,1,5346889:RCS7585-1,VIENTO_TEAM,na,na,MONOLITH,,PRIMARY
TEAMSWITCH,1,5567579:RCS7584-1,VIENTO_TEAM,na,na,MONOLITH,,PRIMARY
TEAMSWITCH,1,_5CE4835D-AF76-4977-AE52-F3203C482735,VIENTO_TEAM,na,na,MONOLITH,,PRIMARY
TEAMSWITCH,1,_BB48F0DE-AC59-492C-9BBC-D2EE909099E4,SHORELINE_TEAM,na,na,MARYMOUNT,,PRIMARY
TEAMSWITCH,1,4766119E:RAR0557,ASHLEY_TEAM,na,na,ASHLEY PT,,PRIMARY
TEAMSWITCH,1,7020:ASHLEY P.T.-L1,ASHLEY_TEAM,na,na,ASHLEY PT,,PRIMARY
TEAMSWITCH,1,7020:ASHLEY P.T.-H1,ASHLEY_TEAM,na,na,ASHLEY PT,,PRIMARY
TEAMSWITCH,1,4262978E:RAR5174,HORIZON_TEAM,na,na,VALDEZ,,PRIMARY
TEAMSWITCH,1,4216269E:RAR3846,HORIZON_TEAM,na,na,VALDEZ,,PRIMARY
TEAMSWITCH,1,3004235E:RCS0214,HORIZON_TEAM,na,na,VALDEZ,,PRIMARY
TEAMSWITCH,1,1513519E:RCS5437,HORIZON_TEAM,na,na,VALDEZ,,PRIMARY
TEAMSWITCH,1,5639116:RCS0910-3,HORIZON_TEAM,na,na,VALDEZ,,PRIMARY
TEAMSWITCH,1,_417C5842-79D9-4694-B7EE-DD752B759080,HORIZON_TEAM,na,na,VALDEZ,,PRIMARY
TEAMSWITCH,1,4836788E:RAR1927,DIAMOND_TEAM,na,na,ARCADIA,,PRIMARY
TEAMSWITCH,1,_7CD59F19-91D1-4489-B46F-DBEDB23EBA66,DIAMOND_TEAM,na,na,ARCADIA,,PRIMARY
TEAMSWITCH,1,1195304E:RCS0158,MCDONNELL_TEAM,na,na,LENNOX,,PRIMARY
TEAMSWITCH,1,1714194E:RCS0335,MCDONNELL_TEAM,na,na,LENNOX,,PRIMARY
TEAMSWITCH,1,5139384:RCS0709-2,MCDONNELL_TEAM,na,na,LENNOX,,PRIMARY
TEAMSWITCH,1,2319094E:RCS1257,MCDONNELL_TEAM,na,na,LENNOX,,PRIMARY
TEAMSWITCH,1,_09888105-9385-4EA1-B8AA-2B5D29F36BDA,MCDONNELL_TEAM,na,na,LENNOX,,PRIMARY
TEAMSWITCH,1,2374538E:RCS3242,KRAFT_TEAM,na,na,GLEN AVON,,PRIMARY
TEAMSWITCH,1,448414E:RCS3246,KRAFT_TEAM,na,na,GLEN AVON,,PRIMARY
TEAMSWITCH,1,4604148E:RCS3243,KRAFT_TEAM,na,na,GLEN AVON,,PRIMARY
TEAMSWITCH,1,1499102E:RCS0199,KRAFT_TEAM,na,na,GLEN AVON,,PRIMARY
TEAMSWITCH,1,5333484:RCS3355-1,KRAFT_TEAM,na,na,GLEN AVON,,PRIMARY
TEAMSWITCH,1,5634476:RCS6331-1,KRAFT_TEAM,na,na,GLEN AVON,,PRIMARY
TEAMSWITCH,1,4123729E:RCS2492,KRAFT_TEAM,na,na,GLEN AVON,,PRIMARY
TEAMSWITCH,1,4872831E:RSR2561,KRAFT_TEAM,na,na,GLEN AVON,,PRIMARY
TEAMSWITCH,1,_252B6635-BA47-4A98-BFBD-8FB8BD3BAA7C,KRAFT_TEAM,na,na,GLEN AVON,,PRIMARY
TEAMSWITCH,1,1614733E:RSR0493,DUNDAS_TEAM,na,na,WABASH,,PRIMARY
TEAMSWITCH,1,666373E:RSR0577,DUNDAS_TEAM,na,na,WABASH,,PRIMARY
TEAMSWITCH,1,_ED04D8B6-2295-4079-B9A1-5342CE3BB6AF,DUNDAS_TEAM,na,na,WABASH,,PRIMARY
TEAMSWITCH,1,_BFC7147F-4E18-4BCB-B6A2-F7C0D62E7C5D,MAPLE_TEAM,na,na,BEVERLY,,PRIMARY
TEAMSWITCH,1,5491284:RCS0121-1,LOS CARNEROS_TEAM,na,na,ISLA VISTA,,PRIMARY
TEAMSWITCH,1,4457704E:RCS0376,LOS CARNEROS_TEAM,na,na,ISLA VISTA,,PRIMARY
TEAMSWITCH,1,_952C00AC-27A6-4968-851A-7C1A84DA1588,LOS CARNEROS_TEAM,na,na,ISLA VISTA,,PRIMARY
TEAMSWITCH,1,1705982E:RCS0605,BEMIS_TEAM,na,na,COLTON,,PRIMARY
TEAMSWITCH,1,4106790E:RCS2125,BEMIS_TEAM,na,na,COLTON,,PRIMARY
TEAMSWITCH,1,4915805E:RCS0537,BEMIS_TEAM,na,na,COLTON,,PRIMARY
TEAMSWITCH,1,1705971E:RSR0423,BEMIS_TEAM,na,na,COLTON,,PRIMARY
TEAMSWITCH,1,_2C957597-A3E5-4C36-A869-504335C5E42B,BEMIS_TEAM,na,na,COLTON,,PRIMARY
TEAMSWITCH,1,3004235E:RCS0214,SIENNA_TEAM,na,na,VALDEZ,,PRIMARY
TEAMSWITCH,1,1526434E:RCS0543,SIENNA_TEAM,na,na,VALDEZ,,PRIMARY
TEAMSWITCH,1,4389284E:RCS0393,SIENNA_TEAM,na,na,VALDEZ,,PRIMARY
TEAMSWITCH,1,1513519E:RCS5437,SIENNA_TEAM,na,na,VALDEZ,,PRIMARY
TEAMSWITCH,1,5371482:RCS0121-3,SIENNA_TEAM,na,na,VALDEZ,,PRIMARY
TEAMSWITCH,1,5370907:RCS0120-2,SIENNA_TEAM,na,na,VALDEZ,,PRIMARY
TEAMSWITCH,1,5024038:RCS1942-3,SIENNA_TEAM,na,na,VALDEZ,,PRIMARY
TEAMSWITCH,1,_A7DDDE0F-6E87-48D2-B99E-CB722F75B9CA,SIENNA_TEAM,na,na,VALDEZ,,PRIMARY
TEAMSWITCH,1,733083E:RCS0212,CLAYTON_TEAM,na,na,ROSEMEAD,,PRIMARY
TEAMSWITCH,1,5407940:RCS1346-3_CS,CLAYTON_TEAM,na,na,ROSEMEAD,,PRIMARY
TEAMSWITCH,1,1723805E:RCS2016,CLAYTON_TEAM,na,na,ROSEMEAD,,PRIMARY
TEAMSWITCH,1,673720E:RSR2018,CLAYTON_TEAM,na,na,ROSEMEAD,,PRIMARY
TEAMSWITCH,1,1094672E:RSR2713,CLAYTON_TEAM,na,na,ROSEMEAD,,PRIMARY
TEAMSWITCH,1,1031275E:RSR2020,CLAYTON_TEAM,na,na,ROSEMEAD,,PRIMARY
TEAMSWITCH,1,733080E:RSR2712,CLAYTON_TEAM,na,na,ROSEMEAD,,PRIMARY
TEAMSWITCH,1,_53BE30A4-AD5A-46E3-8DE1-549E69837838,CLAYTON_TEAM,na,na,ROSEMEAD,,PRIMARY
TEAMSWITCH,1,2241323E:RCS4399,LOCAL_TEAM,na,na,BEVERLY,,PRIMARY
TEAMSWITCH,1,_EED51FC5-5AD1-420C-897F-F4248B32797F,LOCAL_TEAM,na,na,BEVERLY,,PRIMARY
TEAMSWITCH,1,_EBEFC0BF-0D19-4590-B609-D03C2FD8069D,LOCAL_TEAM,na,na,BEVERLY,,PRIMARY
TEAMSWITCH,1,4830877E:RAR0005,ALPINE_TEAM,na,na,ALPINE PT,,PRIMARY
TEAMSWITCH,1,4791818E:RAR0035,ALPINE_TEAM,na,na,ALPINE PT,,PRIMARY
TEAMSWITCH,1,1669294E:RAR0037,ALPINE_TEAM,na,na,ALPINE PT,,PRIMARY
TEAMSWITCH,1,801996E:RCS0036,ALPINE_TEAM,na,na,ALPINE PT,,PRIMARY
TEAMSWITCH,1,4829501E:RCS0712,ALPINE_TEAM,na,na,ALPINE PT,,PRIMARY
TEAMSWITCH,1,4829847E:RCS1099,ALPINE_TEAM,na,na,ALPINE PT,,PRIMARY
TEAMSWITCH,1,4829848E:RCS1098,ALPINE_TEAM,na,na,ALPINE PT,,PRIMARY
TEAMSWITCH,1,7010:ALPINE P.T.-L1,ALPINE_TEAM,na,na,ALPINE PT,,PRIMARY
TEAMSWITCH,1,7010:ALPINE P.T.-H1,ALPINE_TEAM,na,na,ALPINE PT,,PRIMARY
TEAMSWITCH,1,4903074E:RCS0020,GLORIA_TEAM,na,na,ARCADIA,,PRIMARY
TEAMSWITCH,1,1812133E:RCS0170,GLORIA_TEAM,na,na,ARCADIA,,PRIMARY
TEAMSWITCH,1,5008435:RCS0095-1,GLORIA_TEAM,na,na,ARCADIA,,PRIMARY
TEAMSWITCH,1,4907951E:RSR0194,GLORIA_TEAM,na,na,ARCADIA,,PRIMARY
TEAMSWITCH,1,_D3B9F66A-CBEA-4046-A904-9499A280E5A3,GLORIA_TEAM,na,na,ARCADIA,,PRIMARY
TEAMSWITCH,1,5140056:RCS0877-4,SUMMERHILL_TEAM,na,na,WINDSOR HILLS,,PRIMARY
TEAMSWITCH,1,4446363E:RSR0360,SUMMERHILL_TEAM,na,na,WINDSOR HILLS,,PRIMARY
TEAMSWITCH,1,4820890E:RSR1410,SUMMERHILL_TEAM,na,na,WINDSOR HILLS,,PRIMARY
TEAMSWITCH,1,1239196E:RSR1409,SUMMERHILL_TEAM,na,na,WINDSOR HILLS,,PRIMARY
TEAMSWITCH,1,1085169E:RSR0134,SUMMERHILL_TEAM,na,na,WINDSOR HILLS,,PRIMARY
TEAMSWITCH,1,1790954E:RSR1411,SUMMERHILL_TEAM,na,na,WINDSOR HILLS,,PRIMARY
TEAMSWITCH,1,_5A0793B6-2F5F-4C9A-8610-45FFE4AEA573,SUMMERHILL_TEAM,na,na,WINDSOR HILLS,,PRIMARY
TEAMSWITCH,1,5379386:RCS5371-1,GRILLEY_TEAM,na,na,ARCHLINE,,PRIMARY
TEAMSWITCH,1,5368970:RCS7023-2,GRILLEY_TEAM,na,na,ARCHLINE,,PRIMARY
TEAMSWITCH,1,5368968:RCS6584-1,GRILLEY_TEAM,na,na,ARCHLINE,,PRIMARY
TEAMSWITCH,1,_A3CAACED-B010-44E2-9456-3F76C5BD170D,GRILLEY_TEAM,na,na,ARCHLINE,,PRIMARY
TEAMSWITCH,1,1666661E:RCS0340,BLOSSOM_TEAM,na,na,VICTORIA,,PRIMARY
TEAMSWITCH,1,840639E:RCS0312,BLOSSOM_TEAM,na,na,VICTORIA,,PRIMARY
TEAMSWITCH,1,5148365:RCS5820-2,BLOSSOM_TEAM,na,na,VICTORIA,,PRIMARY
TEAMSWITCH,1,415617E:RCS0024,BLOSSOM_TEAM,na,na,VICTORIA,,PRIMARY
TEAMSWITCH,1,_7EDE37CF-9C2C-470E-95D4-E730D9780C15,BLOSSOM_TEAM,na,na,VICTORIA,,PRIMARY
TEAMSWITCH,1,4239511E:RAR1580,MAXSON_TEAM,na,na,SATICOY,,PRIMARY
TEAMSWITCH,1,4253372E:RCS1932,MAXSON_TEAM,na,na,SATICOY,,PRIMARY
TEAMSWITCH,1,1803780E:RCS2176,MAXSON_TEAM,na,na,SATICOY,,PRIMARY
TEAMSWITCH,1,2116383E:RCS1579,MAXSON_TEAM,na,na,SATICOY,,PRIMARY
TEAMSWITCH,1,5197596:RCS3885-4,MAXSON_TEAM,na,na,SATICOY,,PRIMARY
TEAMSWITCH,1,_95CE3707-6B4C-4183-A541-566031F497C3,MAXSON_TEAM,na,na,SATICOY,,PRIMARY
TEAMSWITCH,1,3006949E:RCS4021,CADENA_TEAM,na,na,POTRERO,,PRIMARY
TEAMSWITCH,1,_1A28E299-47CF-4705-B512-991F4F9873D9,CADENA_TEAM,na,na,POTRERO,,PRIMARY
TEAMSWITCH,1,1453004E:RCS0693,ENCANTO_TEAM,na,na,ISLA VISTA,,PRIMARY
TEAMSWITCH,1,4729738E:RCS2075,ENCANTO_TEAM,na,na,ISLA VISTA,,PRIMARY
TEAMSWITCH,1,1324341E:RCS0095,ENCANTO_TEAM,na,na,ISLA VISTA,,PRIMARY
TEAMSWITCH,1,5491284:RCS0121-1,ENCANTO_TEAM,na,na,ISLA VISTA,,PRIMARY
TEAMSWITCH,1,4800094E:RCS0375,ENCANTO_TEAM,na,na,ISLA VISTA,,PRIMARY
TEAMSWITCH,1,_8B0F2841-E1D0-4C42-A4B1-062FEC949839,ENCANTO_TEAM,na,na,ISLA VISTA,,PRIMARY
TEAMSWITCH,1,1603135E:RCS0524,HAMPSHIRE_TEAM,na,na,THOUSAND OAKS,,PRIMARY
TEAMSWITCH,1,1296864E:RCS0571,HAMPSHIRE_TEAM,na,na,THOUSAND OAKS,,PRIMARY
TEAMSWITCH,1,4372756E:RCS4204,HAMPSHIRE_TEAM,na,na,THOUSAND OAKS,,PRIMARY
TEAMSWITCH,1,4032429E:RCS0237,HAMPSHIRE_TEAM,na,na,THOUSAND OAKS,,PRIMARY
TEAMSWITCH,1,1257146E:RCS5199,HAMPSHIRE_TEAM,na,na,THOUSAND OAKS,,PRIMARY
TEAMSWITCH,1,5025769:RCS4205-1,HAMPSHIRE_TEAM,na,na,THOUSAND OAKS,,PRIMARY
TEAMSWITCH,1,_7167BAC3-1771-4C74-BE78-E01733F7BF97,HAMPSHIRE_TEAM,na,na,THOUSAND OAKS,,PRIMARY
TEAMSWITCH,1,1998079E:RAR0988,DEETER_TEAM,na,na,DOWNS,,PRIMARY
TEAMSWITCH,1,1744452E:RCS0233,DEETER_TEAM,na,na,DOWNS,,PRIMARY
TEAMSWITCH,1,2135991E:RCS0529,DEETER_TEAM,na,na,DOWNS,,PRIMARY
TEAMSWITCH,1,1778411E:RCS0829,DEETER_TEAM,na,na,DOWNS,,PRIMARY
TEAMSWITCH,1,_140B057F-603B-4FE6-8ACE-78354FB4DFA2,DEETER_TEAM,na,na,DOWNS,,PRIMARY
TEAMSWITCH,1,4476872E:RAR5088,HORNTOAD_TEAM,na,na,VALDEZ,,PRIMARY
TEAMSWITCH,1,798174E:RAR0536,HORNTOAD_TEAM,na,na,VALDEZ,,PRIMARY
TEAMSWITCH,1,4403615E:RCS0732,HORNTOAD_TEAM,na,na,VALDEZ,,PRIMARY
TEAMSWITCH,1,1639356E:RCS0734,HORNTOAD_TEAM,na,na,VALDEZ,,PRIMARY
TEAMSWITCH,1,1451460E:RCS8858,HORNTOAD_TEAM,na,na,VALDEZ,,PRIMARY
TEAMSWITCH,1,5314315:RCS1203-1,HORNTOAD_TEAM,na,na,VALDEZ,,PRIMARY
TEAMSWITCH,1,4141220E:RSR0731,HORNTOAD_TEAM,na,na,VALDEZ,,PRIMARY
TEAMSWITCH,1,_5113E6D7-446C-44C0-AA6D-CD22B9C4CD74,HORNTOAD_TEAM,na,na,VALDEZ,,PRIMARY
TEAMSWITCH,1,_0A142AD9-2A9D-4C9F-902D-B0BF5BD1065B,LISA_TEAM,na,na,MOBILOIL,,PRIMARY
TEAMSWITCH,1,_9AEE5B51-934F-4131-9059-11691E660FA6,HARTMAN_TEAM,na,na,PIERPONT,,PRIMARY
TEAMSWITCH,1,5567834:RCS5375-1,GLADIOLA_TEAM,na,na,ISLA VISTA,,PRIMARY
TEAMSWITCH,1,5567834:RCS5375-2,GLADIOLA_TEAM,na,na,ISLA VISTA,,PRIMARY
TEAMSWITCH,1,_B04FACAF-7BC6-4574-BC6B-F57464306616,GLADIOLA_TEAM,na,na,ISLA VISTA,,PRIMARY
TEAMSWITCH,1,5458456:RCS8521-2,PONDEROSA_TEAM,na,na,COLONIA,,PRIMARY
TEAMSWITCH,1,5473723:RCS9858-1,PONDEROSA_TEAM,na,na,COLONIA,,PRIMARY
TEAMSWITCH,1,5020370:RCS2672-3,PONDEROSA_TEAM,na,na,COLONIA,,PRIMARY
TEAMSWITCH,1,5020370:RCS2672-5,PONDEROSA_TEAM,na,na,COLONIA,,PRIMARY
TEAMSWITCH,1,1414503E:RSR2316,PONDEROSA_TEAM,na,na,COLONIA,,PRIMARY
TEAMSWITCH,1,_2A551942-E5EF-4A60-8279-8AA688FF2A19,PONDEROSA_TEAM,na,na,COLONIA,,PRIMARY
TEAMSWITCH,1,2358633E:RAR0125,GRAHAM_TEAM,na,na,MAXWELL,,PRIMARY
TEAMSWITCH,1,5320904:RCS1194-2,GRAHAM_TEAM,na,na,MAXWELL,,PRIMARY
TEAMSWITCH,1,5654993:RCS7930-3,GRAHAM_TEAM,na,na,MAXWELL,,PRIMARY
TEAMSWITCH,1,_7463D543-FDDC-4E8E-9C6C-27C041C35785,GRAHAM_TEAM,na,na,MAXWELL,,PRIMARY
TEAMSWITCH,1,7385:HILLGREEN P.T.-L1,HILLGREEN_TEAM,na,na,HILLGREEN PT,,PRIMARY
TEAMSWITCH,1,7385:HILLGREEN P.T.-H1,HILLGREEN_TEAM,na,na,HILLGREEN PT,,PRIMARY
TEAMSWITCH,1,4841518E:RAR1098,KOALA_TEAM,na,na,VICTOR,,PRIMARY
TEAMSWITCH,1,4304661E:RCS0970,KOALA_TEAM,na,na,VICTOR,,PRIMARY
TEAMSWITCH,1,4304560E:RCS1104,KOALA_TEAM,na,na,VICTOR,,PRIMARY
TEAMSWITCH,1,5640600:RCSG987-1,KOALA_TEAM,na,na,VICTOR,,PRIMARY
TEAMSWITCH,1,_CA9B9202-D3C6-42E0-9702-7880648A6B2C,KOALA_TEAM,na,na,VICTOR,,PRIMARY
TEAMSWITCH,1,4012869E:RAR3129,GREEN_TEAM,na,na,BLISS,,PRIMARY
TEAMSWITCH,1,1813453E:RCS2423,GREEN_TEAM,na,na,BLISS,,PRIMARY
TEAMSWITCH,1,4780840E:RCS1359,GREEN_TEAM,na,na,BLISS,,PRIMARY
TEAMSWITCH,1,4266488E:RCS1676,GREEN_TEAM,na,na,BLISS,,PRIMARY
TEAMSWITCH,1,4780841E:RCS0277,GREEN_TEAM,na,na,BLISS,,PRIMARY
TEAMSWITCH,1,744576E:RSR1364,GREEN_TEAM,na,na,BLISS,,PRIMARY
TEAMSWITCH,1,_30B4D557-1E0E-40C7-9E4A-280492DD8FAF,GREEN_TEAM,na,na,BLISS,,PRIMARY
TEAMSWITCH,1,1581143E:RCS2286,PARCO_TEAM,na,na,GLEN AVON,,PRIMARY
TEAMSWITCH,1,5529271:RCS5713-2,PARCO_TEAM,na,na,GLEN AVON,,PRIMARY
TEAMSWITCH,1,5714695:RCS6991-3,PARCO_TEAM,na,na,GLEN AVON,,PRIMARY
TEAMSWITCH,1,5011199:RCS0138-2,PARCO_TEAM,na,na,GLEN AVON,,PRIMARY
TEAMSWITCH,1,5623174:RCS7074-3_CS,PARCO_TEAM,na,na,GLEN AVON,,PRIMARY
TEAMSWITCH,1,_48FF79A3-7B98-49BD-930D-78F9BD2DDD5B,PARCO_TEAM,na,na,GLEN AVON,,PRIMARY
TEAMSWITCH,1,_D10E82D6-FA11-480E-80EF-5BADE5B67587,KIRKPATRICK_TEAM,na,na,MOBILOIL,,PRIMARY
TEAMSWITCH,1,765217E:RAR3342,HARMONY_TEAM,na,na,BLISS,,PRIMARY
TEAMSWITCH,1,697281E:RAR3822,HARMONY_TEAM,na,na,BLISS,,PRIMARY
TEAMSWITCH,1,4780841E:RCS0277,HARMONY_TEAM,na,na,BLISS,,PRIMARY
TEAMSWITCH,1,4541899E:RCS0220,HARMONY_TEAM,na,na,BLISS,,PRIMARY
TEAMSWITCH,1,592059E:RCS1784,HARMONY_TEAM,na,na,BLISS,,PRIMARY
TEAMSWITCH,1,764202E:RCS2042,HARMONY_TEAM,na,na,BLISS,,PRIMARY
TEAMSWITCH,1,764187E:RCS2044,HARMONY_TEAM,na,na,BLISS,,PRIMARY
TEAMSWITCH,1,4695579E:RSR0742,HARMONY_TEAM,na,na,BLISS,,PRIMARY
TEAMSWITCH,1,_271F5E2A-A7AC-4FAC-B6DA-F427F0ECD6F5,HARMONY_TEAM,na,na,BLISS,,PRIMARY
TEAMSWITCH,1,4907247E:RAR0117,VETERANS_TEAM,na,na,SAN FERNANDO,,PRIMARY
TEAMSWITCH,1,343310M:RCS0031,VETERANS_TEAM,na,na,SAN FERNANDO,,PRIMARY
TEAMSWITCH,1,1216757E:RCS0133,VETERANS_TEAM,na,na,SAN FERNANDO,,PRIMARY
TEAMSWITCH,1,844281E:RCS2369,VETERANS_TEAM,na,na,SAN FERNANDO,,PRIMARY
TEAMSWITCH,1,898657E:RCS2376,VETERANS_TEAM,na,na,SAN FERNANDO,,PRIMARY
TEAMSWITCH,1,2320276E:RCS2377,VETERANS_TEAM,na,na,SAN FERNANDO,,PRIMARY
TEAMSWITCH,1,4393070E:RCS6104,VETERANS_TEAM,na,na,SAN FERNANDO,,PRIMARY
TEAMSWITCH,1,4729762E:RCS4297,VETERANS_TEAM,na,na,SAN FERNANDO,,PRIMARY
TEAMSWITCH,1,1362911E:RCS8372,VETERANS_TEAM,na,na,SAN FERNANDO,,PRIMARY
TEAMSWITCH,1,_8A27D76E-54A6-4070-BFB8-31BED0FA0FA2,VETERANS_TEAM,na,na,SAN FERNANDO,,PRIMARY
TEAMSWITCH,1,5320902:RCS1197-3,FLAKE_TEAM,na,na,MAXWELL,,PRIMARY
TEAMSWITCH,1,5320904:RCS1194-2,FLAKE_TEAM,na,na,MAXWELL,,PRIMARY
TEAMSWITCH,1,4064444E:RSR1724,FLAKE_TEAM,na,na,MAXWELL,,PRIMARY
TEAMSWITCH,1,_3A6228FB-CA76-4CD1-8BA5-256A93ED2A26,FLAKE_TEAM,na,na,MAXWELL,,PRIMARY
TEAMSWITCH,1,5637266:RCSG010-2,TILDEN_TEAM,na,na,WIMBLEDON,,PRIMARY
TEAMSWITCH,1,_25AFF31D-8095-42EA-8A95-0D9A358C6C12,TILDEN_TEAM,na,na,WIMBLEDON,,PRIMARY
TEAMSWITCH,1,5338590:RCS8590-1,PEARLAND_TEAM,na,na,PALMDALE,,PRIMARY
TEAMSWITCH,1,5157787:RCS1771-2,PEARLAND_TEAM,na,na,PALMDALE,,PRIMARY
TEAMSWITCH,1,2261115E:RCS1337,PEARLAND_TEAM,na,na,PALMDALE,,PRIMARY
TEAMSWITCH,1,_16ED497A-A008-43F5-A8A0-13B232D0335F,PEARLAND_TEAM,na,na,PALMDALE,,PRIMARY
TEAMSWITCH,1,4441675E:RCS0622,HELM_TEAM,na,na,NEWMARK,,PRIMARY
TEAMSWITCH,1,1118754E:RCS0207,HELM_TEAM,na,na,NEWMARK,,PRIMARY
TEAMSWITCH,1,1736525E:RSR0127,HELM_TEAM,na,na,NEWMARK,,PRIMARY
TEAMSWITCH,1,_E8BE438F-1004-4517-BB9D-A16375CFD5C6,HELM_TEAM,na,na,NEWMARK,,PRIMARY
TEAMSWITCH,1,_4F2BA301-8055-4886-9108-13AEA1A8D860,REDICK_TEAM,na,na,STODDARD,,PRIMARY
TEAMSWITCH,1,_0D6DC185-C679-42D0-AAC4-F528B2FD94B7,MANOR_TEAM,na,na,ANITA,,PRIMARY
TEAMSWITCH,1,4778862E:RAR1149,WILLOW SPRINGS_TEAM,na,na,ROSAMOND,,PRIMARY
TEAMSWITCH,1,4730541E:RCS0710,WILLOW SPRINGS_TEAM,na,na,ROSAMOND,,PRIMARY
TEAMSWITCH,1,4749772E:RCS0109,WILLOW SPRINGS_TEAM,na,na,ROSAMOND,,PRIMARY
TEAMSWITCH,1,843637E:RCS0114,WILLOW SPRINGS_TEAM,na,na,ROSAMOND,,PRIMARY
TEAMSWITCH,1,_9C7F3EC7-7BFA-45C3-913D-67A93E7D455F,WILLOW SPRINGS_TEAM,na,na,ROSAMOND,,PRIMARY
TEAMSWITCH,1,_8F5EC437-AEA0-4213-906D-9B44496FDE57,MERVIN_TEAM,na,na,AMADOR,,PRIMARY
TEAMSWITCH,1,_E0D0ACC5-D439-4C66-A623-5DA017180EC1,FEDERAL_TEAM,na,na,SAWTELLE,,PRIMARY
TEAMSWITCH,1,2301324E:RAR1853,TEMPEST_TEAM,na,na,MIDWIND,,PRIMARY
TEAMSWITCH,1,_0F73676C-9638-4C96-8EF3-9B10E8CA0B27,TEMPEST_TEAM,na,na,MIDWIND,,PRIMARY
TEAMSWITCH,1,4279988E:RAR0670,STUBBY_TEAM,na,na,BANNING,,PRIMARY
TEAMSWITCH,1,4448500E:RAR0563,STUBBY_TEAM,na,na,BANNING,,PRIMARY
TEAMSWITCH,1,2190571E:RCS0526,STUBBY_TEAM,na,na,BANNING,,PRIMARY
TEAMSWITCH,1,4660068E:RCS0667,STUBBY_TEAM,na,na,BANNING,,PRIMARY
TEAMSWITCH,1,78655S:RCS0707,STUBBY_TEAM,na,na,BANNING,,PRIMARY
TEAMSWITCH,1,5701068:RCS0530-1,STUBBY_TEAM,na,na,BANNING,,PRIMARY
TEAMSWITCH,1,4215101E:RCS0671,STUBBY_TEAM,na,na,BANNING,,PRIMARY
TEAMSWITCH,1,4805333E:RSR0666,STUBBY_TEAM,na,na,BANNING,,PRIMARY
TEAMSWITCH,1,_F7995EF4-DFD2-4A04-B6D0-FA94B135C5F3,STUBBY_TEAM,na,na,BANNING,,PRIMARY
TEAMSWITCH,1,_B0324374-5C73-4F0E-A693-C2CFAA95AAD1,RICKENBACK_TEAM,na,na,EDWARDS,,PRIMARY
TEAMSWITCH,1,_B45F7C9A-3B3A-48DB-BCE6-AC0D7F5DACD8,ELECTRIC_TEAM,na,na,CULVER,,PRIMARY
TEAMSWITCH,1,_F44228DA-AD56-43E5-806D-224566937204,ELECTRIC_TEAM,na,na,CULVER,,PRIMARY
TEAMSWITCH,1,1518118E:RAR0532,HOOLIGAN_TEAM,na,na,NEWBURY,,PRIMARY
TEAMSWITCH,1,1518134E:RCS0533,HOOLIGAN_TEAM,na,na,NEWBURY,,PRIMARY
TEAMSWITCH,1,1907977E:RCS0610,HOOLIGAN_TEAM,na,na,NEWBURY,,PRIMARY
TEAMSWITCH,1,4743428E:RCS0691,HOOLIGAN_TEAM,na,na,NEWBURY,,PRIMARY
TEAMSWITCH,1,5470037:RCS8117-2,HOOLIGAN_TEAM,na,na,NEWBURY,,PRIMARY
TEAMSWITCH,1,5560341:RCS5290-2,HOOLIGAN_TEAM,na,na,NEWBURY,,PRIMARY
TEAMSWITCH,1,5024071:RCS4059-1,HOOLIGAN_TEAM,na,na,NEWBURY,,PRIMARY
TEAMSWITCH,1,5029178:RCS8121-1,HOOLIGAN_TEAM,na,na,NEWBURY,,PRIMARY
TEAMSWITCH,1,5028677:RCS8120-2,HOOLIGAN_TEAM,na,na,NEWBURY,,PRIMARY
TEAMSWITCH,1,5748966:RCS8118-1,HOOLIGAN_TEAM,na,na,NEWBURY,,PRIMARY
TEAMSWITCH,1,5027093:RCS0298-3_CS,HOOLIGAN_TEAM,na,na,NEWBURY,,PRIMARY
TEAMSWITCH,1,_911977A4-1FE6-4440-A958-8BE2B988BB5D,HOOLIGAN_TEAM,na,na,NEWBURY,,PRIMARY
TEAMSWITCH,1,_1C85AB5B-A2FE-4C95-A890-2ACC4EF3BB88,MOWDER_TEAM,na,na,WINDSOR HILLS,,PRIMARY
TEAMSWITCH,1,4141346E:RCS0629,COLLINS_TEAM,na,na,MOORPARK,,PRIMARY
TEAMSWITCH,1,1855994E:RCS0343,COLLINS_TEAM,na,na,MOORPARK,,PRIMARY
TEAMSWITCH,1,4761550E:RCS0630,COLLINS_TEAM,na,na,MOORPARK,,PRIMARY
TEAMSWITCH,1,5395383:RCS0124-4,COLLINS_TEAM,na,na,MOORPARK,,PRIMARY
TEAMSWITCH,1,5634336:RCS1525-4_CS,COLLINS_TEAM,na,na,MOORPARK,,PRIMARY
TEAMSWITCH,1,_BBEE81CC-EEDB-4BEB-B6A7-E5B4436D55D1,COLLINS_TEAM,na,na,MOORPARK,,PRIMARY
TEAMSWITCH,1,5564956:RCS1543-3,VARSITY_TEAM,na,na,SHANDIN,,PRIMARY
TEAMSWITCH,1,_B4F7150D-037C-412B-8C70-A36338FD677D,VARSITY_TEAM,na,na,SHANDIN,,PRIMARY
TEAMSWITCH,1,5024621:RCS0221-4,PRADO_TEAM,na,na,POTRERO,,PRIMARY
TEAMSWITCH,1,5026022:RCS1206-2,PRADO_TEAM,na,na,POTRERO,,PRIMARY
TEAMSWITCH,1,_B2CDA0F6-8EDF-44FB-BB4B-F2A40B9B2884,PRADO_TEAM,na,na,POTRERO,,PRIMARY
TEAMSWITCH,1,4170708E:RCS9607,INVENTION_TEAM,na,na,QUARTZ HILL,,PRIMARY
TEAMSWITCH,1,4539063E:RCS0752,INVENTION_TEAM,na,na,QUARTZ HILL,,PRIMARY
TEAMSWITCH,1,_CD2F1EA1-87F3-46F0-8DDC-503E4C448205,INVENTION_TEAM,na,na,QUARTZ HILL,,PRIMARY
TEAMSWITCH,1,4456723E:RCS0209,ERRINGER_TEAM,na,na,ROYAL,,PRIMARY
TEAMSWITCH,1,4438853E:RCS0207,ERRINGER_TEAM,na,na,ROYAL,,PRIMARY
TEAMSWITCH,1,X11565E:RCS0513,ERRINGER_TEAM,na,na,ROYAL,,PRIMARY
TEAMSWITCH,1,_38DBE84F-81A4-4DB6-90D0-44E6E4BEC599,ERRINGER_TEAM,na,na,ROYAL,,PRIMARY
TEAMSWITCH,1,4835834E:RAR0004,HOOK CREEK_TEAM,na,na,HOOK CREEK PT,,PRIMARY
TEAMSWITCH,1,7364:HOOK CREEK P.T.-L1,HOOK CREEK_TEAM,na,na,HOOK CREEK PT,,PRIMARY
TEAMSWITCH,1,7364:HOOK CREEK P.T.-H1,HOOK CREEK_TEAM,na,na,HOOK CREEK PT,,PRIMARY
TEAMSWITCH,1,_1419076A-0B4D-42BD-8C57-E182DB4E9B60,ANACAPA_TEAM,na,na,SANTA BARBARA,,PRIMARY
TEAMSWITCH,1,4400906E:RAR7146,HURON_TEAM,na,na,GREAT LAKES,,PRIMARY
TEAMSWITCH,1,4144048E:RCS1133,HURON_TEAM,na,na,GREAT LAKES,,PRIMARY
TEAMSWITCH,1,4193607E:RCS0994,HURON_TEAM,na,na,GREAT LAKES,,PRIMARY
TEAMSWITCH,1,768238E:RCS0317,HURON_TEAM,na,na,GREAT LAKES,,PRIMARY
TEAMSWITCH,1,1675901E:RCS5072,FAIR ACRES_TEAM,na,na,SANTA BARBARA,,PRIMARY
TEAMSWITCH,1,1281688E:RAR0085,BALCOM_TEAM,na,na,FILLMORE,,PRIMARY
TEAMSWITCH,1,4488527E:RCS0994,BALCOM_TEAM,na,na,FILLMORE,,PRIMARY
TEAMSWITCH,1,929106E:RCS1309,BALCOM_TEAM,na,na,FILLMORE,,PRIMARY
TEAMSWITCH,1,1746387E:RCS1451,BALCOM_TEAM,na,na,FILLMORE,,PRIMARY
TEAMSWITCH,1,926688E:RCS1127,BALCOM_TEAM,na,na,FILLMORE,,PRIMARY
TEAMSWITCH,1,929058E:RSR1211,BALCOM_TEAM,na,na,FILLMORE,,PRIMARY
TEAMSWITCH,1,_2B529009-145E-43DA-8D03-D7E7E88BD9B7,BALCOM_TEAM,na,na,FILLMORE,,PRIMARY
TEAMSWITCH,1,5462901:RCS2158-2,CALIMESA_TEAM,na,na,YUCAIPA,,PRIMARY
TEAMSWITCH,1,1214883E:RSR0537,CALIMESA_TEAM,na,na,YUCAIPA,,PRIMARY
TEAMSWITCH,1,_F4D18DD7-2AC5-4D17-9182-FA0833E6CF17,CALIMESA_TEAM,na,na,YUCAIPA,,PRIMARY
TEAMSWITCH,1,_51B40268-4C2B-4D46-8AC6-1051D127D13C,CALIMESA_TEAM,na,na,YUCAIPA,,PRIMARY
TEAMSWITCH,1,5301363:RCS1451-1,SWEETWATER_TEAM,na,na,SHANDIN,,PRIMARY
TEAMSWITCH,1,5558528:RCS1365-1,SWEETWATER_TEAM,na,na,SHANDIN,,PRIMARY
TEAMSWITCH,1,5431313:RCS1088-1,SWEETWATER_TEAM,na,na,SHANDIN,,PRIMARY
TEAMSWITCH,1,_B6C356BC-5F7F-4D31-84D9-C1F719FB65F1,SWEETWATER_TEAM,na,na,SHANDIN,,PRIMARY
TEAMSWITCH,1,276107E:RCS1192,C B S_TEAM,na,na,DELANO,,PRIMARY
TEAMSWITCH,1,4788377E:RCS3411,C B S_TEAM,na,na,DELANO,,PRIMARY
TEAMSWITCH,1,1637620E:RCS2379,C B S_TEAM,na,na,DELANO,,PRIMARY
TEAMSWITCH,1,5626942:RCS3403-2,C B S_TEAM,na,na,DELANO,,PRIMARY
TEAMSWITCH,1,5633679:RCS8922-2_CS,C B S_TEAM,na,na,DELANO,,PRIMARY
TEAMSWITCH,1,_EBEF077A-F7E3-4A78-A8B5-C51F24FC9AEA,PLYMOUTH_TEAM,na,na,INGLEWOOD,,PRIMARY
TEAMSWITCH,1,5392381:RCS4906-3,MCENROE_TEAM,na,na,WIMBLEDON,,PRIMARY
TEAMSWITCH,1,5628760:RCSG046-4,MCENROE_TEAM,na,na,WIMBLEDON,,PRIMARY
TEAMSWITCH,1,5422974:RCSG022-2,MCENROE_TEAM,na,na,WIMBLEDON,,PRIMARY
TEAMSWITCH,1,_E0509DD2-559D-48FB-9E67-86B28CC10661,MCENROE_TEAM,na,na,WIMBLEDON,,PRIMARY
TEAMSWITCH,1,1579822E:RCS0060,BAYSE_TEAM,na,na,AMADOR,,PRIMARY
TEAMSWITCH,1,2285303E:RCS0162,BAYSE_TEAM,na,na,AMADOR,,PRIMARY
TEAMSWITCH,1,488676E:RCS1260,BAYSE_TEAM,na,na,AMADOR,,PRIMARY
TEAMSWITCH,1,_EC3F56E9-846E-4054-BE64-01D86ABBAF14,BAYSE_TEAM,na,na,AMADOR,,PRIMARY
TEAMSWITCH,1,5157918:RCS2077-1,STING_TEAM,na,na,PALMDALE,,PRIMARY
TEAMSWITCH,1,5338590:RCS8590-1,STING_TEAM,na,na,PALMDALE,,PRIMARY
TEAMSWITCH,1,5158229:RCS0276-3_CS,STING_TEAM,na,na,PALMDALE,,PRIMARY
TEAMSWITCH,1,_DD71FCE9-C645-4F1E-A592-ED6818068EC3,STING_TEAM,na,na,PALMDALE,,PRIMARY
TEAMSWITCH,1,2303811E:RCS0004,MONTGOMERY_TEAM,na,na,ROYAL,,PRIMARY
TEAMSWITCH,1,_63B86DE5-D5DE-407A-B5E8-C8411298F701,MONTGOMERY_TEAM,na,na,ROYAL,,PRIMARY
TEAMSWITCH,1,1920819E:RCS0309,VAL VERDE_TEAM,na,na,SAUGUS,,PRIMARY
TEAMSWITCH,1,2265346E:RCS0231,VAL VERDE_TEAM,na,na,SAUGUS,,PRIMARY
TEAMSWITCH,1,1394825E:RCS5164,VAL VERDE_TEAM,na,na,SAUGUS,,PRIMARY
TEAMSWITCH,1,_78EFE482-9AE2-43DE-9263-E31B2EDF70CB,VAL VERDE_TEAM,na,na,SAUGUS,,PRIMARY
TEAMSWITCH,1,_D7BBCF9F-F143-4899-A61B-CD37E4DBB6D9,GEM_TEAM,na,na,TOPAZ,,PRIMARY
TEAMSWITCH,1,_07A7D3A6-1BAC-4009-AD88-EDDFE15BA34E,DEAUVILLE_TEAM,na,na,SANTA MONICA,,PRIMARY
TEAMSWITCH,1,1513430E:RCS1957,OLSON_TEAM,na,na,LEVY,,PRIMARY
TEAMSWITCH,1,X10410Y:RCS8458,OLSON_TEAM,na,na,LEVY,,PRIMARY
TEAMSWITCH,1,_4451E091-D8FD-4F09-A6A8-396826A427BE,OLSON_TEAM,na,na,LEVY,,PRIMARY
TEAMSWITCH,1,1603676E:RCS2245,SCHOONER_TEAM,na,na,CHANNEL ISLANDS,,PRIMARY
TEAMSWITCH,1,5459203:RCS8851-2,SCHOONER_TEAM,na,na,CHANNEL ISLANDS,,PRIMARY
TEAMSWITCH,1,5459203:RCS8851-1,SCHOONER_TEAM,na,na,CHANNEL ISLANDS,,PRIMARY
TEAMSWITCH,1,5019437:RCS1042-3,SCHOONER_TEAM,na,na,CHANNEL ISLANDS,,PRIMARY
TEAMSWITCH,1,5020380:RCS2696-4_CS,SCHOONER_TEAM,na,na,CHANNEL ISLANDS,,PRIMARY
TEAMSWITCH,1,1364690E:RSR1746,SCHOONER_TEAM,na,na,CHANNEL ISLANDS,,PRIMARY
TEAMSWITCH,1,1709247E:RSR2100,SCHOONER_TEAM,na,na,CHANNEL ISLANDS,,PRIMARY
TEAMSWITCH,1,_065720B2-3839-404B-94E3-A84D77B08BA1,SCHOONER_TEAM,na,na,CHANNEL ISLANDS,,PRIMARY
TEAMSWITCH,1,_6FA73124-62C5-4B17-9928-8E1B9A6BAC29,SITKA_TEAM,na,na,YUKON,,PRIMARY
TEAMSWITCH,1,_AADB9F94-965D-48A9-BB32-F62E11D4A91F,SITKA_TEAM,na,na,YUKON,,PRIMARY
TEAMSWITCH,1,4886669E:RAR0638,KIOWA_TEAM,na,na,APPLE VALLEY,,PRIMARY
TEAMSWITCH,1,1721942E:RCS0587,KIOWA_TEAM,na,na,APPLE VALLEY,,PRIMARY
TEAMSWITCH,1,_67C2882C-082C-436D-BC7E-A9D144ABD6EA,KIOWA_TEAM,na,na,APPLE VALLEY,,PRIMARY
TEAMSWITCH,1,_1AC3B364-E527-478D-BAEF-D24A91C4747B,MANUEL_TEAM,na,na,HAVEDA,,PRIMARY
TEAMSWITCH,1,4574485E:RCS3172,KUMQUAT_TEAM,na,na,CITRUS,,PRIMARY
TEAMSWITCH,1,2003100E:RCS0439,KUMQUAT_TEAM,na,na,CITRUS,,PRIMARY
TEAMSWITCH,1,4973435E:RSR8611,KUMQUAT_TEAM,na,na,CITRUS,,PRIMARY
TEAMSWITCH,1,4574231E:RSR0547,KUMQUAT_TEAM,na,na,CITRUS,,PRIMARY
TEAMSWITCH,1,1936389E:RSR0628,KUMQUAT_TEAM,na,na,CITRUS,,PRIMARY
TEAMSWITCH,1,1597059E:RSR0450,KUMQUAT_TEAM,na,na,CITRUS,,PRIMARY
TEAMSWITCH,1,_D427D8B4-5B79-4BFA-8EE9-CEC00F492067,KUMQUAT_TEAM,na,na,CITRUS,,PRIMARY
TEAMSWITCH,1,5612735:RCS5892-6,CASMALIA_TEAM,na,na,ALDER,,PRIMARY
TEAMSWITCH,1,5723010:RCS6387-1,CASMALIA_TEAM,na,na,ALDER,,PRIMARY
TEAMSWITCH,1,4558551E:RCS2451,CASMALIA_TEAM,na,na,ALDER,,PRIMARY
TEAMSWITCH,1,4919838E:RSR0841,CASMALIA_TEAM,na,na,ALDER,,PRIMARY
TEAMSWITCH,1,4340382E:RSR0839,CASMALIA_TEAM,na,na,ALDER,,PRIMARY
TEAMSWITCH,1,4473664E:RSR0842,CASMALIA_TEAM,na,na,ALDER,,PRIMARY
TEAMSWITCH,1,5623357:RCSG843-3,CASMALIA_TEAM,na,na,ALDER,,PRIMARY
TEAMSWITCH,1,_4F7090DC-6D30-4000-AD1B-33D6349DBA3D,CASMALIA_TEAM,na,na,ALDER,,PRIMARY
TEAMSWITCH,1,4501697E:RCS0353,NISQUALLY_TEAM,na,na,VICTORVILLE,,PRIMARY
TEAMSWITCH,1,_B30E8C67-C692-4965-9A19-6C6AAE79DCF6,NISQUALLY_TEAM,na,na,VICTORVILLE,,PRIMARY
TEAMSWITCH,1,_BC504A9D-D81B-4A3D-939E-F28D80A22649,KANSAS_TEAM,na,na,PEARL,,PRIMARY
TEAMSWITCH,1,4525753E:RCS0700,RILEY_TEAM,na,na,CARDIFF,,PRIMARY
TEAMSWITCH,1,5001016:RCS1579-3,RILEY_TEAM,na,na,CARDIFF,,PRIMARY
TEAMSWITCH,1,_2875EF9D-D401-40CF-980A-78CE77A90B72,RILEY_TEAM,na,na,CARDIFF,,PRIMARY
TEAMSWITCH,1,5403627:RCS2277-1,RATTLER_TEAM,na,na,NORTH OAKS,,PRIMARY
TEAMSWITCH,1,5403624:RCS3871-2,RATTLER_TEAM,na,na,NORTH OAKS,,PRIMARY
TEAMSWITCH,1,_811347C2-8A0B-44CA-8F73-F6DA955A35B4,RATTLER_TEAM,na,na,NORTH OAKS,,PRIMARY
TEAMSWITCH,1,2323674E:RCS1355,ALVARADO_TEAM,na,na,GONZALES,,PRIMARY
TEAMSWITCH,1,5375139:RCS2194-3,ALVARADO_TEAM,na,na,GONZALES,,PRIMARY
TEAMSWITCH,1,_7E2AE5FB-8D5A-4494-8A59-B4F8A141984E,ALVARADO_TEAM,na,na,GONZALES,,PRIMARY
TEAMSWITCH,1,1501297E:RCS1721,LEIA_TEAM,na,na,SHUTTLE,,PRIMARY
TEAMSWITCH,1,1755637E:RCS0397,LEIA_TEAM,na,na,SHUTTLE,,PRIMARY
TEAMSWITCH,1,5599362:RCS0275-1,LEIA_TEAM,na,na,SHUTTLE,,PRIMARY
TEAMSWITCH,1,_A68C4722-D5C8-4732-976A-09A342303FF3,LEIA_TEAM,na,na,SHUTTLE,,PRIMARY
TEAMSWITCH,1,_FBB61248-32B5-4567-A4CB-293A5DAD8535,BIO_TEAM,na,na,PHARMACY,,PRIMARY
TEAMSWITCH,1,_152478EB-1421-4478-934D-BAB46F3F2BC6,LADERA_TEAM,na,na,WINDSOR HILLS,,PRIMARY
TEAMSWITCH,1,4447977E:RAR0651,SPANADA_TEAM,na,na,CITRUS,,PRIMARY
TEAMSWITCH,1,1471112E:RAR0652,SPANADA_TEAM,na,na,CITRUS,,PRIMARY
TEAMSWITCH,1,1343415E:RCS0170,SPANADA_TEAM,na,na,CITRUS,,PRIMARY
TEAMSWITCH,1,2080495E:RCS0379,SPANADA_TEAM,na,na,CITRUS,,PRIMARY
TEAMSWITCH,1,_1E5A8053-C7DE-4BCF-9A48-66FB1EBED418,SPANADA_TEAM,na,na,CITRUS,,PRIMARY
TEAMSWITCH,1,944576E:RAR1368,HILL_TEAM,na,na,MANHATTAN,,PRIMARY
TEAMSWITCH,1,1300528E:RAR1369,HILL_TEAM,na,na,MANHATTAN,,PRIMARY
TEAMSWITCH,1,_D35C3493-3891-48E0-90E3-4088A565329E,HILL_TEAM,na,na,MANHATTAN,,PRIMARY
TEAMSWITCH,1,1766120E:RCS1438,MENLO_TEAM,na,na,YUKON,,PRIMARY
TEAMSWITCH,1,_BB0A3C68-E8A8-4420-A9B1-5303F4E1B3DC,MENLO_TEAM,na,na,YUKON,,PRIMARY
TEAMSWITCH,1,2345746E:RCS1212,MOONGLOW_TEAM,na,na,QUARTZ HILL,,PRIMARY
TEAMSWITCH,1,2345735E:RCS0229,MOONGLOW_TEAM,na,na,QUARTZ HILL,,PRIMARY
TEAMSWITCH,1,_A819B802-C0DF-49AE-AC6B-FA86D997F565,MOONGLOW_TEAM,na,na,QUARTZ HILL,,PRIMARY
TEAMSWITCH,1,909308E:RCS0415,HEATHER_TEAM,na,na,ALDER,,PRIMARY
TEAMSWITCH,1,4757041E:RCS2139,HEATHER_TEAM,na,na,ALDER,,PRIMARY
TEAMSWITCH,1,4101792E:RCS0318,HEATHER_TEAM,na,na,ALDER,,PRIMARY
TEAMSWITCH,1,_CC66D3CE-1019-4014-9772-BE6497EFA3B7,HEATHER_TEAM,na,na,ALDER,,PRIMARY
TEAMSWITCH,1,1996481E:RAR6060,CAMP ANGELUS_TEAM,na,na,CAMP ANGELUS PT,,PRIMARY
TEAMSWITCH,1,7117:CAMP ANGELUS P.T.-L1,CAMP ANGELUS_TEAM,na,na,CAMP ANGELUS PT,,PRIMARY
TEAMSWITCH,1,7117:CAMP ANGELUS P.T.-H1,CAMP ANGELUS_TEAM,na,na,CAMP ANGELUS PT,,PRIMARY
TEAMSWITCH,1,1036860E:RAR7163,VENUS_TEAM,na,na,BLUFF COVE,,PRIMARY
TEAMSWITCH,1,4528720E:RAR7164,VENUS_TEAM,na,na,BLUFF COVE,,PRIMARY
TEAMSWITCH,1,1036855E:RAR7162,VENUS_TEAM,na,na,BLUFF COVE,,PRIMARY
TEAMSWITCH,1,5045806:RCS4832-3,VENUS_TEAM,na,na,BLUFF COVE,,PRIMARY
TEAMSWITCH,1,_98F8B2A8-B94A-4F83-8D0F-D0A0B44B7CB8,VENUS_TEAM,na,na,BLUFF COVE,,PRIMARY
TEAMSWITCH,1,81546S:RAR0938,RAISIN_TEAM,na,na,SIXTEENTH STREET,,PRIMARY
TEAMSWITCH,1,4826515E:RCS0346,RAISIN_TEAM,na,na,SIXTEENTH STREET,,PRIMARY
TEAMSWITCH,1,3465S:RCS0923,RAISIN_TEAM,na,na,SIXTEENTH STREET,,PRIMARY
TEAMSWITCH,1,4861787E:RCS0913,RAISIN_TEAM,na,na,SIXTEENTH STREET,,PRIMARY
TEAMSWITCH,1,4679090E:RCS0393,RAISIN_TEAM,na,na,SIXTEENTH STREET,,PRIMARY
TEAMSWITCH,1,1652485E:RCS0236,RAISIN_TEAM,na,na,SIXTEENTH STREET,,PRIMARY
TEAMSWITCH,1,_F606955A-07B3-45B4-BB29-FCE84A01883E,RAISIN_TEAM,na,na,SIXTEENTH STREET,,PRIMARY
TEAMSWITCH,1,1661232E:RCS0387,LARIAT_TEAM,na,na,QUARTZ HILL,,PRIMARY
TEAMSWITCH,1,GT251833:RCS6414,LARIAT_TEAM,na,na,QUARTZ HILL,,PRIMARY
TEAMSWITCH,1,_96370BD9-7F2A-4543-8470-C3E7EB95AF4B,LARIAT_TEAM,na,na,QUARTZ HILL,,PRIMARY
TEAMSWITCH,1,1099106E:RCS0108,DALESIDE_TEAM,na,na,BRIGHTON,,PRIMARY
TEAMSWITCH,1,1861220E:RSR1449,DALESIDE_TEAM,na,na,BRIGHTON,,PRIMARY
TEAMSWITCH,1,1110328E:RSR1448,DALESIDE_TEAM,na,na,BRIGHTON,,PRIMARY
TEAMSWITCH,1,1560389E:RSR0922,DALESIDE_TEAM,na,na,BRIGHTON,,PRIMARY
TEAMSWITCH,1,988052E:RSR1450,DALESIDE_TEAM,na,na,BRIGHTON,,PRIMARY
TEAMSWITCH,1,_E0B443C3-AD77-47DA-88FF-F16CB0459E00,DALESIDE_TEAM,na,na,BRIGHTON,,PRIMARY
TEAMSWITCH,1,4547716E:RAR6456,PUFF_TEAM,na,na,MIDWIND,,PRIMARY
TEAMSWITCH,1,2322444E:RAR1929,PUFF_TEAM,na,na,MIDWIND,,PRIMARY
TEAMSWITCH,1,2342180E:RCS2203,PUFF_TEAM,na,na,MIDWIND,,PRIMARY
TEAMSWITCH,1,864330E:RCS7577,PUFF_TEAM,na,na,MIDWIND,,PRIMARY
TEAMSWITCH,1,2274035E:RCSG581,PUFF_TEAM,na,na,MIDWIND,,PRIMARY
TEAMSWITCH,1,_3459C588-805D-4AB3-9015-6968186A44E6,PUFF_TEAM,na,na,MIDWIND,,PRIMARY
TEAMSWITCH,1,_E6E8C978-759C-4285-A36E-3DDC453454C3,DANIELS_TEAM,na,na,BEVERLY,,PRIMARY
TEAMSWITCH,1,_F211BD4D-A3C8-4218-8EE3-3238BEC8B63B,DANIELS_TEAM,na,na,BEVERLY,,PRIMARY
TEAMSWITCH,1,1828907E:RAR0612,CONCEPCION_TEAM,na,na,GAVIOTA,,PRIMARY
TEAMSWITCH,1,2383656E:RAR2129,CONCEPCION_TEAM,na,na,GAVIOTA,,PRIMARY
TEAMSWITCH,1,4589144E:RCS1564,CONCEPCION_TEAM,na,na,GAVIOTA,,PRIMARY
TEAMSWITCH,1,1413160E:RCS1606,CONCEPCION_TEAM,na,na,GAVIOTA,,PRIMARY
TEAMSWITCH,1,_EF5F1020-94AC-465E-AA84-5B43BEEB04E4,CONCEPCION_TEAM,na,na,GAVIOTA,,PRIMARY
TEAMSWITCH,1,1734729E:RAR0267,CEDAR GLEN_TEAM,na,na,BURNT MILL,,PRIMARY
TEAMSWITCH,1,4093142E:RAR0390,CEDAR GLEN_TEAM,na,na,BURNT MILL,,PRIMARY
TEAMSWITCH,1,988224E:RCS0277,CEDAR GLEN_TEAM,na,na,BURNT MILL,,PRIMARY
TEAMSWITCH,1,4663661E:RCS0340,CEDAR GLEN_TEAM,na,na,BURNT MILL,,PRIMARY
TEAMSWITCH,1,1884953E:RCS0345,CEDAR GLEN_TEAM,na,na,BURNT MILL,,PRIMARY
TEAMSWITCH,1,772585E:RCS0380,CEDAR GLEN_TEAM,na,na,BURNT MILL,,PRIMARY
TEAMSWITCH,1,4831609E:RCS0276,CEDAR GLEN_TEAM,na,na,BURNT MILL,,PRIMARY
TEAMSWITCH,1,4868345E:RCS2105,CEDAR GLEN_TEAM,na,na,BURNT MILL,,PRIMARY
TEAMSWITCH,1,1854836E:RSR0348,CEDAR GLEN_TEAM,na,na,BURNT MILL,,PRIMARY
TEAMSWITCH,1,_D420746C-42DA-457E-AD25-9F8B25D3EC00,CEDAR GLEN_TEAM,na,na,BURNT MILL,,PRIMARY
TEAMSWITCH,1,4828069E:RAR2010,BOOTLEGGER_TEAM,na,na,ACTON,,PRIMARY
TEAMSWITCH,1,4311909E:RAR7203,BOOTLEGGER_TEAM,na,na,ACTON,,PRIMARY
TEAMSWITCH,1,4557465E:RAR7134,BOOTLEGGER_TEAM,na,na,ACTON,,PRIMARY
TEAMSWITCH,1,4778655E:RAR4268,BOOTLEGGER_TEAM,na,na,ACTON,,PRIMARY
TEAMSWITCH,1,1373008E:RCS0835,BOOTLEGGER_TEAM,na,na,ACTON,,PRIMARY
TEAMSWITCH,1,1451111E:RCS1016,BOOTLEGGER_TEAM,na,na,ACTON,,PRIMARY
TEAMSWITCH,1,1983933E:RCS0037,BOOTLEGGER_TEAM,na,na,ACTON,,PRIMARY
TEAMSWITCH,1,2334367E:RCS1924,BOOTLEGGER_TEAM,na,na,ACTON,,PRIMARY
TEAMSWITCH,1,735141E:RCS1466,BOOTLEGGER_TEAM,na,na,ACTON,,PRIMARY
TEAMSWITCH,1,5395646:RCS5646-3,BOOTLEGGER_TEAM,na,na,ACTON,,PRIMARY
TEAMSWITCH,1,5624677:RCS0233-5_CS,BOOTLEGGER_TEAM,na,na,ACTON,,PRIMARY
TEAMSWITCH,1,4916046E:RSR0537,BOOTLEGGER_TEAM,na,na,ACTON,,PRIMARY
TEAMSWITCH,1,4592359E:RSR0693,BOOTLEGGER_TEAM,na,na,ACTON,,PRIMARY
TEAMSWITCH,1,_4E7976FE-E8FE-4EC7-B4D1-4593EC0F4CF2,BOOTLEGGER_TEAM,na,na,ACTON,,PRIMARY
TEAMSWITCH,1,1378599E:RCS0086,DEBORAH_TEAM,na,na,FELTON,,PRIMARY
TEAMSWITCH,1,4876956E:RSR1358,DEBORAH_TEAM,na,na,FELTON,,PRIMARY
TEAMSWITCH,1,1767364E:RSR0363,DEBORAH_TEAM,na,na,FELTON,,PRIMARY
TEAMSWITCH,1,_DF77B16A-DAF4-45ED-96C7-5601B05AC3F4,DEBORAH_TEAM,na,na,FELTON,,PRIMARY
TEAMSWITCH,1,4972815E:RCS0298,ROBBIE_TEAM,na,na,ARCADIA,,PRIMARY
TEAMSWITCH,1,4591388E:RCS0166,ROBBIE_TEAM,na,na,ARCADIA,,PRIMARY
TEAMSWITCH,1,_C6681619-B729-4803-B94A-DCF972DB6B1A,ROBBIE_TEAM,na,na,ARCADIA,,PRIMARY
TEAMSWITCH,1,2332442E:RAR0827,BADGER_TEAM,na,na,SHANDIN,,PRIMARY
TEAMSWITCH,1,4806396E:RCS0011,BADGER_TEAM,na,na,SHANDIN,,PRIMARY
TEAMSWITCH,1,5344903:RCS4207-5,BADGER_TEAM,na,na,SHANDIN,,PRIMARY
TEAMSWITCH,1,_A2BC355E-9B0E-4AEE-9F29-BF16943679F5,BADGER_TEAM,na,na,SHANDIN,,PRIMARY
TEAMSWITCH,1,1579518E:RCS1400,ROSEGLEN_TEAM,na,na,AMADOR,,PRIMARY
TEAMSWITCH,1,1619862E:RCS1125,ROSEGLEN_TEAM,na,na,AMADOR,,PRIMARY
TEAMSWITCH,1,795812E:RCS1529,ROSEGLEN_TEAM,na,na,AMADOR,,PRIMARY
TEAMSWITCH,1,4728066E:RSR2302,ROSEGLEN_TEAM,na,na,AMADOR,,PRIMARY
TEAMSWITCH,1,1387670E:RSR1276,ROSEGLEN_TEAM,na,na,AMADOR,,PRIMARY
TEAMSWITCH,1,_6DB6B342-5FA3-4AB9-8EA7-B6A6D7C0947E,ROSEGLEN_TEAM,na,na,AMADOR,,PRIMARY
TEAMSWITCH,1,_F572FCBC-CCC6-470A-8902-9D95DCF3AA10,SHERMAN_TEAM,na,na,FAIRFAX,,PRIMARY
TEAMSWITCH,1,_3DE70E5F-DD81-4FF0-BE2A-11E7127A5B2A,VENTU_TEAM,na,na,PHARMACY,,PRIMARY
TEAMSWITCH,1,_0E2F1BA7-0828-4918-9D96-6931F6E5C43E,MOONBEAM_TEAM,na,na,REPETTO,,PRIMARY
TEAMSWITCH,1,864571E:RAR0459,TITAN_TEAM,na,na,LITTLE ROCK,,PRIMARY
TEAMSWITCH,1,1421340E:RAR0909,TITAN_TEAM,na,na,LITTLE ROCK,,PRIMARY
TEAMSWITCH,1,4873205E:RAR3205,TITAN_TEAM,na,na,LITTLE ROCK,,PRIMARY
TEAMSWITCH,1,698937E:RAR0303,TITAN_TEAM,na,na,LITTLE ROCK,,PRIMARY
TEAMSWITCH,1,462063E:RAR0265,TITAN_TEAM,na,na,LITTLE ROCK,,PRIMARY
TEAMSWITCH,1,462120E:RAR1103,TITAN_TEAM,na,na,LITTLE ROCK,,PRIMARY
TEAMSWITCH,1,699196E:RCS1544,TITAN_TEAM,na,na,LITTLE ROCK,,PRIMARY
TEAMSWITCH,1,778603E:RCS5472,TITAN_TEAM,na,na,LITTLE ROCK,,PRIMARY
TEAMSWITCH,1,4381649E:RCS0477,TITAN_TEAM,na,na,LITTLE ROCK,,PRIMARY
TEAMSWITCH,1,4777982E:RCS0890,TITAN_TEAM,na,na,LITTLE ROCK,,PRIMARY
TEAMSWITCH,1,4685830E:RCS1266,TITAN_TEAM,na,na,LITTLE ROCK,,PRIMARY
TEAMSWITCH,1,4862670E:RCS1101,TITAN_TEAM,na,na,LITTLE ROCK,,PRIMARY
TEAMSWITCH,1,4875582E:RCS1271,TITAN_TEAM,na,na,LITTLE ROCK,,PRIMARY
TEAMSWITCH,1,5655840:RCSG840-3,TITAN_TEAM,na,na,LITTLE ROCK,,PRIMARY
TEAMSWITCH,1,5655909:RCSG909-3,TITAN_TEAM,na,na,LITTLE ROCK,,PRIMARY
TEAMSWITCH,1,4685358E:RCS0453,TITAN_TEAM,na,na,LITTLE ROCK,,PRIMARY
TEAMSWITCH,1,778191E:RCS0628,TITAN_TEAM,na,na,LITTLE ROCK,,PRIMARY
TEAMSWITCH,1,699108E:RCS0618,TITAN_TEAM,na,na,LITTLE ROCK,,PRIMARY
TEAMSWITCH,1,_FCDF9E5D-5DFD-490A-84C3-4C61B69225F2,TITAN_TEAM,na,na,LITTLE ROCK,,PRIMARY
TEAMSWITCH,1,1213577E:RCS0709,GERTRUDE_TEAM,na,na,LARK ELLEN,,PRIMARY
TEAMSWITCH,1,1889705E:RCS1644,GERTRUDE_TEAM,na,na,LARK ELLEN,,PRIMARY
TEAMSWITCH,1,_47B9EBC4-386F-4154-A3F6-632535CD9D1E,GERTRUDE_TEAM,na,na,LARK ELLEN,,PRIMARY
TEAMSWITCH,1,895456E:RAR1649,BLINKER_TEAM,na,na,PIXLEY,,PRIMARY
TEAMSWITCH,1,377922E:RAR1574,BLINKER_TEAM,na,na,PIXLEY,,PRIMARY
TEAMSWITCH,1,4252008E:RCS1445,BLINKER_TEAM,na,na,PIXLEY,,PRIMARY
TEAMSWITCH,1,_266C4A99-58EF-4882-B030-317C12A58FD9,BLINKER_TEAM,na,na,PIXLEY,,PRIMARY
TEAMSWITCH,1,5044449:RCS6094-1,MINNOW_TEAM,na,na,EL NIDO,,PRIMARY
TEAMSWITCH,1,5045752:RCS6096-1,MINNOW_TEAM,na,na,EL NIDO,,PRIMARY
TEAMSWITCH,1,5045756:RCS6097-1,MINNOW_TEAM,na,na,EL NIDO,,PRIMARY
TEAMSWITCH,1,_990FA562-B31A-42C6-877B-8A07749BB17A,MINNOW_TEAM,na,na,EL NIDO,,PRIMARY
TEAMSWITCH,1,_0E4BD49D-8058-4AD9-A2C1-0167D0096EE4,MINNOW_TEAM,na,na,EL NIDO,,PRIMARY
TEAMSWITCH,1,2144320E:RCS0116,GEARLINE_TEAM,na,na,FELTON,,PRIMARY
TEAMSWITCH,1,_08A1098E-C6D8-406D-8C80-85BCFAECD5C1,GEARLINE_TEAM,na,na,FELTON,,PRIMARY
TEAMSWITCH,1,1241589E:RAR0179,CASTRO_TEAM,na,na,WAKEFIELD,,PRIMARY
TEAMSWITCH,1,4339548E:RAR1101,CASTRO_TEAM,na,na,WAKEFIELD,,PRIMARY
TEAMSWITCH,1,4456440E:RCS1417,CASTRO_TEAM,na,na,WAKEFIELD,,PRIMARY
TEAMSWITCH,1,1008280E:RSR7353,CASTRO_TEAM,na,na,WAKEFIELD,,PRIMARY
TEAMSWITCH,1,1896706E:RSR0229,CASTRO_TEAM,na,na,WAKEFIELD,,PRIMARY
TEAMSWITCH,1,3002116E:RSR1034,CASTRO_TEAM,na,na,WAKEFIELD,,PRIMARY
TEAMSWITCH,1,_A6C3009D-EA5D-4F5F-BC74-238738ABFA48,CASTRO_TEAM,na,na,WAKEFIELD,,PRIMARY
TEAMSWITCH,1,_A6883E36-21B5-4DF4-AA0B-800ADEDCDF42,PEERLESS_TEAM,na,na,BEVERLY,,PRIMARY
TEAMSWITCH,1,4136628E:RAR1524,GNATCATCHER_TEAM,na,na,BANDUCCI,,PRIMARY
TEAMSWITCH,1,4036099E:RAR1540,GNATCATCHER_TEAM,na,na,BANDUCCI,,PRIMARY
TEAMSWITCH,1,4901353E:RAR6463,GNATCATCHER_TEAM,na,na,BANDUCCI,,PRIMARY
TEAMSWITCH,1,1970122E:RCS1520,GNATCATCHER_TEAM,na,na,BANDUCCI,,PRIMARY
TEAMSWITCH,1,1936607E:RCS1613,GNATCATCHER_TEAM,na,na,BANDUCCI,,PRIMARY
TEAMSWITCH,1,5630016:RCSG931-3,GNATCATCHER_TEAM,na,na,BANDUCCI,,PRIMARY
TEAMSWITCH,1,4107707E:RCS2176,GNATCATCHER_TEAM,na,na,BANDUCCI,,PRIMARY
TEAMSWITCH,1,_874CFA45-3155-429B-BE95-2C8805D00D0B,GNATCATCHER_TEAM,na,na,BANDUCCI,,PRIMARY
TEAMSWITCH,1,1518155E:RCS0197,GREGG_TEAM,na,na,ANITA,,PRIMARY
TEAMSWITCH,1,1068462E:RCS0022,GREGG_TEAM,na,na,ANITA,,PRIMARY
TEAMSWITCH,1,4907463E:RSR2265,GREGG_TEAM,na,na,ANITA,,PRIMARY
TEAMSWITCH,1,1634365E:RSR1526,GREGG_TEAM,na,na,ANITA,,PRIMARY
TEAMSWITCH,1,1736787E:RSR0227,GREGG_TEAM,na,na,ANITA,,PRIMARY
TEAMSWITCH,1,_64FD206C-D8DA-4810-AC2F-887DBBA5AD61,GREGG_TEAM,na,na,ANITA,,PRIMARY
TEAMSWITCH,1,4288961E:RAR0035,JESS_TEAM,na,na,APPLE VALLEY,,PRIMARY
TEAMSWITCH,1,1756525E:RCS0043,JESS_TEAM,na,na,APPLE VALLEY,,PRIMARY
TEAMSWITCH,1,5530126:RCS2318-2,JESS_TEAM,na,na,APPLE VALLEY,,PRIMARY
TEAMSWITCH,1,_FAC6E722-55F6-4695-8C31-147D63AE26E8,JESS_TEAM,na,na,APPLE VALLEY,,PRIMARY
TEAMSWITCH,1,_1AF546E9-46DF-47C0-8042-80E22E71A68F,BLOODSTONE_TEAM,na,na,TOPAZ,,PRIMARY
TEAMSWITCH,1,4660074E:RAR0566,WEESHA_TEAM,na,na,WEESHA PT,,PRIMARY
TEAMSWITCH,1,8261:WEESHA P.T.-L1,WEESHA_TEAM,na,na,WEESHA PT,,PRIMARY
TEAMSWITCH,1,8261:WEESHA P.T.-H1,WEESHA_TEAM,na,na,WEESHA PT,,PRIMARY
TEAMSWITCH,1,2197022E:RAR6752,CASALS_TEAM,na,na,WIMBLEDON,,PRIMARY
TEAMSWITCH,1,4486363E:RCS2331,CASALS_TEAM,na,na,WIMBLEDON,,PRIMARY
TEAMSWITCH,1,5301293:RCS5323-1,CASALS_TEAM,na,na,WIMBLEDON,,PRIMARY
TEAMSWITCH,1,5204951:RCS1743-2,CASALS_TEAM,na,na,WIMBLEDON,,PRIMARY
TEAMSWITCH,1,_2F80F589-E327-4841-8576-197D4F8045BD,CASALS_TEAM,na,na,WIMBLEDON,,PRIMARY
TEAMSWITCH,1,4198717E:RAR0104,BIG ROCK_TEAM,na,na,CHATSWORTH,,PRIMARY
TEAMSWITCH,1,4504051E:RAR0261,BIG ROCK_TEAM,na,na,CHATSWORTH,,PRIMARY
TEAMSWITCH,1,2102526E:RAR2479,BIG ROCK_TEAM,na,na,CHATSWORTH,,PRIMARY
TEAMSWITCH,1,5627549:RCS0849-2,BIG ROCK_TEAM,na,na,CHATSWORTH,,PRIMARY
TEAMSWITCH,1,4377300E:RCS3715,BIG ROCK_TEAM,na,na,CHATSWORTH,,PRIMARY
TEAMSWITCH,1,5190750:RCS0974-1,BIG ROCK_TEAM,na,na,CHATSWORTH,,PRIMARY
TEAMSWITCH,1,1538978E:RCS0435,BIG ROCK_TEAM,na,na,CHATSWORTH,,PRIMARY
TEAMSWITCH,1,5704050:RCS4050-1_CS,BIG ROCK_TEAM,na,na,CHATSWORTH,,PRIMARY
TEAMSWITCH,1,4859711E:RSR2692,BIG ROCK_TEAM,na,na,CHATSWORTH,,PRIMARY
TEAMSWITCH,1,_0871FC21-7647-495F-9B8C-5040A04E3FE4,BIG ROCK_TEAM,na,na,CHATSWORTH,,PRIMARY
TEAMSWITCH,1,5040994:RCS0846-4,EXECUTIVE_TEAM,na,na,BEVERLY,,PRIMARY
TEAMSWITCH,1,689188E:RCS0309,EXECUTIVE_TEAM,na,na,BEVERLY,,PRIMARY
TEAMSWITCH,1,_C571C2D7-C098-4E80-84F4-207DEF384021,EXECUTIVE_TEAM,na,na,BEVERLY,,PRIMARY
TEAMSWITCH,1,_F09E04BA-6643-4F4B-A674-9A0276FE1D69,EXECUTIVE_TEAM,na,na,BEVERLY,,PRIMARY
TEAMSWITCH,1,2268231E:RCS0731,PENCIL_TEAM,na,na,HIGHLAND,,PRIMARY
TEAMSWITCH,1,_D797EA86-6F29-40CC-8EB3-5D3287570C76,PENCIL_TEAM,na,na,HIGHLAND,,PRIMARY
TEAMSWITCH,1,_EDFABBA6-7AE6-442A-ACC0-42A9422B5A48,ARBORVITAE_TEAM,na,na,INGLEWOOD,,PRIMARY
TEAMSWITCH,1,_E8A3B1FF-85F6-4AD5-B1D2-2A4510172196,DON_TEAM,na,na,VICTORVILLE,,PRIMARY
TEAMSWITCH,1,1669205E:RAR0274,RIM_TEAM,na,na,BURNT MILL,,PRIMARY
TEAMSWITCH,1,4003701E:RAR0273,RIM_TEAM,na,na,BURNT MILL,,PRIMARY
TEAMSWITCH,1,4777911E:RAR0341,RIM_TEAM,na,na,BURNT MILL,,PRIMARY
TEAMSWITCH,1,801997E:RCS0309,RIM_TEAM,na,na,BURNT MILL,,PRIMARY
TEAMSWITCH,1,1589844E:RCS0627,RIM_TEAM,na,na,BURNT MILL,,PRIMARY
TEAMSWITCH,1,4877075E:RCS0663,RIM_TEAM,na,na,BURNT MILL,,PRIMARY
TEAMSWITCH,1,1669292E:RCS0316,RIM_TEAM,na,na,BURNT MILL,,PRIMARY
TEAMSWITCH,1,4881069E:RCS0317,RIM_TEAM,na,na,BURNT MILL,,PRIMARY
TEAMSWITCH,1,4621332E:RCS0580,RIM_TEAM,na,na,BURNT MILL,,PRIMARY
TEAMSWITCH,1,4770173E:RCS0306,RIM_TEAM,na,na,BURNT MILL,,PRIMARY
TEAMSWITCH,1,1480857E:RCS0578,RIM_TEAM,na,na,BURNT MILL,,PRIMARY
TEAMSWITCH,1,1513797E:RSR0031,RIM_TEAM,na,na,BURNT MILL,,PRIMARY
TEAMSWITCH,1,_B951812C-2975-49EA-AFBB-F95D24DF42F2,RIM_TEAM,na,na,BURNT MILL,,PRIMARY
TEAMSWITCH,1,5353892:RCS3241-4_CS,BEARDSLEY_TEAM,na,na,COLONIA,,PRIMARY
TEAMSWITCH,1,5719758:RCS2713-1_CS,BEARDSLEY_TEAM,na,na,COLONIA,,PRIMARY
TEAMSWITCH,1,_920A7FC7-36CB-42B6-8290-5D2B035406AF,BEARDSLEY_TEAM,na,na,COLONIA,,PRIMARY
TEAMSWITCH,1,402605E:RAR0791,BUTTE_TEAM,na,na,ROSAMOND,,PRIMARY
TEAMSWITCH,1,4053240E:RCS0979,BUTTE_TEAM,na,na,ROSAMOND,,PRIMARY
TEAMSWITCH,1,_F84000F4-7AAE-4C63-B143-B9A8103D76DE,BUTTE_TEAM,na,na,ROSAMOND,,PRIMARY
TEAMSWITCH,1,5044240:RCS0488-2,ALBACORE_TEAM,na,na,EL NIDO,,PRIMARY
TEAMSWITCH,1,5505496:RCS6041-1,ALBACORE_TEAM,na,na,EL NIDO,,PRIMARY
TEAMSWITCH,1,5505494:RCS6031-3,ALBACORE_TEAM,na,na,EL NIDO,,PRIMARY
TEAMSWITCH,1,5505507:RCS6035-4,ALBACORE_TEAM,na,na,EL NIDO,,PRIMARY
TEAMSWITCH,1,1775253E:RSR0004,ALBACORE_TEAM,na,na,EL NIDO,,PRIMARY
TEAMSWITCH,1,4659816E:RSR1384,ALBACORE_TEAM,na,na,EL NIDO,,PRIMARY
TEAMSWITCH,1,2247966E:RSR0690,ALBACORE_TEAM,na,na,EL NIDO,,PRIMARY
TEAMSWITCH,1,_0D7CD29D-F147-482F-96E9-CEDCF9B67CC3,ALBACORE_TEAM,na,na,EL NIDO,,PRIMARY
TEAMSWITCH,1,_30D67294-5E63-402F-BEBD-3955AA948619,ALBACORE_TEAM,na,na,EL NIDO,,PRIMARY
TEAMSWITCH,1,721657E:RCS0786,HANES_TEAM,na,na,BROWNING,,PRIMARY
TEAMSWITCH,1,4683856E:RCS2001,HANES_TEAM,na,na,BROWNING,,PRIMARY
TEAMSWITCH,1,4590099E:RSR1111,HANES_TEAM,na,na,BROWNING,,PRIMARY
TEAMSWITCH,1,_3A14DC54-91B4-4309-90DD-31E579F71966,HANES_TEAM,na,na,BROWNING,,PRIMARY
TEAMSWITCH,1,185792E:RCS1597,PADDOCK_TEAM,na,na,ANITA,,PRIMARY
TEAMSWITCH,1,5527635:RCS9618-4,PADDOCK_TEAM,na,na,ANITA,,PRIMARY
TEAMSWITCH,1,1130166E:RSR0288,PADDOCK_TEAM,na,na,ANITA,,PRIMARY
TEAMSWITCH,1,5557019:RCS9622-1,PADDOCK_TEAM,na,na,ANITA,,PRIMARY
TEAMSWITCH,1,_7250763E-18B9-478C-AA17-37C6ACC4A418,PADDOCK_TEAM,na,na,ANITA,,PRIMARY
TEAMSWITCH,1,4469244E:RCS1214,DEERFIELD_TEAM,na,na,RAVENDALE,,PRIMARY
TEAMSWITCH,1,1432193E:RCS0323,DEERFIELD_TEAM,na,na,RAVENDALE,,PRIMARY
TEAMSWITCH,1,4425757E:RCS1086,DEERFIELD_TEAM,na,na,RAVENDALE,,PRIMARY
TEAMSWITCH,1,1724077E:RCS1083,DEERFIELD_TEAM,na,na,RAVENDALE,,PRIMARY
TEAMSWITCH,1,4959569E:RSR2264,DEERFIELD_TEAM,na,na,RAVENDALE,,PRIMARY
TEAMSWITCH,1,4782076E:RSR1180,DEERFIELD_TEAM,na,na,RAVENDALE,,PRIMARY
TEAMSWITCH,1,_701A05C2-2EC2-4103-912C-B4DE5C61D31F,DEERFIELD_TEAM,na,na,RAVENDALE,,PRIMARY
TEAMSWITCH,1,_B89501F6-1B63-4AD4-B8AE-D4163A544323,DEERFIELD_TEAM,na,na,RAVENDALE,,PRIMARY
TEAMSWITCH,1,4771315E:RAR0346,SKINKLE_TEAM,na,na,TERRA BELLA,,PRIMARY
TEAMSWITCH,1,4167187E:RAR0269,SKINKLE_TEAM,na,na,TERRA BELLA,,PRIMARY
TEAMSWITCH,1,2253019E:RAR0201,SKINKLE_TEAM,na,na,TERRA BELLA,,PRIMARY
TEAMSWITCH,1,1901834E:RAR0242,SKINKLE_TEAM,na,na,TERRA BELLA,,PRIMARY
TEAMSWITCH,1,2277919E:RAR4161,SKINKLE_TEAM,na,na,TERRA BELLA,,PRIMARY
TEAMSWITCH,1,1901853E:RCS0207,SKINKLE_TEAM,na,na,TERRA BELLA,,PRIMARY
TEAMSWITCH,1,4414518E:RCS0639,SKINKLE_TEAM,na,na,TERRA BELLA,,PRIMARY
TEAMSWITCH,1,820866E:RCS0244,SKINKLE_TEAM,na,na,TERRA BELLA,,PRIMARY
TEAMSWITCH,1,1352047E:RCS0199,SKINKLE_TEAM,na,na,TERRA BELLA,,PRIMARY
TEAMSWITCH,1,_8696A4D1-ED44-471C-9A45-97E9CE0217E6,SKINKLE_TEAM,na,na,TERRA BELLA,,PRIMARY
TEAMSWITCH,1,1884563E:RCS0416,SAWPIT_TEAM,na,na,ARROWHEAD,,PRIMARY
TEAMSWITCH,1,_DBD05348-7BE9-4F39-88E4-D30B74BF190C,SAWPIT_TEAM,na,na,ARROWHEAD,,PRIMARY
TEAMSWITCH,1,4355297E:RCS0036,YUCCA LOMA_TEAM,na,na,RANCHO,,PRIMARY
TEAMSWITCH,1,4266121E:RSR0133,YUCCA LOMA_TEAM,na,na,RANCHO,,PRIMARY
TEAMSWITCH,1,_C0002227-86BE-4960-8B24-15C2F2835555,YUCCA LOMA_TEAM,na,na,RANCHO,,PRIMARY
TEAMSWITCH,1,2111104E:RAR1573,CONDOR_TEAM,na,na,BANDUCCI,,PRIMARY
TEAMSWITCH,1,1986832E:RAR1542,CONDOR_TEAM,na,na,BANDUCCI,,PRIMARY
TEAMSWITCH,1,2404417E:RAR1539,CONDOR_TEAM,na,na,BANDUCCI,,PRIMARY
TEAMSWITCH,1,2188831E:RAR0874,CONDOR_TEAM,na,na,BANDUCCI,,PRIMARY
TEAMSWITCH,1,2111081E:RCS0519,CONDOR_TEAM,na,na,BANDUCCI,,PRIMARY
TEAMSWITCH,1,2038445E:RCS0938,CONDOR_TEAM,na,na,BANDUCCI,,PRIMARY
TEAMSWITCH,1,1936607E:RCS1613,CONDOR_TEAM,na,na,BANDUCCI,,PRIMARY
TEAMSWITCH,1,2059418E:RCS1649,CONDOR_TEAM,na,na,BANDUCCI,,PRIMARY
TEAMSWITCH,1,2294116E:RCS1829,CONDOR_TEAM,na,na,BANDUCCI,,PRIMARY
TEAMSWITCH,1,4451413E:RCS1614,CONDOR_TEAM,na,na,BANDUCCI,,PRIMARY
TEAMSWITCH,1,_28469E89-C613-4980-AD08-D7DBFDD743FC,CONDOR_TEAM,na,na,BANDUCCI,,PRIMARY
TEAMSWITCH,1,607211E:RCS0202,SHOPS_TEAM,na,na,CARDIFF,,PRIMARY
TEAMSWITCH,1,1511538E:RCS1064,SHOPS_TEAM,na,na,CARDIFF,,PRIMARY
TEAMSWITCH,1,4370199E:RCS0201,SHOPS_TEAM,na,na,CARDIFF,,PRIMARY
TEAMSWITCH,1,2349151E:RCS0658,SHOPS_TEAM,na,na,CARDIFF,,PRIMARY
TEAMSWITCH,1,5000355:RCS2045-4,SHOPS_TEAM,na,na,CARDIFF,,PRIMARY
TEAMSWITCH,1,_B5A0E4B1-A10C-44A0-BE0A-B7EE9B5140B7,SHOPS_TEAM,na,na,CARDIFF,,PRIMARY
TEAMSWITCH,1,4531675E:RCS1508,AMAZON_TEAM,na,na,RIO HONDO,,PRIMARY
TEAMSWITCH,1,4907114E:RCS0120,AMAZON_TEAM,na,na,RIO HONDO,,PRIMARY
TEAMSWITCH,1,_D86BC552-8AA5-4A07-9CCD-A4335649E6BD,AMAZON_TEAM,na,na,RIO HONDO,,PRIMARY
TEAMSWITCH,1,1222651E:RAR0695,FAIRMONT_TEAM,na,na,DEL SUR,,PRIMARY
TEAMSWITCH,1,1222756E:RSR0703,FAIRMONT_TEAM,na,na,DEL SUR,,PRIMARY
TEAMSWITCH,1,_47172B31-B5E0-4EDE-AA36-E189CA1D2517,FAIRMONT_TEAM,na,na,DEL SUR,,PRIMARY
TEAMSWITCH,1,2080542E:RAR0073,MERIDIAN_TEAM,na,na,ANITA,,PRIMARY
TEAMSWITCH,1,1068462E:RCS0022,MERIDIAN_TEAM,na,na,ANITA,,PRIMARY
TEAMSWITCH,1,701931E:RCS1773,MERIDIAN_TEAM,na,na,ANITA,,PRIMARY
TEAMSWITCH,1,4842892E:RCS1103,MERIDIAN_TEAM,na,na,ANITA,,PRIMARY
TEAMSWITCH,1,1068464E:RCS0135,MERIDIAN_TEAM,na,na,ANITA,,PRIMARY
TEAMSWITCH,1,1634365E:RSR1526,MERIDIAN_TEAM,na,na,ANITA,,PRIMARY
TEAMSWITCH,1,_2355DDFE-B2F8-4494-8F0E-880C115135F5,MERIDIAN_TEAM,na,na,ANITA,,PRIMARY
TEAMSWITCH,1,4541892E:RCS3585,WAUKENA_TEAM,na,na,OCTOL,,PRIMARY
TEAMSWITCH,1,4629413E:RCS3452,WAUKENA_TEAM,na,na,OCTOL,,PRIMARY
TEAMSWITCH,1,637504E:RCS1450,WAUKENA_TEAM,na,na,OCTOL,,PRIMARY
TEAMSWITCH,1,_DDC77D5F-DB64-4948-B3B8-D1C9FA97FF19,WAUKENA_TEAM,na,na,OCTOL,,PRIMARY
TEAMSWITCH,1,1686236E:RCS1426,BARRATT_TEAM,na,na,MAXWELL,,PRIMARY
TEAMSWITCH,1,5359252:RCS1794-1,BARRATT_TEAM,na,na,MAXWELL,,PRIMARY
TEAMSWITCH,1,5177197:RCS1011-4,BARRATT_TEAM,na,na,MAXWELL,,PRIMARY
TEAMSWITCH,1,5721435:RCS1034-4_CS,BARRATT_TEAM,na,na,MAXWELL,,PRIMARY
TEAMSWITCH,1,5311870:RCS7847-1,BARRATT_TEAM,na,na,MAXWELL,,PRIMARY
TEAMSWITCH,1,1686232E:RSR1906,BARRATT_TEAM,na,na,MAXWELL,,PRIMARY
TEAMSWITCH,1,_0C8A935C-3C07-429C-946E-9C737D142582,BARRATT_TEAM,na,na,MAXWELL,,PRIMARY
TEAMSWITCH,1,_E130683D-6295-4D76-BF74-4FAA855F2FCE,OCCIDENTAL_TEAM,na,na,LA FRESA,,PRIMARY
TEAMSWITCH,1,_DDCECCC6-0513-47A7-9707-C061C53F617A,OCCIDENTAL_TEAM,na,na,LA FRESA,,PRIMARY
TEAMSWITCH,1,4311929E:RAR7204,PICK_TEAM,na,na,ACTON,,PRIMARY
TEAMSWITCH,1,1775029E:RAR7157,PICK_TEAM,na,na,ACTON,,PRIMARY
TEAMSWITCH,1,1986718E:RAR0035,PICK_TEAM,na,na,ACTON,,PRIMARY
TEAMSWITCH,1,4615593E:RCS0851,PICK_TEAM,na,na,ACTON,,PRIMARY
TEAMSWITCH,1,4313281E:RCS2170,PICK_TEAM,na,na,ACTON,,PRIMARY
TEAMSWITCH,1,4244806E:RCS2190,PICK_TEAM,na,na,ACTON,,PRIMARY
TEAMSWITCH,1,1983933E:RCS0037,PICK_TEAM,na,na,ACTON,,PRIMARY
TEAMSWITCH,1,_C53D8BE3-0C2F-4AEA-8062-FC6CC2DA3102,PICK_TEAM,na,na,ACTON,,PRIMARY
TEAMSWITCH,1,5045691:RCS0062-3,CHEMICAL_TEAM,na,na,SEPULVEDA,,PRIMARY
TEAMSWITCH,1,5045690:RCS0717-2,CHEMICAL_TEAM,na,na,SEPULVEDA,,PRIMARY
TEAMSWITCH,1,_1F058773-63BB-4977-83F7-0BFD7AB65E54,CHEMICAL_TEAM,na,na,SEPULVEDA,,PRIMARY
TEAMSWITCH,1,1377345E:RCS0263,SILO_TEAM,na,na,GENAMIC,,PRIMARY
TEAMSWITCH,1,5368976:RCS4432-2,SILO_TEAM,na,na,GENAMIC,,PRIMARY
TEAMSWITCH,1,1986181E:RCS2294,SILO_TEAM,na,na,GENAMIC,,PRIMARY
TEAMSWITCH,1,_4B602A42-1E01-45F0-8B8C-24E7295E5149,SILO_TEAM,na,na,GENAMIC,,PRIMARY
TEAMSWITCH,1,1769366E:RAR1155,CALIENTE_TEAM,na,na,CUMMINGS,,PRIMARY
TEAMSWITCH,1,734690E:RAR1070,CALIENTE_TEAM,na,na,CUMMINGS,,PRIMARY
TEAMSWITCH,1,1490736E:RCS5542,CALIENTE_TEAM,na,na,CUMMINGS,,PRIMARY
TEAMSWITCH,1,2208122E:RCS5541,CALIENTE_TEAM,na,na,CUMMINGS,,PRIMARY
TEAMSWITCH,1,4834721E:RCS7586,CALIENTE_TEAM,na,na,CUMMINGS,,PRIMARY
TEAMSWITCH,1,4724250E:RCS5537,CALIENTE_TEAM,na,na,CUMMINGS,,PRIMARY
TEAMSWITCH,1,4791765E:RCS5238,CALIENTE_TEAM,na,na,CUMMINGS,,PRIMARY
TEAMSWITCH,1,4975806E:RCS7587,CALIENTE_TEAM,na,na,CUMMINGS,,PRIMARY
TEAMSWITCH,1,_68727D7E-37F0-45E3-B8BA-0F9F574FBD59,CALIENTE_TEAM,na,na,CUMMINGS,,PRIMARY
TEAMSWITCH,1,1248725E:RAR0071,CALGROVE_TEAM,na,na,NEWHALL,,PRIMARY
TEAMSWITCH,1,1774947E:RCS0464,CALGROVE_TEAM,na,na,NEWHALL,,PRIMARY
TEAMSWITCH,1,2320432E:RCS0570,CALGROVE_TEAM,na,na,NEWHALL,,PRIMARY
TEAMSWITCH,1,2335010E:RCS0576,CALGROVE_TEAM,na,na,NEWHALL,,PRIMARY
TEAMSWITCH,1,1937244E:RCS0135,CALGROVE_TEAM,na,na,NEWHALL,,PRIMARY
TEAMSWITCH,1,4236160E:RCS3916,CALGROVE_TEAM,na,na,NEWHALL,,PRIMARY
TEAMSWITCH,1,1671957E:RCS0219,CALGROVE_TEAM,na,na,NEWHALL,,PRIMARY
TEAMSWITCH,1,1693555E:RCS0378,CALGROVE_TEAM,na,na,NEWHALL,,PRIMARY
TEAMSWITCH,1,5333783:RCS3783-1,CALGROVE_TEAM,na,na,NEWHALL,,PRIMARY
TEAMSWITCH,1,5726552:RCS6552-2_CS,CALGROVE_TEAM,na,na,NEWHALL,,PRIMARY
TEAMSWITCH,1,1997487E:RCS0072,CALGROVE_TEAM,na,na,NEWHALL,,PRIMARY
TEAMSWITCH,1,5773371:RCS5069-3_CS,CALGROVE_TEAM,na,na,NEWHALL,,PRIMARY
TEAMSWITCH,1,5726552:RCS6552-3_CS,CALGROVE_TEAM,na,na,NEWHALL,,PRIMARY
TEAMSWITCH,1,5305217:RCS5217-4_CS,CALGROVE_TEAM,na,na,NEWHALL,,PRIMARY
TEAMSWITCH,1,5038905E:RSR0225,CALGROVE_TEAM,na,na,NEWHALL,,PRIMARY
TEAMSWITCH,1,_66B2A6EE-03DA-4E51-BF2A-022344C33E8E,CALGROVE_TEAM,na,na,NEWHALL,,PRIMARY
TEAMSWITCH,1,4553340E:RAR0810,CHEVELLE_TEAM,na,na,FALCON RIDGE,,PRIMARY
TEAMSWITCH,1,1448354E:RCS0557,CHEVELLE_TEAM,na,na,FALCON RIDGE,,PRIMARY
TEAMSWITCH,1,4013709E:RCS0646,CHEVELLE_TEAM,na,na,FALCON RIDGE,,PRIMARY
TEAMSWITCH,1,5583188:RCS5483-4,CHEVELLE_TEAM,na,na,FALCON RIDGE,,PRIMARY
TEAMSWITCH,1,4606277E:RCS0812,CHEVELLE_TEAM,na,na,FALCON RIDGE,,PRIMARY
TEAMSWITCH,1,4004546E:RCS2132,CHEVELLE_TEAM,na,na,FALCON RIDGE,,PRIMARY
TEAMSWITCH,1,5583272:RCS5440-1,CHEVELLE_TEAM,na,na,FALCON RIDGE,,PRIMARY
TEAMSWITCH,1,_E8F0A1BE-FEFD-466E-8A54-A6A47BA1E965,CHEVELLE_TEAM,na,na,FALCON RIDGE,,PRIMARY
TEAMSWITCH,1,688012E:RAR3133,CLUB OAKS_TEAM,na,na,CARDIFF,,PRIMARY
TEAMSWITCH,1,4331550E:RCS0840,CLUB OAKS_TEAM,na,na,CARDIFF,,PRIMARY
TEAMSWITCH,1,387356E:RCS0830,CLUB OAKS_TEAM,na,na,CARDIFF,,PRIMARY
TEAMSWITCH,1,_0B42E7B1-8989-4D4A-950E-373A8E5AAA88,CLUB OAKS_TEAM,na,na,CARDIFF,,PRIMARY
TEAMSWITCH,1,795817E:RCS1077,DAROCA_TEAM,na,na,AMADOR,,PRIMARY
TEAMSWITCH,1,795812E:RCS1529,DAROCA_TEAM,na,na,AMADOR,,PRIMARY
TEAMSWITCH,1,795833E:RCS1931,DAROCA_TEAM,na,na,AMADOR,,PRIMARY
TEAMSWITCH,1,5308042:RCS1196-4,DAROCA_TEAM,na,na,AMADOR,,PRIMARY
TEAMSWITCH,1,_2F67FF27-93A7-4DFE-B58F-53BF5046C86E,DAROCA_TEAM,na,na,AMADOR,,PRIMARY
TEAMSWITCH,1,4788377E:RCS3411,JOT_TEAM,na,na,DELANO,,PRIMARY
TEAMSWITCH,1,1342612E:RCS1216,JOT_TEAM,na,na,DELANO,,PRIMARY
TEAMSWITCH,1,773389E:RCS1751,JOT_TEAM,na,na,DELANO,,PRIMARY
TEAMSWITCH,1,4477262E:RCS3909,JOT_TEAM,na,na,DELANO,,PRIMARY
TEAMSWITCH,1,5554051:RCS2715-4,JOT_TEAM,na,na,DELANO,,PRIMARY
TEAMSWITCH,1,818692E:RSR0835,JOT_TEAM,na,na,DELANO,,PRIMARY
TEAMSWITCH,1,_3A1B5881-FC5F-4A72-8CE8-E46883B4B1B7,JOT_TEAM,na,na,DELANO,,PRIMARY
TEAMSWITCH,1,1661816E:RCS1526,ANGELES_TEAM,na,na,GOULD,,PRIMARY
TEAMSWITCH,1,1661941E:RCS0581,ANGELES_TEAM,na,na,GOULD,,PRIMARY
TEAMSWITCH,1,4843752E:RCS2046,ANGELES_TEAM,na,na,GOULD,,PRIMARY
TEAMSWITCH,1,4714723E:RCS1947,ANGELES_TEAM,na,na,GOULD,,PRIMARY
TEAMSWITCH,1,_AA9645C5-44D9-4AF8-8E74-D330CA75E344,ANGELES_TEAM,na,na,GOULD,,PRIMARY
TEAMSWITCH,1,_8F3A9EFC-1140-408C-B0ED-2E59F1CA6D50,BENEDICT_TEAM,na,na,BEVERLY,,PRIMARY
TEAMSWITCH,1,_DBA19FC4-581C-4DF8-8AB8-46C59D3ED74E,COURTLAND_TEAM,na,na,MARINE,,PRIMARY
TEAMSWITCH,1,1495941E:RCS0310,SANDRA_TEAM,na,na,FELTON,,PRIMARY
TEAMSWITCH,1,1460125E:RCS0027,SANDRA_TEAM,na,na,FELTON,,PRIMARY
TEAMSWITCH,1,4899750E:RSR6787,SANDRA_TEAM,na,na,FELTON,,PRIMARY
TEAMSWITCH,1,387571E:RSR1353,SANDRA_TEAM,na,na,FELTON,,PRIMARY
TEAMSWITCH,1,_10821469-B093-4A5C-8C69-C4643FE09678,SANDRA_TEAM,na,na,FELTON,,PRIMARY
TEAMSWITCH,1,4221996E:RCS0400,WAHLSTROM_TEAM,na,na,RANDALL,,PRIMARY
TEAMSWITCH,1,4586531E:RCS0264,WAHLSTROM_TEAM,na,na,RANDALL,,PRIMARY
TEAMSWITCH,1,4222017E:RSR6223,WAHLSTROM_TEAM,na,na,RANDALL,,PRIMARY
TEAMSWITCH,1,_E7087A9B-503F-48C3-8980-0055F94C0DE5,WAHLSTROM_TEAM,na,na,RANDALL,,PRIMARY
TEAMSWITCH,1,1734849E:RAR0056,MONTREAL_TEAM,na,na,CANADIAN,,PRIMARY
TEAMSWITCH,1,1885231E:RAR2078,MONTREAL_TEAM,na,na,CANADIAN,,PRIMARY
TEAMSWITCH,1,4003761E:RCS0540,MONTREAL_TEAM,na,na,CANADIAN,,PRIMARY
TEAMSWITCH,1,5326988:RCS4413-1,MONTREAL_TEAM,na,na,CANADIAN,,PRIMARY
TEAMSWITCH,1,5326991:RCS2120-4,MONTREAL_TEAM,na,na,CANADIAN,,PRIMARY
TEAMSWITCH,1,5326991:RCS2120-2,MONTREAL_TEAM,na,na,CANADIAN,,PRIMARY
TEAMSWITCH,1,1562005E:RSR2079,MONTREAL_TEAM,na,na,CANADIAN,,PRIMARY
TEAMSWITCH,1,5326988:RCS4411-1,MONTREAL_TEAM,na,na,CANADIAN,,PRIMARY
TEAMSWITCH,1,5130452:RCS4133-4,NELSON_TEAM,na,na,VICTORIA,,PRIMARY
TEAMSWITCH,1,5650790:RCS6686-1_CS,NELSON_TEAM,na,na,VICTORIA,,PRIMARY
TEAMSWITCH,1,1485554E:RSR1048,NELSON_TEAM,na,na,VICTORIA,,PRIMARY
TEAMSWITCH,1,1726320E:RSR1494,NELSON_TEAM,na,na,VICTORIA,,PRIMARY
TEAMSWITCH,1,1459595E:RSR1493,NELSON_TEAM,na,na,VICTORIA,,PRIMARY
TEAMSWITCH,1,1579005E:RSR0430,NELSON_TEAM,na,na,VICTORIA,,PRIMARY
TEAMSWITCH,1,_D2C851A7-6061-4061-8D14-8E51A8FC50E1,NELSON_TEAM,na,na,VICTORIA,,PRIMARY
TEAMSWITCH,1,967308E:RCS0411,NORTHSIDE_TEAM,na,na,OCEAN PARK,,PRIMARY
TEAMSWITCH,1,_6C6EC9E5-6B17-4267-AB64-403372812705,NORTHSIDE_TEAM,na,na,OCEAN PARK,,PRIMARY
TEAMSWITCH,1,4901341E:RAR0126,ACALA_TEAM,na,na,PIXLEY,,PRIMARY
TEAMSWITCH,1,1209054E:RCS0016,ACALA_TEAM,na,na,PIXLEY,,PRIMARY
TEAMSWITCH,1,598331E:RCS1470,ACALA_TEAM,na,na,PIXLEY,,PRIMARY
TEAMSWITCH,1,1965962E:RCS1637,ACALA_TEAM,na,na,PIXLEY,,PRIMARY
TEAMSWITCH,1,697596E:RCS1768,ACALA_TEAM,na,na,PIXLEY,,PRIMARY
TEAMSWITCH,1,4677120E:RCS4108,ACALA_TEAM,na,na,PIXLEY,,PRIMARY
TEAMSWITCH,1,_6286B9C6-DF0F-485E-B35B-82A3B42B2F20,ACALA_TEAM,na,na,PIXLEY,,PRIMARY
TEAMSWITCH,1,1863666E:RCS0729,HIGHWAY_TEAM,na,na,SATICOY,,PRIMARY
TEAMSWITCH,1,5197596:RCS3885-4,HIGHWAY_TEAM,na,na,SATICOY,,PRIMARY
TEAMSWITCH,1,4539546E:RCS3025,HIGHWAY_TEAM,na,na,SATICOY,,PRIMARY
TEAMSWITCH,1,1921097E:RSR0143,HIGHWAY_TEAM,na,na,SATICOY,,PRIMARY
TEAMSWITCH,1,_8E604032-1231-4017-A22E-BC8FD38D3778,HIGHWAY_TEAM,na,na,SATICOY,,PRIMARY
TEAMSWITCH,1,7052:BARWICK P.T.-L1,BARWICK_TEAM,na,na,BARWICK PT,,PRIMARY
TEAMSWITCH,1,7052:BARWICK P.T.-H1,BARWICK_TEAM,na,na,BARWICK PT,,PRIMARY
TEAMSWITCH,1,_300DCDDC-94DA-42E2-A8B7-3885E8BB049C,WISTARIA_TEAM,na,na,ANITA,,PRIMARY
TEAMSWITCH,1,1669492E:RAR2103,JEEP_TEAM,na,na,ARROWHEAD,,PRIMARY
TEAMSWITCH,1,1933743E:RAR0355,JEEP_TEAM,na,na,ARROWHEAD,,PRIMARY
TEAMSWITCH,1,1933567E:RCS0586,JEEP_TEAM,na,na,ARROWHEAD,,PRIMARY
TEAMSWITCH,1,1513752E:RCS0607,JEEP_TEAM,na,na,ARROWHEAD,,PRIMARY
TEAMSWITCH,1,1513767E:RCS0547,JEEP_TEAM,na,na,ARROWHEAD,,PRIMARY
TEAMSWITCH,1,1649673E:RCS0522,JEEP_TEAM,na,na,ARROWHEAD,,PRIMARY
TEAMSWITCH,1,1513872E:RSR0427,JEEP_TEAM,na,na,ARROWHEAD,,PRIMARY
TEAMSWITCH,1,_C0535EB1-6F7C-4B3E-9FC7-8D93220751C1,JEEP_TEAM,na,na,ARROWHEAD,,PRIMARY
TEAMSWITCH,1,4167923E:RCS1251,WINARK_TEAM,na,na,DALTON,,PRIMARY
TEAMSWITCH,1,5333170:RCS0391-4,WINARK_TEAM,na,na,DALTON,,PRIMARY
TEAMSWITCH,1,_DB37FF49-C196-41F9-9BDB-B462B26B866D,WINARK_TEAM,na,na,DALTON,,PRIMARY
TEAMSWITCH,1,4019197E:RCS3089,LUGONIA_TEAM,na,na,REDLANDS,,PRIMARY
TEAMSWITCH,1,_0A52AEA4-2BE9-4685-9975-ADA20456571D,LUGONIA_TEAM,na,na,REDLANDS,,PRIMARY
TEAMSWITCH,1,4135874E:RCS0859,FARGO_TEAM,na,na,HESPERIA,,PRIMARY
TEAMSWITCH,1,_C76249DF-E885-435D-8D53-2D6E4D22118F,FARGO_TEAM,na,na,HESPERIA,,PRIMARY
TEAMSWITCH,1,_73A3C908-4D39-4F21-9051-012EAAA182A7,VACUUM_TEAM,na,na,MOBILOIL,,PRIMARY
TEAMSWITCH,1,_71EDA242-DCF8-46DF-8B12-E17BAE51FACC,PENGUIN_TEAM,na,na,EL NIDO,,PRIMARY
TEAMSWITCH,1,_FE4F4D3E-5049-4DB2-A96C-307ECB61D84D,PENGUIN_TEAM,na,na,EL NIDO,,PRIMARY
TEAMSWITCH,1,_B98941BE-3E2B-4524-BA13-88F1351CEC7A,CATALINA_TEAM,na,na,REDONDO,,PRIMARY
TEAMSWITCH,1,1652143E:RCS0177,COLLEEN_TEAM,na,na,RANDALL,,PRIMARY
TEAMSWITCH,1,1448308E:RCS0170,COLLEEN_TEAM,na,na,RANDALL,,PRIMARY
TEAMSWITCH,1,1371527E:RCS2456,COLLEEN_TEAM,na,na,RANDALL,,PRIMARY
TEAMSWITCH,1,1296356E:RCS2389,COLLEEN_TEAM,na,na,RANDALL,,PRIMARY
TEAMSWITCH,1,1225355E:RSR0166,COLLEEN_TEAM,na,na,RANDALL,,PRIMARY
TEAMSWITCH,1,_54FB5A28-9282-4113-A7F7-04B4A526E77A,COLLEEN_TEAM,na,na,RANDALL,,PRIMARY
TEAMSWITCH,1,_8B986277-4C74-4652-AEFF-43DA60DD8B97,ROSEWOOD_TEAM,na,na,RIALTO,,PRIMARY
TEAMSWITCH,1,5381305:RCS0156-1,JANSS_TEAM,na,na,MOORPARK,,PRIMARY
TEAMSWITCH,1,5188917:RCS4029-1,JANSS_TEAM,na,na,MOORPARK,,PRIMARY
TEAMSWITCH,1,5190671:RCS0871-1,JANSS_TEAM,na,na,MOORPARK,,PRIMARY
TEAMSWITCH,1,5190671:RCS0871-4,JANSS_TEAM,na,na,MOORPARK,,PRIMARY
TEAMSWITCH,1,5313821:RCS1183-2,JANSS_TEAM,na,na,MOORPARK,,PRIMARY
TEAMSWITCH,1,5634336:RCS1525-4_CS,JANSS_TEAM,na,na,MOORPARK,,PRIMARY
TEAMSWITCH,1,5190245:RCS0809-3_CS,JANSS_TEAM,na,na,MOORPARK,,PRIMARY
TEAMSWITCH,1,5311352:RCS5815-2_CS,JANSS_TEAM,na,na,MOORPARK,,PRIMARY
TEAMSWITCH,1,_9C6A6B66-0869-419A-9677-30A79BFD01C6,JANSS_TEAM,na,na,MOORPARK,,PRIMARY
TEAMSWITCH,1,5525637:RCSG637-4,GREENHOUSE_TEAM,na,na,ESTERO,,PRIMARY
TEAMSWITCH,1,_69B315CA-02EE-495E-8012-7886311AC6AE,GREENHOUSE_TEAM,na,na,ESTERO,,PRIMARY
TEAMSWITCH,1,1856849E:RCS0257,WHITECLIFF_TEAM,na,na,THOUSAND OAKS,,PRIMARY
TEAMSWITCH,1,5371693:RCS0153-2,WHITECLIFF_TEAM,na,na,THOUSAND OAKS,,PRIMARY
TEAMSWITCH,1,5627700:RCS1051-3,WHITECLIFF_TEAM,na,na,THOUSAND OAKS,,PRIMARY
TEAMSWITCH,1,5025045:RCS0091-1,WHITECLIFF_TEAM,na,na,THOUSAND OAKS,,PRIMARY
TEAMSWITCH,1,5024915:RCS0582-4,WHITECLIFF_TEAM,na,na,THOUSAND OAKS,,PRIMARY
TEAMSWITCH,1,4438879E:RCS5902,WHITECLIFF_TEAM,na,na,THOUSAND OAKS,,PRIMARY
TEAMSWITCH,1,5773215:RCS5930-4,WHITECLIFF_TEAM,na,na,THOUSAND OAKS,,PRIMARY
TEAMSWITCH,1,5025046:RCS5414-3_CS,WHITECLIFF_TEAM,na,na,THOUSAND OAKS,,PRIMARY
TEAMSWITCH,1,5025769:RCS4205-1,WHITECLIFF_TEAM,na,na,THOUSAND OAKS,,PRIMARY
TEAMSWITCH,1,1514985E:RAR2119,CLEMSON_TEAM,na,na,SOMIS,,PRIMARY
TEAMSWITCH,1,4485647E:RCS2168,CLEMSON_TEAM,na,na,SOMIS,,PRIMARY
TEAMSWITCH,1,1621221E:RSR2247,CLEMSON_TEAM,na,na,SOMIS,,PRIMARY
TEAMSWITCH,1,_D158DF52-9432-46C0-90DE-3C6F34DDDD58,CLEMSON_TEAM,na,na,SOMIS,,PRIMARY
TEAMSWITCH,1,_0683A330-2462-4E48-BF8D-3E8F5F9D3280,CLEMSON_TEAM,na,na,SOMIS,,PRIMARY
TEAMSWITCH,1,4874343E:RCS0036,PENTHOUSE_TEAM,na,na,BRIGHTON,,PRIMARY
TEAMSWITCH,1,2244658E:RCS0663,PENTHOUSE_TEAM,na,na,BRIGHTON,,PRIMARY
TEAMSWITCH,1,1836403E:RCS0094,PENTHOUSE_TEAM,na,na,BRIGHTON,,PRIMARY
TEAMSWITCH,1,1639594E:RSR0437,PENTHOUSE_TEAM,na,na,BRIGHTON,,PRIMARY
TEAMSWITCH,1,1158924E:RSR0540,PENTHOUSE_TEAM,na,na,BRIGHTON,,PRIMARY
TEAMSWITCH,1,_A0AF6B6F-630E-4C3E-B448-EC3144297557,PENTHOUSE_TEAM,na,na,BRIGHTON,,PRIMARY
TEAMSWITCH,1,2140531E:RCS0037,FAIRHAVEN_TEAM,na,na,INGLEWOOD,,PRIMARY
TEAMSWITCH,1,5047921:RCS0417-3,FAIRHAVEN_TEAM,na,na,INGLEWOOD,,PRIMARY
TEAMSWITCH,1,5053404:RCS0479-3_CS,FAIRHAVEN_TEAM,na,na,INGLEWOOD,,PRIMARY
TEAMSWITCH,1,5652085:RCS0379-2_CS,FAIRHAVEN_TEAM,na,na,INGLEWOOD,,PRIMARY
TEAMSWITCH,1,2175187E:RSR0010,FAIRHAVEN_TEAM,na,na,INGLEWOOD,,PRIMARY
TEAMSWITCH,1,1195333E:RSR0060,FAIRHAVEN_TEAM,na,na,INGLEWOOD,,PRIMARY
TEAMSWITCH,1,_E6204548-3DAF-4D66-A5F1-1842BDB29D9A,FAIRHAVEN_TEAM,na,na,INGLEWOOD,,PRIMARY
TEAMSWITCH,1,7958:CANALINO P.T.-L1,CANALINO_TEAM,na,na,CANALINO PT,,PRIMARY
TEAMSWITCH,1,7958:CANALINO P.T.-H1,CANALINO_TEAM,na,na,CANALINO PT,,PRIMARY
TEAMSWITCH,1,4785358E:RCS0015,RUGGLES_TEAM,na,na,SMILEY,,PRIMARY
TEAMSWITCH,1,4381145E:RCS0895,RUGGLES_TEAM,na,na,SMILEY,,PRIMARY
TEAMSWITCH,1,_5D469C5B-C706-4B91-91B6-B4FCDBE8F22A,RUGGLES_TEAM,na,na,SMILEY,,PRIMARY
TEAMSWITCH,1,4429589E:RCS0218,SOLEDAD_TEAM,na,na,REPETTO,,PRIMARY
TEAMSWITCH,1,5311229:RCS1498-1,SOLEDAD_TEAM,na,na,REPETTO,,PRIMARY
TEAMSWITCH,1,_587757B8-B57F-4C75-9507-7FDDB6A14DF2,SOLEDAD_TEAM,na,na,REPETTO,,PRIMARY
TEAMSWITCH,1,_C34EC33E-F8C5-4138-B9B6-DC1A0D8C6989,SOLEDAD_TEAM,na,na,REPETTO,,PRIMARY
TEAMSWITCH,1,1947630E:RAR0654,RYE_TEAM,na,na,SIXTEENTH STREET,,PRIMARY
TEAMSWITCH,1,4773625E:RCS0606,RYE_TEAM,na,na,SIXTEENTH STREET,,PRIMARY
TEAMSWITCH,1,4679090E:RCS0393,RYE_TEAM,na,na,SIXTEENTH STREET,,PRIMARY
TEAMSWITCH,1,1811572E:RCS0667,RYE_TEAM,na,na,SIXTEENTH STREET,,PRIMARY
TEAMSWITCH,1,_7646F5F4-A4C3-4C82-95B4-793DBAB35402,RYE_TEAM,na,na,SIXTEENTH STREET,,PRIMARY
TEAMSWITCH,1,5655889:RCSG251-4,GUIDANCE_TEAM,na,na,GENAMIC,,PRIMARY
TEAMSWITCH,1,_03A8C0EE-1321-4316-9B2A-0CDE6B212383,GUIDANCE_TEAM,na,na,GENAMIC,,PRIMARY
TEAMSWITCH,1,_79165998-BC27-4D3B-9A97-F192F9651C5C,ROSEMARY_TEAM,na,na,PERRY,,PRIMARY
TEAMSWITCH,1,4875591E:RAR3952,HATFIELD_TEAM,na,na,PORTERVILLE,,PRIMARY
TEAMSWITCH,1,4875592E:RAR3953,HATFIELD_TEAM,na,na,PORTERVILLE,,PRIMARY
TEAMSWITCH,1,1813313E:RCS0652,HATFIELD_TEAM,na,na,PORTERVILLE,,PRIMARY
TEAMSWITCH,1,886002E:RCS1696,HATFIELD_TEAM,na,na,PORTERVILLE,,PRIMARY
TEAMSWITCH,1,4541612E:RCS2681,HATFIELD_TEAM,na,na,PORTERVILLE,,PRIMARY
TEAMSWITCH,1,5541467:RCS2738-1,HATFIELD_TEAM,na,na,PORTERVILLE,,PRIMARY
TEAMSWITCH,1,_10A1E72B-AF7F-41DE-B1F1-9BCE6644C015,HATFIELD_TEAM,na,na,PORTERVILLE,,PRIMARY
TEAMSWITCH,1,_D3695BB1-774D-4A1B-B608-772CBCBD9B92,SHOUP_TEAM,na,na,LAWNDALE,,PRIMARY
TEAMSWITCH,1,_866EFE76-DB1D-4323-B926-322B45986822,SUNNY VISTA_TEAM,na,na,VICTOR,,PRIMARY
TEAMSWITCH,1,4843198E:RAR1380,SPINNING_TEAM,na,na,LENNOX,,PRIMARY
TEAMSWITCH,1,_25CEECF4-B9D4-4A5F-8CA7-9E1D45FFC4BF,SPINNING_TEAM,na,na,LENNOX,,PRIMARY
TEAMSWITCH,1,5744097:RCSG097-3,TAWNA_TEAM,na,na,HELIJET,,PRIMARY
TEAMSWITCH,1,_BF2DE7D5-1DA2-42E9-91FB-87A312694219,TAWNA_TEAM,na,na,HELIJET,,PRIMARY
TEAMSWITCH,1,_2023527E-A4DE-490B-BA66-237E327FC09C,TAWNA_TEAM,na,na,HELIJET,,PRIMARY
TEAMSWITCH,1,1013362E:RCS1492,EXLINE_TEAM,na,na,AMADOR,,PRIMARY
TEAMSWITCH,1,1206715E:RCS1129,EXLINE_TEAM,na,na,AMADOR,,PRIMARY
TEAMSWITCH,1,1579748E:RSR1292,EXLINE_TEAM,na,na,AMADOR,,PRIMARY
TEAMSWITCH,1,4728066E:RSR2302,EXLINE_TEAM,na,na,AMADOR,,PRIMARY
TEAMSWITCH,1,_F22724FD-E2B7-4C6D-AD40-0180545AD4A5,EXLINE_TEAM,na,na,AMADOR,,PRIMARY
TEAMSWITCH,1,_62EA3E7C-88EE-40C1-B7D9-B55A128DCEAD,HASTINGS_TEAM,na,na,REDLANDS,,PRIMARY
TEAMSWITCH,1,5023858:RCS0175-1_CS,PAMPAS_TEAM,na,na,POTRERO,,PRIMARY
TEAMSWITCH,1,1647748E:RSR8861,PAMPAS_TEAM,na,na,POTRERO,,PRIMARY
TEAMSWITCH,1,_8074E168-CAD6-4713-AC0A-92AAF5E10FA1,PAMPAS_TEAM,na,na,POTRERO,,PRIMARY
TEAMSWITCH,1,827787E:RCS0194,DEARBORN_TEAM,na,na,REDLANDS,,PRIMARY
TEAMSWITCH,1,5000334:RCS1350-1,DEARBORN_TEAM,na,na,REDLANDS,,PRIMARY
TEAMSWITCH,1,_D428F5E6-3CE3-434B-8A61-B855EDF9E7CD,DEARBORN_TEAM,na,na,REDLANDS,,PRIMARY
TEAMSWITCH,1,4410557E:RAR1228,OSNER_TEAM,na,na,DELANO,,PRIMARY
TEAMSWITCH,1,1663908E:RCS0372,OSNER_TEAM,na,na,DELANO,,PRIMARY
TEAMSWITCH,1,5492588:RCS2568-1,OSNER_TEAM,na,na,DELANO,,PRIMARY
TEAMSWITCH,1,629451E:RCS1909,OSNER_TEAM,na,na,DELANO,,PRIMARY
TEAMSWITCH,1,2241877E:RCS1325,OSNER_TEAM,na,na,DELANO,,PRIMARY
TEAMSWITCH,1,_0D557BA1-6CC8-4544-85D9-7CA1BE78C18A,OSNER_TEAM,na,na,DELANO,,PRIMARY
TEAMSWITCH,1,2185024E:RCS0534,LA PAZ_TEAM,na,na,VICTORVILLE,,PRIMARY
TEAMSWITCH,1,1591484E:RSR0007,LA PAZ_TEAM,na,na,VICTORVILLE,,PRIMARY
TEAMSWITCH,1,_A423846C-C4F2-44F5-91A3-EB248F55219E,LA PAZ_TEAM,na,na,VICTORVILLE,,PRIMARY
TEAMSWITCH,1,909308E:RCS0415,FRISBIE_TEAM,na,na,ALDER,,PRIMARY
TEAMSWITCH,1,2284270E:RCS0567,FRISBIE_TEAM,na,na,ALDER,,PRIMARY
TEAMSWITCH,1,2176309E:RCS0559,FRISBIE_TEAM,na,na,ALDER,,PRIMARY
TEAMSWITCH,1,4004121E:RCS5422,FRISBIE_TEAM,na,na,ALDER,,PRIMARY
TEAMSWITCH,1,5722942:RCS0113-3,FRISBIE_TEAM,na,na,ALDER,,PRIMARY
TEAMSWITCH,1,5573852:RCS0118-4_CS,FRISBIE_TEAM,na,na,ALDER,,PRIMARY
TEAMSWITCH,1,_D08CF498-2161-48A0-A997-115604082AAD,FRISBIE_TEAM,na,na,ALDER,,PRIMARY
TEAMSWITCH,1,5424771:RCS2181-2,MAGUA_TEAM,na,na,VICTOR,,PRIMARY
TEAMSWITCH,1,5573769:RCS3162-3_CS,MAGUA_TEAM,na,na,VICTOR,,PRIMARY
TEAMSWITCH,1,_A957F6D4-53D0-4003-BD9E-DA3648E7E7BD,MAGUA_TEAM,na,na,VICTOR,,PRIMARY
TEAMSWITCH,1,4458833E:RCS0221,ASTOR_TEAM,na,na,VICTOR,,PRIMARY
TEAMSWITCH,1,4590257E:RCS0299,ASTOR_TEAM,na,na,VICTOR,,PRIMARY
TEAMSWITCH,1,4606915E:RCS1699,ASTOR_TEAM,na,na,VICTOR,,PRIMARY
TEAMSWITCH,1,_8F61930E-6AC8-4726-BC91-1FF24AEA6834,ASTOR_TEAM,na,na,VICTOR,,PRIMARY
TEAMSWITCH,1,74521S:RSR1856,RECHE_TEAM,na,na,MAXWELL,,PRIMARY
TEAMSWITCH,1,2203981E:RSR0148,RECHE_TEAM,na,na,MAXWELL,,PRIMARY
TEAMSWITCH,1,_3C829074-1D6B-4F62-81B7-42015ECAE4E0,RECHE_TEAM,na,na,MAXWELL,,PRIMARY
TEAMSWITCH,1,1335857E:RCS0650,DEBUG_TEAM,na,na,SANTA MONICA,,PRIMARY
TEAMSWITCH,1,4470329E:RCS0185,DEBUG_TEAM,na,na,SANTA MONICA,,PRIMARY
TEAMSWITCH,1,5039515:RCS1058-1,DEBUG_TEAM,na,na,SANTA MONICA,,PRIMARY
TEAMSWITCH,1,5040205:RCS0971-1,DEBUG_TEAM,na,na,SANTA MONICA,,PRIMARY
TEAMSWITCH,1,_E9062520-1702-4C11-972E-FB5086CE7548,DEBUG_TEAM,na,na,SANTA MONICA,,PRIMARY
TEAMSWITCH,1,_BA5ED0E6-3AFB-4AD0-A817-516694A9D5B2,DEBUG_TEAM,na,na,SANTA MONICA,,PRIMARY
TEAMSWITCH,1,894123E:RCS2078,PRATT_TEAM,na,na,WOODVILLE,,PRIMARY
TEAMSWITCH,1,894103E:RCS2569,PRATT_TEAM,na,na,WOODVILLE,,PRIMARY
TEAMSWITCH,1,635073E:RSR0405,PRATT_TEAM,na,na,WOODVILLE,,PRIMARY
TEAMSWITCH,1,_B9EB68FE-B521-4779-AB68-EF2FE9DE196F,PRATT_TEAM,na,na,WOODVILLE,,PRIMARY
TEAMSWITCH,1,4202818E:RCS0785,BARNES_TEAM,na,na,DEL SUR,,PRIMARY
TEAMSWITCH,1,4796866E:RCS0784,BARNES_TEAM,na,na,DEL SUR,,PRIMARY
TEAMSWITCH,1,1355373E:RSR0821,BARNES_TEAM,na,na,DEL SUR,,PRIMARY
TEAMSWITCH,1,_12064922-41EF-49CC-ACA9-5BD56DFDD8CE,BARNES_TEAM,na,na,DEL SUR,,PRIMARY
TEAMSWITCH,1,4404895E:RCS0076,MACK_TEAM,na,na,ROADWAY,,PRIMARY
TEAMSWITCH,1,4832660E:RCS0167,MACK_TEAM,na,na,ROADWAY,,PRIMARY
TEAMSWITCH,1,_BD7E3417-1E7F-46F2-8F22-753903EDB949,MACK_TEAM,na,na,ROADWAY,,PRIMARY
TEAMSWITCH,1,4816417E:RAR4564,LOMBARD_TEAM,na,na,MOVIE,,PRIMARY
TEAMSWITCH,1,1979946E:RCS0425,LOMBARD_TEAM,na,na,MOVIE,,PRIMARY
TEAMSWITCH,1,5040097:RCS0624-4,LOMBARD_TEAM,na,na,MOVIE,,PRIMARY
TEAMSWITCH,1,1435924E:RSR0461,LOMBARD_TEAM,na,na,MOVIE,,PRIMARY
TEAMSWITCH,1,4624612E:RSR4491,LOMBARD_TEAM,na,na,MOVIE,,PRIMARY
TEAMSWITCH,1,4451499E:RSR4588,LOMBARD_TEAM,na,na,MOVIE,,PRIMARY
TEAMSWITCH,1,_569CF2FB-7D1E-4E8A-8C42-09F223DC2173,LOMBARD_TEAM,na,na,MOVIE,,PRIMARY
TEAMSWITCH,1,5024258:RCS4258-3,TOWNSGATE_TEAM,na,na,POTRERO,,PRIMARY
TEAMSWITCH,1,5023873:RCS0182-1_CS,TOWNSGATE_TEAM,na,na,POTRERO,,PRIMARY
TEAMSWITCH,1,_13555924-D4BF-409F-B6AD-8899D5CDC7C2,TOWNSGATE_TEAM,na,na,POTRERO,,PRIMARY
TEAMSWITCH,1,4318523E:RCS1678,MCFARLAND_TEAM,na,na,BROWNING,,PRIMARY
TEAMSWITCH,1,4193169E:RCS2368,MCFARLAND_TEAM,na,na,BROWNING,,PRIMARY
TEAMSWITCH,1,_3FCD827B-C7E8-4B3A-9892-28E30AABB0E4,MCFARLAND_TEAM,na,na,BROWNING,,PRIMARY
TEAMSWITCH,1,5458810:RCS8810-3,TIPS_TEAM,na,na,SAUGUS,,PRIMARY
TEAMSWITCH,1,5334361:RCS4361-1,TIPS_TEAM,na,na,SAUGUS,,PRIMARY
TEAMSWITCH,1,5334357:RCS4357-2,TIPS_TEAM,na,na,SAUGUS,,PRIMARY
TEAMSWITCH,1,5517865:RCS7865-2,TIPS_TEAM,na,na,SAUGUS,,PRIMARY
TEAMSWITCH,1,5334375:RCS4375-3_CS,TIPS_TEAM,na,na,SAUGUS,,PRIMARY
TEAMSWITCH,1,_3A58C406-5801-44F9-8366-4A6918A106A4,TIPS_TEAM,na,na,SAUGUS,,PRIMARY
TEAMSWITCH,1,225010E:RCS0747,PRESTON_TEAM,na,na,COLTON,,PRIMARY
TEAMSWITCH,1,225015E:RCS0021,PRESTON_TEAM,na,na,COLTON,,PRIMARY
TEAMSWITCH,1,4773619E:RSR0887,PRESTON_TEAM,na,na,COLTON,,PRIMARY
TEAMSWITCH,1,_35D258E0-5E93-423F-82FF-A76F248DD061,PRESTON_TEAM,na,na,COLTON,,PRIMARY
TEAMSWITCH,1,4825926E:RAR0533,MESA GRANDE_TEAM,na,na,YUCAIPA,,PRIMARY
TEAMSWITCH,1,824146E:RCS0741,MESA GRANDE_TEAM,na,na,YUCAIPA,,PRIMARY
TEAMSWITCH,1,4893270E:RCS1000,MESA GRANDE_TEAM,na,na,YUCAIPA,,PRIMARY
TEAMSWITCH,1,4201877E:RCS0235,MESA GRANDE_TEAM,na,na,YUCAIPA,,PRIMARY
TEAMSWITCH,1,4016216E:RSR1097,MESA GRANDE_TEAM,na,na,YUCAIPA,,PRIMARY
TEAMSWITCH,1,1511908E:RSR0415,MESA GRANDE_TEAM,na,na,YUCAIPA,,PRIMARY
TEAMSWITCH,1,1376283E:RSR0203,MESA GRANDE_TEAM,na,na,YUCAIPA,,PRIMARY
TEAMSWITCH,1,_882F38E4-AA56-406A-B233-581A3F0C3794,MESA GRANDE_TEAM,na,na,YUCAIPA,,PRIMARY
TEAMSWITCH,1,_22C1CDF9-1B18-483B-8AFB-76840CB75DA7,MESA GRANDE_TEAM,na,na,YUCAIPA,,PRIMARY
TEAMSWITCH,1,7842:TWENTY TWO ST P.T-L1,TWENTY TWO ST_TEAM,na,na,TWENTY TWO ST PT,,PRIMARY
TEAMSWITCH,1,7842:TWENTY TWO ST P.T-H1,TWENTY TWO ST_TEAM,na,na,TWENTY TWO ST PT,,PRIMARY
TEAMSWITCH,1,4576369E:RCS1973,ELEANOR_TEAM,na,na,LARK ELLEN,,PRIMARY
TEAMSWITCH,1,888579E:RCS0177,ELEANOR_TEAM,na,na,LARK ELLEN,,PRIMARY
TEAMSWITCH,1,4949072E:RSR8600,ELEANOR_TEAM,na,na,LARK ELLEN,,PRIMARY
TEAMSWITCH,1,_DF4D3132-1983-4013-9876-5AD6ADD5ABB8,ELEANOR_TEAM,na,na,LARK ELLEN,,PRIMARY
TEAMSWITCH,1,_A6DA6ACA-49EF-4DA4-BE19-2A26CEDBE889,COLUMBIA_TEAM,na,na,AMADOR,,PRIMARY
TEAMSWITCH,1,5520887:RCS2148-2,EAGLE RANCH_TEAM,na,na,VICTOR,,PRIMARY
TEAMSWITCH,1,5502269:RCS2145-3,EAGLE RANCH_TEAM,na,na,VICTOR,,PRIMARY
TEAMSWITCH,1,_194AC50C-69DE-42E7-A578-28BF91124E54,EAGLE RANCH_TEAM,na,na,VICTOR,,PRIMARY
TEAMSWITCH,1,1769986E:RAR2137,RAINBOW_TEAM,na,na,SOMIS,,PRIMARY
TEAMSWITCH,1,1096380E:RAR1941,RAINBOW_TEAM,na,na,SOMIS,,PRIMARY
TEAMSWITCH,1,877494E:RAR2139,RAINBOW_TEAM,na,na,SOMIS,,PRIMARY
TEAMSWITCH,1,1418990E:RCS1516,RAINBOW_TEAM,na,na,SOMIS,,PRIMARY
TEAMSWITCH,1,4495202E:RCS1736,RAINBOW_TEAM,na,na,SOMIS,,PRIMARY
TEAMSWITCH,1,1437808E:RSR1879,RAINBOW_TEAM,na,na,SOMIS,,PRIMARY
TEAMSWITCH,1,4556924E:RSR0430,RAINBOW_TEAM,na,na,SOMIS,,PRIMARY
TEAMSWITCH,1,4661274E:RSR0087,RAINBOW_TEAM,na,na,SOMIS,,PRIMARY
TEAMSWITCH,1,_18319D35-94FE-4AEC-A38D-A261B0A85A91,RAINBOW_TEAM,na,na,SOMIS,,PRIMARY
TEAMSWITCH,1,_37C6346B-1FCA-482A-8A86-DDBA996FA054,RAINBOW_TEAM,na,na,SOMIS,,PRIMARY
TEAMSWITCH,1,4867098E:RAR0921,BERKSHIRE_TEAM,na,na,ARROYO,,PRIMARY
TEAMSWITCH,1,179000E:RAR4207,BERKSHIRE_TEAM,na,na,ARROYO,,PRIMARY
TEAMSWITCH,1,4462811E:RCS0651,BERKSHIRE_TEAM,na,na,ARROYO,,PRIMARY
TEAMSWITCH,1,_8817943D-90B2-4875-AA89-3C92306C5581,BERKSHIRE_TEAM,na,na,ARROYO,,PRIMARY
TEAMSWITCH,1,937760E:RAR1466,BEAVER_TEAM,na,na,WHEATLAND,,PRIMARY
TEAMSWITCH,1,4672301E:RAR4022,BEAVER_TEAM,na,na,WHEATLAND,,PRIMARY
TEAMSWITCH,1,756688E:RAR0047,BEAVER_TEAM,na,na,WHEATLAND,,PRIMARY
TEAMSWITCH,1,4353856E:RSR0334,BEAVER_TEAM,na,na,WHEATLAND,,PRIMARY
TEAMSWITCH,1,_7470655D-872E-4BB3-BA9C-626150743076,BEAVER_TEAM,na,na,WHEATLAND,,PRIMARY
TEAMSWITCH,1,5039237:RCS0996-1,FANTAIL_TEAM,na,na,TAHITI,,PRIMARY
TEAMSWITCH,1,5039254:RCS0519-3,FANTAIL_TEAM,na,na,TAHITI,,PRIMARY
TEAMSWITCH,1,1882120E:RCS0625,FANTAIL_TEAM,na,na,TAHITI,,PRIMARY
TEAMSWITCH,1,5039232:RCS4652-2,FANTAIL_TEAM,na,na,TAHITI,,PRIMARY
TEAMSWITCH,1,_7625063D-9A15-4BD5-BECE-C51EE2ED3B56,FANTAIL_TEAM,na,na,TAHITI,,PRIMARY
TEAMSWITCH,1,_546C0662-7018-4CA6-8861-125AD0C53EFD,FANTAIL_TEAM,na,na,TAHITI,,PRIMARY
TEAMSWITCH,1,4579893E:RCS1059,AMBERSKY_TEAM,na,na,MARYMOUNT,,PRIMARY
TEAMSWITCH,1,5130048:RCS6128-1,AMBERSKY_TEAM,na,na,MARYMOUNT,,PRIMARY
TEAMSWITCH,1,5120618:RCS6112-1,AMBERSKY_TEAM,na,na,MARYMOUNT,,PRIMARY
TEAMSWITCH,1,5561034:RCS6495-3,AMBERSKY_TEAM,na,na,MARYMOUNT,,PRIMARY
TEAMSWITCH,1,_B49533BD-EECD-4CD9-ABC8-9BB83A6A1CBF,AMBERSKY_TEAM,na,na,MARYMOUNT,,PRIMARY
TEAMSWITCH,1,5306017:RCS6017-1,COPPERHEAD_TEAM,na,na,NORTH OAKS,,PRIMARY
TEAMSWITCH,1,5306019:RCS6019-5,COPPERHEAD_TEAM,na,na,NORTH OAKS,,PRIMARY
TEAMSWITCH,1,_28DC3B1A-DCAB-4946-8E03-7C4A1C1E3A59,COPPERHEAD_TEAM,na,na,NORTH OAKS,,PRIMARY
TEAMSWITCH,1,_F1284522-47A9-4C82-81FE-B0DF749D343A,REDGUM_TEAM,na,na,TORRANCE,,PRIMARY
TEAMSWITCH,1,4117943E:RCS0493,FARMS_TEAM,na,na,OASIS,,PRIMARY
TEAMSWITCH,1,2363774E:RCS0668,FARMS_TEAM,na,na,OASIS,,PRIMARY
TEAMSWITCH,1,4837929E:RCS0280,FARMS_TEAM,na,na,OASIS,,PRIMARY
TEAMSWITCH,1,2365208E:RCS0312,FARMS_TEAM,na,na,OASIS,,PRIMARY
TEAMSWITCH,1,4996703E:RSR0921,FARMS_TEAM,na,na,OASIS,,PRIMARY
TEAMSWITCH,1,_3A6314FB-0091-467A-9D0F-AA356E1FF9E0,FARMS_TEAM,na,na,OASIS,,PRIMARY
TEAMSWITCH,1,1131335E:RCS1679,ASTON_TEAM,na,na,NARROWS,,PRIMARY
TEAMSWITCH,1,2218768E:RCS0993,ASTON_TEAM,na,na,NARROWS,,PRIMARY
TEAMSWITCH,1,5631056:RCS1771-1,ASTON_TEAM,na,na,NARROWS,,PRIMARY
TEAMSWITCH,1,_8F1E52AF-6C5C-4DB2-80BB-7C8FFB733045,ASTON_TEAM,na,na,NARROWS,,PRIMARY
TEAMSWITCH,1,1826139E:RCS0282,ROITAN_TEAM,na,na,SHANDIN,,PRIMARY
TEAMSWITCH,1,4028482E:RCS2126,ROITAN_TEAM,na,na,SHANDIN,,PRIMARY
TEAMSWITCH,1,2067733E:RCS0349,ROITAN_TEAM,na,na,SHANDIN,,PRIMARY
TEAMSWITCH,1,4824373E:RSR1102,ROITAN_TEAM,na,na,SHANDIN,,PRIMARY
TEAMSWITCH,1,4593378E:RSR0518,ROITAN_TEAM,na,na,SHANDIN,,PRIMARY
TEAMSWITCH,1,1346565E:RSR2121,ROITAN_TEAM,na,na,SHANDIN,,PRIMARY
TEAMSWITCH,1,202039S:RSR0918,ROITAN_TEAM,na,na,SHANDIN,,PRIMARY
TEAMSWITCH,1,_CFB0BB1B-5BE0-4B91-A696-38E32CE8CC1D,ROITAN_TEAM,na,na,SHANDIN,,PRIMARY
TEAMSWITCH,1,1231091E:RCS0357,BLOCKER_TEAM,na,na,WALTERIA,,PRIMARY
TEAMSWITCH,1,1141284E:RCS0612,BLOCKER_TEAM,na,na,WALTERIA,,PRIMARY
TEAMSWITCH,1,4007553E:RSR0664,BLOCKER_TEAM,na,na,WALTERIA,,PRIMARY
TEAMSWITCH,1,1701995E:RSR0390,BLOCKER_TEAM,na,na,WALTERIA,,PRIMARY
TEAMSWITCH,1,4007564E:RSR1403,BLOCKER_TEAM,na,na,WALTERIA,,PRIMARY
TEAMSWITCH,1,1393696E:RSR0354,BLOCKER_TEAM,na,na,WALTERIA,,PRIMARY
TEAMSWITCH,1,4835025E:RSR1402,BLOCKER_TEAM,na,na,WALTERIA,,PRIMARY
TEAMSWITCH,1,_F306D366-766A-46FC-818F-D85A4E922FFE,BLOCKER_TEAM,na,na,WALTERIA,,PRIMARY
TEAMSWITCH,1,GT10153:RCS1046,VALVE_TEAM,na,na,DITMAR,,PRIMARY
TEAMSWITCH,1,1610231E:RCS1170,VALVE_TEAM,na,na,DITMAR,,PRIMARY
TEAMSWITCH,1,5045086:RCS6085-1,VALVE_TEAM,na,na,DITMAR,,PRIMARY
TEAMSWITCH,1,5495735:RCS6154-3,VALVE_TEAM,na,na,DITMAR,,PRIMARY
TEAMSWITCH,1,1357931E:RSR0189,VALVE_TEAM,na,na,DITMAR,,PRIMARY
TEAMSWITCH,1,890150E:RSR1293,VALVE_TEAM,na,na,DITMAR,,PRIMARY
TEAMSWITCH,1,1300276E:RSR1413,VALVE_TEAM,na,na,DITMAR,,PRIMARY
TEAMSWITCH,1,4407438E:RSR1391,VALVE_TEAM,na,na,DITMAR,,PRIMARY
TEAMSWITCH,1,_C517CCDF-397C-4589-A09A-45C4A55CF070,VALVE_TEAM,na,na,DITMAR,,PRIMARY
TEAMSWITCH,1,4517693E:RAR0960,PRIMROSE_TEAM,na,na,BRADBURY,,PRIMARY
TEAMSWITCH,1,4800945E:RAR0961,PRIMROSE_TEAM,na,na,BRADBURY,,PRIMARY
TEAMSWITCH,1,X7106E:RCS0278,PRIMROSE_TEAM,na,na,BRADBURY,,PRIMARY
TEAMSWITCH,1,4793165E:RCS0088,PRIMROSE_TEAM,na,na,BRADBURY,,PRIMARY
TEAMSWITCH,1,X13989E:RCS0312,PRIMROSE_TEAM,na,na,BRADBURY,,PRIMARY
TEAMSWITCH,1,2078398E:RCS1896,PRIMROSE_TEAM,na,na,BRADBURY,,PRIMARY
TEAMSWITCH,1,4156586E:RSR2716,PRIMROSE_TEAM,na,na,BRADBURY,,PRIMARY
TEAMSWITCH,1,_B0627282-C57B-410B-B565-EDCE96FC60B4,PRIMROSE_TEAM,na,na,BRADBURY,,PRIMARY
TEAMSWITCH,1,_23B394D6-E9D6-4F0D-A39B-692E5A6154B2,RIVET_TEAM,na,na,BRIDGE,,PRIMARY
TEAMSWITCH,1,4776809E:RAR0043,MAMBA_TEAM,na,na,NORTH OAKS,,PRIMARY
TEAMSWITCH,1,1829253E:RAR0092,MAMBA_TEAM,na,na,NORTH OAKS,,PRIMARY
TEAMSWITCH,1,4081408E:RCS0078,MAMBA_TEAM,na,na,NORTH OAKS,,PRIMARY
TEAMSWITCH,1,1248623E:RCS0396,MAMBA_TEAM,na,na,NORTH OAKS,,PRIMARY
TEAMSWITCH,1,5403627:RCS2277-1,MAMBA_TEAM,na,na,NORTH OAKS,,PRIMARY
TEAMSWITCH,1,5549352:RCS9352-1,MAMBA_TEAM,na,na,NORTH OAKS,,PRIMARY
TEAMSWITCH,1,5137763:RCS7763-4,MAMBA_TEAM,na,na,NORTH OAKS,,PRIMARY
TEAMSWITCH,1,5403596:RCS3596-2,MAMBA_TEAM,na,na,NORTH OAKS,,PRIMARY
TEAMSWITCH,1,5374092:RCS6006-2,MAMBA_TEAM,na,na,NORTH OAKS,,PRIMARY
TEAMSWITCH,1,5417428:RCS0219-1,MAMBA_TEAM,na,na,NORTH OAKS,,PRIMARY
TEAMSWITCH,1,5036308E:RSR0096,MAMBA_TEAM,na,na,NORTH OAKS,,PRIMARY
TEAMSWITCH,1,_DB61951A-BB5F-4AF6-A992-2B4827DBA750,MAMBA_TEAM,na,na,NORTH OAKS,,PRIMARY
TEAMSWITCH,1,4001954E:RCS1136,BARBEE_TEAM,na,na,MAXWELL,,PRIMARY
TEAMSWITCH,1,_1EF8DC4C-1698-4E3D-912C-4CBFE4A1E7CE,BARBEE_TEAM,na,na,MAXWELL,,PRIMARY
TEAMSWITCH,1,1264929E:RAR0527,TANGERINE_TEAM,na,na,CITRUS,,PRIMARY
TEAMSWITCH,1,1558722E:RCS0390,TANGERINE_TEAM,na,na,CITRUS,,PRIMARY
TEAMSWITCH,1,5617085:RCS8206-1_CS,TANGERINE_TEAM,na,na,CITRUS,,PRIMARY
TEAMSWITCH,1,4439127E:RSR0537,TANGERINE_TEAM,na,na,CITRUS,,PRIMARY
TEAMSWITCH,1,_B8309AE4-F4A5-4150-A5C2-660FC2D69ACE,TANGERINE_TEAM,na,na,CITRUS,,PRIMARY
TEAMSWITCH,1,4850223E:RAR0021,CRESTLINE_TEAM,na,na,HUSTON,,PRIMARY
TEAMSWITCH,1,4830861E:RAR1076,CRESTLINE_TEAM,na,na,HUSTON,,PRIMARY
TEAMSWITCH,1,2277318E:RAR0708,CRESTLINE_TEAM,na,na,HUSTON,,PRIMARY
TEAMSWITCH,1,_AC3C331B-9879-4FB3-BF75-3CDBF7FE37B0,CRESTLINE_TEAM,na,na,HUSTON,,PRIMARY
TEAMSWITCH,1,4304746E:RCS2003,AGASSI_TEAM,na,na,WIMBLEDON,,PRIMARY
TEAMSWITCH,1,5204959:RCS5760-1,AGASSI_TEAM,na,na,WIMBLEDON,,PRIMARY
TEAMSWITCH,1,_3AFA7892-CCBE-41DB-9EFB-A6BCD78A4BFF,AGASSI_TEAM,na,na,WIMBLEDON,,PRIMARY
TEAMSWITCH,1,4102384E:RAR0824,NORTHPARK_TEAM,na,na,SHANDIN,,PRIMARY
TEAMSWITCH,1,4450228E:RAR0822,NORTHPARK_TEAM,na,na,SHANDIN,,PRIMARY
TEAMSWITCH,1,4663945E:RAR2372,NORTHPARK_TEAM,na,na,SHANDIN,,PRIMARY
TEAMSWITCH,1,4917312E:RCS2391,NORTHPARK_TEAM,na,na,SHANDIN,,PRIMARY
TEAMSWITCH,1,4107196E:RCS0769,NORTHPARK_TEAM,na,na,SHANDIN,,PRIMARY
TEAMSWITCH,1,4199570E:RCS2113,NORTHPARK_TEAM,na,na,SHANDIN,,PRIMARY
TEAMSWITCH,1,1645313E:RCS0123,NORTHPARK_TEAM,na,na,SHANDIN,,PRIMARY
TEAMSWITCH,1,1714971E:RCS0064,NORTHPARK_TEAM,na,na,SHANDIN,,PRIMARY
TEAMSWITCH,1,5311744:RCS1582-1,NORTHPARK_TEAM,na,na,SHANDIN,,PRIMARY
TEAMSWITCH,1,1629762E:RCS0608,NORTHPARK_TEAM,na,na,SHANDIN,,PRIMARY
TEAMSWITCH,1,5409346:RCS2032-2,NORTHPARK_TEAM,na,na,SHANDIN,,PRIMARY
TEAMSWITCH,1,5015400E:RCS0302,NORTHPARK_TEAM,na,na,SHANDIN,,PRIMARY
TEAMSWITCH,1,4175369E:RCS0494,NORTHPARK_TEAM,na,na,SHANDIN,,PRIMARY
TEAMSWITCH,1,5711593:RCS1998-1_CS,NORTHPARK_TEAM,na,na,SHANDIN,,PRIMARY
TEAMSWITCH,1,4824373E:RSR1102,NORTHPARK_TEAM,na,na,SHANDIN,,PRIMARY
TEAMSWITCH,1,4586181E:RSR0595,NORTHPARK_TEAM,na,na,SHANDIN,,PRIMARY
TEAMSWITCH,1,4825920E:RSR0934,NORTHPARK_TEAM,na,na,SHANDIN,,PRIMARY
TEAMSWITCH,1,_CD639C40-28A3-4641-B748-A0BAB8DF726A,NORTHPARK_TEAM,na,na,SHANDIN,,PRIMARY
TEAMSWITCH,1,7677:PEACOCK U.G.S.-L1,PEACOCK_TEAM,na,na,PEACOCK UGS,,PRIMARY
TEAMSWITCH,1,7677:PEACOCK U.G.S.-H1,PEACOCK_TEAM,na,na,PEACOCK UGS,,PRIMARY
TEAMSWITCH,1,4262293E:RAR3303,SERENITY_TEAM,na,na,BLISS,,PRIMARY
TEAMSWITCH,1,562054E:RAR3901,SERENITY_TEAM,na,na,BLISS,,PRIMARY
TEAMSWITCH,1,4368169E:RSR4043,SERENITY_TEAM,na,na,BLISS,,PRIMARY
TEAMSWITCH,1,4669538E:RSR0351,SERENITY_TEAM,na,na,BLISS,,PRIMARY
TEAMSWITCH,1,4780463E:RSR3203,SERENITY_TEAM,na,na,BLISS,,PRIMARY
TEAMSWITCH,1,_25524AD1-FA70-4B66-82F9-4E39D4FA33C4,SERENITY_TEAM,na,na,BLISS,,PRIMARY
TEAMSWITCH,1,_F24061D3-8F15-4E48-A538-46A2C3426786,AIR_TEAM,na,na,MOBILOIL,,PRIMARY
TEAMSWITCH,1,_95805D1D-50C1-4799-8DB3-0F920CDB000A,ROWLAND_TEAM,na,na,ANITA,,PRIMARY
TEAMSWITCH,1,4629414E:RAR1151,SARGENT_TEAM,na,na,OCTOL,,PRIMARY
TEAMSWITCH,1,4432093E:RCS1152,SARGENT_TEAM,na,na,OCTOL,,PRIMARY
TEAMSWITCH,1,2253921E:RCS2133,SARGENT_TEAM,na,na,OCTOL,,PRIMARY
TEAMSWITCH,1,775503E:RCS1154,SARGENT_TEAM,na,na,OCTOL,,PRIMARY
TEAMSWITCH,1,4091554E:RSR2159,SARGENT_TEAM,na,na,OCTOL,,PRIMARY
TEAMSWITCH,1,_878A8F58-9B86-4B11-878E-1DA0B4A88797,SARGENT_TEAM,na,na,OCTOL,,PRIMARY
TEAMSWITCH,1,_662B2EF7-A378-42FE-BD95-577279273373,VALNETT_TEAM,na,na,ANITA,,PRIMARY
TEAMSWITCH,1,824533E:RAR0991,MARAUDER_TEAM,na,na,MASCOT,,PRIMARY
TEAMSWITCH,1,4752400E:RAR3234,MARAUDER_TEAM,na,na,MASCOT,,PRIMARY
TEAMSWITCH,1,4432473E:RCS0943,MARAUDER_TEAM,na,na,MASCOT,,PRIMARY
TEAMSWITCH,1,813385E:RCS2180,MARAUDER_TEAM,na,na,MASCOT,,PRIMARY
TEAMSWITCH,1,4762796E:RCS0992,MARAUDER_TEAM,na,na,MASCOT,,PRIMARY
TEAMSWITCH,1,1532800E:RCS0994,MARAUDER_TEAM,na,na,MASCOT,,PRIMARY
TEAMSWITCH,1,1771997E:RSR1008,MARAUDER_TEAM,na,na,MASCOT,,PRIMARY
TEAMSWITCH,1,_82DD07E9-58D6-4140-A2AA-210E3840A085,MARAUDER_TEAM,na,na,MASCOT,,PRIMARY
TEAMSWITCH,1,5503122:RCS4923-1,NICKLIN_TEAM,na,na,RANDALL,,PRIMARY
TEAMSWITCH,1,_D7F83448-6E23-4A87-B9F9-92B70D286035,NICKLIN_TEAM,na,na,RANDALL,,PRIMARY
TEAMSWITCH,1,_4DFF5CFD-01D7-4F9D-A718-4EC2C2016D35,GRAYSON_TEAM,na,na,MORNINGSIDE,,PRIMARY
TEAMSWITCH,1,4862659E:RAR1106,CALLI VALLI_TEAM,na,na,LITTLE ROCK,,PRIMARY
TEAMSWITCH,1,4777516E:RAR1105,CALLI VALLI_TEAM,na,na,LITTLE ROCK,,PRIMARY
TEAMSWITCH,1,1061691E:RAR2172,CALLI VALLI_TEAM,na,na,LITTLE ROCK,,PRIMARY
TEAMSWITCH,1,4407536E:RCS0463,CALLI VALLI_TEAM,na,na,LITTLE ROCK,,PRIMARY
TEAMSWITCH,1,390407E:RCS0212,CALLI VALLI_TEAM,na,na,LITTLE ROCK,,PRIMARY
TEAMSWITCH,1,4685830E:RCS1266,CALLI VALLI_TEAM,na,na,LITTLE ROCK,,PRIMARY
TEAMSWITCH,1,4777523E:RCS1258,CALLI VALLI_TEAM,na,na,LITTLE ROCK,,PRIMARY
TEAMSWITCH,1,_E5812961-12F1-44CC-BFE0-EA27DA5E2A49,CALLI VALLI_TEAM,na,na,LITTLE ROCK,,PRIMARY
TEAMSWITCH,1,4794572E:RCS0501,TURNTABLE_TEAM,na,na,BLOOMINGTON,,PRIMARY
TEAMSWITCH,1,2310185E:RCS0530,TURNTABLE_TEAM,na,na,BLOOMINGTON,,PRIMARY
TEAMSWITCH,1,1388865E:RCS0497,TURNTABLE_TEAM,na,na,BLOOMINGTON,,PRIMARY
TEAMSWITCH,1,5450340:RCS4848-1,TURNTABLE_TEAM,na,na,BLOOMINGTON,,PRIMARY
TEAMSWITCH,1,_F6A028D6-4C84-4125-8A24-6F1C1E29D152,TURNTABLE_TEAM,na,na,BLOOMINGTON,,PRIMARY
TEAMSWITCH,1,_B8F21BD6-3158-423A-97A1-60FEAF401525,TOURMALINE_TEAM,na,na,TOPAZ,,PRIMARY
TEAMSWITCH,1,1277989E:RCS0407,NAVY_TEAM,na,na,MARINE,,PRIMARY
TEAMSWITCH,1,1827017E:RCS0186,NAVY_TEAM,na,na,MARINE,,PRIMARY
TEAMSWITCH,1,5037319:RCS4548-2,NAVY_TEAM,na,na,MARINE,,PRIMARY
TEAMSWITCH,1,5038947:RCS0144-2,NAVY_TEAM,na,na,MARINE,,PRIMARY
TEAMSWITCH,1,5038687:RCS0413-3,NAVY_TEAM,na,na,MARINE,,PRIMARY
TEAMSWITCH,1,5039956:RCS4895-4_CS,NAVY_TEAM,na,na,MARINE,,PRIMARY
TEAMSWITCH,1,649535E:RSR4206,NAVY_TEAM,na,na,MARINE,,PRIMARY
TEAMSWITCH,1,1277063E:RSR0669,NAVY_TEAM,na,na,MARINE,,PRIMARY
TEAMSWITCH,1,5038687:RCS0413-1,NAVY_TEAM,na,na,MARINE,,PRIMARY
TEAMSWITCH,1,_B8A5C2C6-A9B3-4134-B5B1-C9509918891A,NAVY_TEAM,na,na,MARINE,,PRIMARY
TEAMSWITCH,1,1763089E:RAR0010,CEDAR PINES_TEAM,na,na,CEDAR PINES PT,,PRIMARY
TEAMSWITCH,1,4847696E:RCS1090,CEDAR PINES_TEAM,na,na,CEDAR PINES PT,,PRIMARY
TEAMSWITCH,1,4859768E:RCS0799,CEDAR PINES_TEAM,na,na,CEDAR PINES PT,,PRIMARY
TEAMSWITCH,1,7128:CEDAR PINES P.T.-L1,CEDAR PINES_TEAM,na,na,CEDAR PINES PT,,PRIMARY
TEAMSWITCH,1,7128:CEDAR PINES P.T.-H1,CEDAR PINES_TEAM,na,na,CEDAR PINES PT,,PRIMARY
TEAMSWITCH,1,_6FF6C0C3-6510-4B7E-8A46-DD8B25651905,FIESTA_TEAM,na,na,ANITA,,PRIMARY
TEAMSWITCH,1,4792508E:RCS0795,LITTLE MOUNTAIN_TEAM,na,na,CALECTRIC,,PRIMARY
TEAMSWITCH,1,4716820E:RCS0837,LITTLE MOUNTAIN_TEAM,na,na,CALECTRIC,,PRIMARY
TEAMSWITCH,1,4958469E:RCS0797,LITTLE MOUNTAIN_TEAM,na,na,CALECTRIC,,PRIMARY
TEAMSWITCH,1,154092E:RCS0781,LITTLE MOUNTAIN_TEAM,na,na,CALECTRIC,,PRIMARY
TEAMSWITCH,1,4796507E:RCS0794,LITTLE MOUNTAIN_TEAM,na,na,CALECTRIC,,PRIMARY
TEAMSWITCH,1,4293533E:RCS0827,LITTLE MOUNTAIN_TEAM,na,na,CALECTRIC,,PRIMARY
TEAMSWITCH,1,_07AC874D-AB22-4543-BFE2-33B95B938355,LITTLE MOUNTAIN_TEAM,na,na,CALECTRIC,,PRIMARY
TEAMSWITCH,1,4554585E:RCS0335,TOKAY_TEAM,na,na,DECLEZ,,PRIMARY
TEAMSWITCH,1,4883320E:RCS2120,TOKAY_TEAM,na,na,DECLEZ,,PRIMARY
TEAMSWITCH,1,4698481E:RCS5780,TOKAY_TEAM,na,na,DECLEZ,,PRIMARY
TEAMSWITCH,1,1719123E:RSR0145,TOKAY_TEAM,na,na,DECLEZ,,PRIMARY
TEAMSWITCH,1,_21C5634A-E1F1-46CB-8006-35CF85B165C2,TOKAY_TEAM,na,na,DECLEZ,,PRIMARY
TEAMSWITCH,1,813385E:RCS2180,TRAILBLAZER_TEAM,na,na,MASCOT,,PRIMARY
TEAMSWITCH,1,1644005E:RCS1096,TRAILBLAZER_TEAM,na,na,MASCOT,,PRIMARY
TEAMSWITCH,1,1869918E:RCS1011,TRAILBLAZER_TEAM,na,na,MASCOT,,PRIMARY
TEAMSWITCH,1,_B17B3ECE-A017-455B-90F8-CA4E26B2F549,TRAILBLAZER_TEAM,na,na,MASCOT,,PRIMARY
TEAMSWITCH,1,908003E:RAR2292,BURTON_TEAM,na,na,PORTERVILLE,,PRIMARY
TEAMSWITCH,1,886002E:RCS1696,BURTON_TEAM,na,na,PORTERVILLE,,PRIMARY
TEAMSWITCH,1,1989190E:RCS1838,BURTON_TEAM,na,na,PORTERVILLE,,PRIMARY
TEAMSWITCH,1,4432472E:RCS1685,BURTON_TEAM,na,na,PORTERVILLE,,PRIMARY
TEAMSWITCH,1,4815357E:RCS2784,BURTON_TEAM,na,na,PORTERVILLE,,PRIMARY
TEAMSWITCH,1,4247763E:RCS3637,BURTON_TEAM,na,na,PORTERVILLE,,PRIMARY
TEAMSWITCH,1,4902526E:RSR2316,BURTON_TEAM,na,na,PORTERVILLE,,PRIMARY
TEAMSWITCH,1,_C76C6A5E-5186-414E-B0CE-A17DE048EAFD,BURTON_TEAM,na,na,PORTERVILLE,,PRIMARY
TEAMSWITCH,1,_15209E6C-2456-4032-BEC5-758BFCA1EFF0,VIOLET_TEAM,na,na,ROLLING HILLS,,PRIMARY
TEAMSWITCH,1,631081E:RAR1422,SURPRISE_TEAM,na,na,TIPTON,,PRIMARY
TEAMSWITCH,1,4816235E:RAR2203,SURPRISE_TEAM,na,na,TIPTON,,PRIMARY
TEAMSWITCH,1,4685219E:RCS1638,SURPRISE_TEAM,na,na,TIPTON,,PRIMARY
TEAMSWITCH,1,1576356E:RCS1976,SURPRISE_TEAM,na,na,TIPTON,,PRIMARY
TEAMSWITCH,1,_9F2BCC0C-0D5F-4B6C-A2FA-0F7D7F02C596,SURPRISE_TEAM,na,na,TIPTON,,PRIMARY
TEAMSWITCH,1,874525E:RCS0139,JACKSON_TEAM,na,na,CULVER,,PRIMARY
TEAMSWITCH,1,_3E944D7A-6431-4CEF-AEED-7AF7EB09DA17,JACKSON_TEAM,na,na,CULVER,,PRIMARY
TEAMSWITCH,1,_1B9A3249-E6A2-498F-8878-77D23768EB42,JACKSON_TEAM,na,na,CULVER,,PRIMARY
TEAMSWITCH,1,_EFF1282A-973D-4C1F-BD25-E4F0F4C3B8A3,DURANGO_TEAM,na,na,CULVER,,PRIMARY
TEAMSWITCH,1,1530162E:RCS0545,GORGE_TEAM,na,na,ARROYO,,PRIMARY
TEAMSWITCH,1,1472792E:RCS1064,GORGE_TEAM,na,na,ARROYO,,PRIMARY
TEAMSWITCH,1,1735210E:RCS0565,GORGE_TEAM,na,na,ARROYO,,PRIMARY
TEAMSWITCH,1,5008211:RCS9778-1,GORGE_TEAM,na,na,ARROYO,,PRIMARY
TEAMSWITCH,1,_929DB24A-2564-42DF-8E50-50C5D4647027,GORGE_TEAM,na,na,ARROYO,,PRIMARY
TEAMSWITCH,1,1901834E:RAR0242,DUCOR_TEAM,na,na,TERRA BELLA,,PRIMARY
TEAMSWITCH,1,4592904E:RCS0129,DUCOR_TEAM,na,na,TERRA BELLA,,PRIMARY
TEAMSWITCH,1,1464474E:RCS4093,DUCOR_TEAM,na,na,TERRA BELLA,,PRIMARY
TEAMSWITCH,1,4866311E:RCS5834,DUCOR_TEAM,na,na,TERRA BELLA,,PRIMARY
TEAMSWITCH,1,_148B95DC-3E15-4356-AFB3-75B4823967FF,DUCOR_TEAM,na,na,TERRA BELLA,,PRIMARY
TEAMSWITCH,1,_861CF813-EDD4-4E8A-B6EE-6F402530C524,TERRAZZO_TEAM,na,na,PALOS VERDES,,PRIMARY
TEAMSWITCH,1,4570458E:RCS1675,THAMES_TEAM,na,na,RIO HONDO,,PRIMARY
TEAMSWITCH,1,_A95D2BF1-5512-4E3F-BC2D-FF35892BA7BB,THAMES_TEAM,na,na,RIO HONDO,,PRIMARY
TEAMSWITCH,1,4421939E:RAR0405,NOGAL_TEAM,na,na,NOGAL PT,,PRIMARY
TEAMSWITCH,1,7585:NOGAL P.T.-L1,NOGAL_TEAM,na,na,NOGAL PT,,PRIMARY
TEAMSWITCH,1,7585:NOGAL P.T.-H1,NOGAL_TEAM,na,na,NOGAL PT,,PRIMARY
TEAMSWITCH,1,1165389E:RCS0592,DENISE_TEAM,na,na,LARK ELLEN,,PRIMARY
TEAMSWITCH,1,4788562E:RCS0401,DENISE_TEAM,na,na,LARK ELLEN,,PRIMARY
TEAMSWITCH,1,2284565E:RCS4750,DENISE_TEAM,na,na,LARK ELLEN,,PRIMARY
TEAMSWITCH,1,1165394E:RCS4751,DENISE_TEAM,na,na,LARK ELLEN,,PRIMARY
TEAMSWITCH,1,1330163E:RSR0580,DENISE_TEAM,na,na,LARK ELLEN,,PRIMARY
TEAMSWITCH,1,122785E:RSR0569,DENISE_TEAM,na,na,LARK ELLEN,,PRIMARY
TEAMSWITCH,1,_C1C7CFD5-A1DB-4FC3-8D1A-89C63B5806A6,DENISE_TEAM,na,na,LARK ELLEN,,PRIMARY
TEAMSWITCH,1,_39BECC4E-3551-4A06-8477-BA1D5C6C4EC3,LOCK_TEAM,na,na,LENNOX,,PRIMARY
TEAMSWITCH,1,4262284E:RAR0475,BURR_TEAM,na,na,LINDSAY,,PRIMARY
TEAMSWITCH,1,131802E:RCS1597,BURR_TEAM,na,na,LINDSAY,,PRIMARY
TEAMSWITCH,1,4360615E:RCS3723,BURR_TEAM,na,na,LINDSAY,,PRIMARY
TEAMSWITCH,1,4256682E:RCS2394,BURR_TEAM,na,na,LINDSAY,,PRIMARY
TEAMSWITCH,1,_182FBA2B-C90D-4394-ACB4-D6264DE21710,BURR_TEAM,na,na,LINDSAY,,PRIMARY
TEAMSWITCH,1,5302384:RCS1822-1,DUROX_TEAM,na,na,TIMOTEO,,PRIMARY
TEAMSWITCH,1,5634938:RCSG831-1,DUROX_TEAM,na,na,TIMOTEO,,PRIMARY
TEAMSWITCH,1,4997785E:RCS0656,DUROX_TEAM,na,na,TIMOTEO,,PRIMARY
TEAMSWITCH,1,_8DDF9415-A170-4B94-9858-D16A732CE77C,DUROX_TEAM,na,na,TIMOTEO,,PRIMARY
TEAMSWITCH,1,2265860E:RAR0044,NEARGATE_TEAM,na,na,NEWHALL,,PRIMARY
TEAMSWITCH,1,2229422E:RAR0430,NEARGATE_TEAM,na,na,NEWHALL,,PRIMARY
TEAMSWITCH,1,2265977E:RCS0330,NEARGATE_TEAM,na,na,NEWHALL,,PRIMARY
TEAMSWITCH,1,5365797:RCS5797-3,NEARGATE_TEAM,na,na,NEWHALL,,PRIMARY
TEAMSWITCH,1,5306076:RCS3964-1,NEARGATE_TEAM,na,na,NEWHALL,,PRIMARY
TEAMSWITCH,1,2308331E:RCS0664,NEARGATE_TEAM,na,na,NEWHALL,,PRIMARY
TEAMSWITCH,1,5138466:RCS0068-3_CS,NEARGATE_TEAM,na,na,NEWHALL,,PRIMARY
TEAMSWITCH,1,_D9BD10E8-E043-48CB-B21A-71A8B88C1D75,NEARGATE_TEAM,na,na,NEWHALL,,PRIMARY
TEAMSWITCH,1,_B16DA32B-6DEA-4306-8DB8-9DB938620E58,KAUFFMAN_TEAM,na,na,ANITA,,PRIMARY
TEAMSWITCH,1,5024013:RCS1943-3,CALABASAS_TEAM,na,na,VALDEZ,,PRIMARY
TEAMSWITCH,1,5024038:RCS1942-3,CALABASAS_TEAM,na,na,VALDEZ,,PRIMARY
TEAMSWITCH,1,5024031:RCS0428-4_CS,CALABASAS_TEAM,na,na,VALDEZ,,PRIMARY
TEAMSWITCH,1,_FDB3BE52-4031-4D6B-BC1C-F6C46FF0BE59,CALABASAS_TEAM,na,na,VALDEZ,,PRIMARY
TEAMSWITCH,1,_341EDD75-D696-414E-B5F0-E3B2846BFA0C,NINTH ST_TEAM,na,na,SANTA MONICA,,PRIMARY
TEAMSWITCH,1,674351E:RCS0704,RIGGS_TEAM,na,na,WIMBLEDON,,PRIMARY
TEAMSWITCH,1,674347E:RCS2251,RIGGS_TEAM,na,na,WIMBLEDON,,PRIMARY
TEAMSWITCH,1,_AD03765F-5B33-439D-A415-76BD298F73DC,RIGGS_TEAM,na,na,WIMBLEDON,,PRIMARY
TEAMSWITCH,1,_9A2B0E72-54E5-4999-B525-57FCBD8DC76F,LASKY_TEAM,na,na,OLYMPIC,,PRIMARY
TEAMSWITCH,1,1764169E:RAR0244,BEAR VALLEY_TEAM,na,na,ZANJA,,PRIMARY
TEAMSWITCH,1,4280102E:RAR0519,BEAR VALLEY_TEAM,na,na,ZANJA,,PRIMARY
TEAMSWITCH,1,4016302E:RAR0537,BEAR VALLEY_TEAM,na,na,ZANJA,,PRIMARY
TEAMSWITCH,1,4918905E:RAR3069,BEAR VALLEY_TEAM,na,na,ZANJA,,PRIMARY
TEAMSWITCH,1,4804788E:RCS0806,BEAR VALLEY_TEAM,na,na,ZANJA,,PRIMARY
TEAMSWITCH,1,4659483E:RSR0242,BEAR VALLEY_TEAM,na,na,ZANJA,,PRIMARY
TEAMSWITCH,1,_C57E7611-DB84-401C-B4EA-6A0757CDA6BC,BEAR VALLEY_TEAM,na,na,ZANJA,,PRIMARY
TEAMSWITCH,1,5334102:RCS2412-1,MINT CANYON_TEAM,na,na,SAUGUS,,PRIMARY
TEAMSWITCH,1,5305340:RCS3961-1,MINT CANYON_TEAM,na,na,SAUGUS,,PRIMARY
TEAMSWITCH,1,5305342:RCS5342-1_CS,MINT CANYON_TEAM,na,na,SAUGUS,,PRIMARY
TEAMSWITCH,1,5417733:RCS7733-2,MINT CANYON_TEAM,na,na,SAUGUS,,PRIMARY
TEAMSWITCH,1,5326087:RCS2411-3,MINT CANYON_TEAM,na,na,SAUGUS,,PRIMARY
TEAMSWITCH,1,5326087:RCS5110-1_CS,MINT CANYON_TEAM,na,na,SAUGUS,,PRIMARY
TEAMSWITCH,1,_86A68486-EAD8-4E64-844F-7325CE282761,MINT CANYON_TEAM,na,na,SAUGUS,,PRIMARY
TEAMSWITCH,1,4169809E:RCS0430,NASTASE_TEAM,na,na,WIMBLEDON,,PRIMARY
TEAMSWITCH,1,_85226470-0070-4AF6-9A83-BE7FC56A0C7F,NASTASE_TEAM,na,na,WIMBLEDON,,PRIMARY
TEAMSWITCH,1,1496044E:RCS0251,BATEMAN_TEAM,na,na,BRADBURY,,PRIMARY
TEAMSWITCH,1,4463335E:RCS0118,BATEMAN_TEAM,na,na,BRADBURY,,PRIMARY
TEAMSWITCH,1,5495237:RCS9514-3,BATEMAN_TEAM,na,na,BRADBURY,,PRIMARY
TEAMSWITCH,1,_FCA764FB-9837-4BB5-988A-A12204BF818C,BATEMAN_TEAM,na,na,BRADBURY,,PRIMARY
TEAMSWITCH,1,4070523E:RCS0662,SANBER_TEAM,na,na,DECLEZ,,PRIMARY
TEAMSWITCH,1,1826214E:RCS0223,SANBER_TEAM,na,na,DECLEZ,,PRIMARY
TEAMSWITCH,1,4847647E:RCS2452,SANBER_TEAM,na,na,DECLEZ,,PRIMARY
TEAMSWITCH,1,4655324E:RSR2545,SANBER_TEAM,na,na,DECLEZ,,PRIMARY
TEAMSWITCH,1,_6690A04C-3B06-4658-B68E-6B4C3C1C1715,SANBER_TEAM,na,na,DECLEZ,,PRIMARY
TEAMSWITCH,1,4662576E:RCS0105,MIRROR_TEAM,na,na,SAVAGE,,PRIMARY
TEAMSWITCH,1,4662582E:RCS0628,MIRROR_TEAM,na,na,SAVAGE,,PRIMARY
TEAMSWITCH,1,5566868:RCS2404-4,MIRROR_TEAM,na,na,SAVAGE,,PRIMARY
TEAMSWITCH,1,5011382:RCS0317-4,MIRROR_TEAM,na,na,SAVAGE,,PRIMARY
TEAMSWITCH,1,5331847:RCS1103-1_CS,MIRROR_TEAM,na,na,SAVAGE,,PRIMARY
TEAMSWITCH,1,_34DDF406-AAF1-456F-9C1E-FF26A6E4B55E,MIRROR_TEAM,na,na,SAVAGE,,PRIMARY
TEAMSWITCH,1,_9236AD57-F6EA-420A-9DD7-F8F77A17C61A,SIROCCO_TEAM,na,na,BREEZE,,PRIMARY
TEAMSWITCH,1,1517233E:RAR3650,COTTON_TEAM,na,na,POPLAR,,PRIMARY
TEAMSWITCH,1,4540151E:RCS5747,COTTON_TEAM,na,na,POPLAR,,PRIMARY
TEAMSWITCH,1,4776411E:RCS1232,COTTON_TEAM,na,na,POPLAR,,PRIMARY
TEAMSWITCH,1,4932950E:RSR6871,COTTON_TEAM,na,na,POPLAR,,PRIMARY
TEAMSWITCH,1,4388464E:RSR2190,COTTON_TEAM,na,na,POPLAR,,PRIMARY
TEAMSWITCH,1,1223366E:RSR1675,COTTON_TEAM,na,na,POPLAR,,PRIMARY
TEAMSWITCH,1,_1C954103-C9F2-4DAE-9E88-F62223889BF3,COTTON_TEAM,na,na,POPLAR,,PRIMARY
TEAMSWITCH,1,4052869E:RAR0496,RABBIT_TEAM,na,na,LUCERNE,,PRIMARY
TEAMSWITCH,1,1906931E:RAR0510,RABBIT_TEAM,na,na,LUCERNE,,PRIMARY
TEAMSWITCH,1,1756891E:RAR0202,RABBIT_TEAM,na,na,LUCERNE,,PRIMARY
TEAMSWITCH,1,4014362E:RAR0649,RABBIT_TEAM,na,na,LUCERNE,,PRIMARY
TEAMSWITCH,1,1907102E:RCS0074,RABBIT_TEAM,na,na,LUCERNE,,PRIMARY
TEAMSWITCH,1,2343505E:RCS0075,RABBIT_TEAM,na,na,LUCERNE,,PRIMARY
TEAMSWITCH,1,4959232E:RCS0092,RABBIT_TEAM,na,na,LUCERNE,,PRIMARY
TEAMSWITCH,1,1756899E:RCS0180,RABBIT_TEAM,na,na,LUCERNE,,PRIMARY
TEAMSWITCH,1,5036283E:RCS0661,RABBIT_TEAM,na,na,LUCERNE,,PRIMARY
TEAMSWITCH,1,_A2012BAD-22B1-4706-8F16-46258987385C,RABBIT_TEAM,na,na,LUCERNE,,PRIMARY
TEAMSWITCH,1,4961070E:RAR0103,GUTIERREZ_TEAM,na,na,SANTA BARBARA,,PRIMARY
TEAMSWITCH,1,_45350DDE-2C4C-4A9D-8FFE-8CE9EB9C7FE0,GUTIERREZ_TEAM,na,na,SANTA BARBARA,,PRIMARY
TEAMSWITCH,1,4490239E:RAR0687,PHEASANT_TEAM,na,na,PHEASANT PT,,PRIMARY
TEAMSWITCH,1,4611519E:RAR2946,PHEASANT_TEAM,na,na,PHEASANT PT,,PRIMARY
TEAMSWITCH,1,4932197E:RAR0255,PHEASANT_TEAM,na,na,PHEASANT PT,,PRIMARY
TEAMSWITCH,1,4960789E:RAR0218,PHEASANT_TEAM,na,na,PHEASANT PT,,PRIMARY
TEAMSWITCH,1,7657:PHEASANT P.T.-L1,PHEASANT_TEAM,na,na,PHEASANT PT,,PRIMARY
TEAMSWITCH,1,7657:PHEASANT P.T.-H1,PHEASANT_TEAM,na,na,PHEASANT PT,,PRIMARY
TEAMSWITCH,1,5508696:RCS4643-3,PEAR_TEAM,na,na,CITRUS,,PRIMARY
TEAMSWITCH,1,761448E:RCS4648,PEAR_TEAM,na,na,CITRUS,,PRIMARY
TEAMSWITCH,1,5617085:RCS8206-1_CS,PEAR_TEAM,na,na,CITRUS,,PRIMARY
TEAMSWITCH,1,_A8EAC082-D58B-474C-87C4-1397991E01EA,PEAR_TEAM,na,na,CITRUS,,PRIMARY
TEAMSWITCH,1,_809986D8-539E-41C7-A466-8F3E342B566D,TENOR_TEAM,na,na,PERRY,,PRIMARY
TEAMSWITCH,1,_B9144A69-8941-429E-8E03-9E3AC6435585,COMPUTER_TEAM,na,na,SEPULVEDA,,PRIMARY
TEAMSWITCH,1,1444740E:RCS0220,ARVANA_TEAM,na,na,VICTORIA,,PRIMARY
TEAMSWITCH,1,5057271:RCS4363-4,ARVANA_TEAM,na,na,VICTORIA,,PRIMARY
TEAMSWITCH,1,5054854:RCS4721-3,ARVANA_TEAM,na,na,VICTORIA,,PRIMARY
TEAMSWITCH,1,5054854:RCS4721-2,ARVANA_TEAM,na,na,VICTORIA,,PRIMARY
TEAMSWITCH,1,5650790:RCS6686-1_CS,ARVANA_TEAM,na,na,VICTORIA,,PRIMARY
TEAMSWITCH,1,1444758E:RSR0632,ARVANA_TEAM,na,na,VICTORIA,,PRIMARY
TEAMSWITCH,1,1156237E:RSR1365,ARVANA_TEAM,na,na,VICTORIA,,PRIMARY
TEAMSWITCH,1,_CF48B55E-FF93-471C-8C41-A6F53A89BAA5,ARVANA_TEAM,na,na,VICTORIA,,PRIMARY
TEAMSWITCH,1,_F1597EAA-B947-42C0-9F63-F7EF18BF18C4,ANTIQUE_TEAM,na,na,TIMOTEO,,PRIMARY
TEAMSWITCH,1,4495604E:RAR0365,MUROC_TEAM,na,na,REDMAN,,PRIMARY
TEAMSWITCH,1,_55BA72C4-E7FB-464C-BB0E-21323734A387,MUROC_TEAM,na,na,REDMAN,,PRIMARY
TEAMSWITCH,1,4905261E:RAR0906,MEBANE_TEAM,na,na,MEBANE PT,,PRIMARY
TEAMSWITCH,1,7530:MEBANE P.T.-L1,MEBANE_TEAM,na,na,MEBANE PT,,PRIMARY
TEAMSWITCH,1,7530:MEBANE P.T.-H1,MEBANE_TEAM,na,na,MEBANE PT,,PRIMARY
TEAMSWITCH,1,873191E:RCS4283,DEANNA_TEAM,na,na,LARK ELLEN,,PRIMARY
TEAMSWITCH,1,4576369E:RCS1973,DEANNA_TEAM,na,na,LARK ELLEN,,PRIMARY
TEAMSWITCH,1,4819231E:RCS4752,DEANNA_TEAM,na,na,LARK ELLEN,,PRIMARY
TEAMSWITCH,1,4171693E:RCS4869,DEANNA_TEAM,na,na,LARK ELLEN,,PRIMARY
TEAMSWITCH,1,986334E:RSR0130,DEANNA_TEAM,na,na,LARK ELLEN,,PRIMARY
TEAMSWITCH,1,122785E:RSR0569,DEANNA_TEAM,na,na,LARK ELLEN,,PRIMARY
TEAMSWITCH,1,4935150E:RSR2816,DEANNA_TEAM,na,na,LARK ELLEN,,PRIMARY
TEAMSWITCH,1,_C54E7D02-F330-4287-B67C-A5E517E51633,DEANNA_TEAM,na,na,LARK ELLEN,,PRIMARY
TEAMSWITCH,1,4864766E:RCS0026,ELLIOT_TEAM,na,na,ARRO,,PRIMARY
TEAMSWITCH,1,335516E:RCS1183,ELLIOT_TEAM,na,na,ARRO,,PRIMARY
TEAMSWITCH,1,_D8226FF6-BB14-431B-87D8-EB01E45976C9,ELLIOT_TEAM,na,na,ARRO,,PRIMARY
TEAMSWITCH,1,4570458E:RCS1675,EUPHRATES_TEAM,na,na,RIO HONDO,,PRIMARY
TEAMSWITCH,1,E64135Y:RCS1372,EUPHRATES_TEAM,na,na,RIO HONDO,,PRIMARY
TEAMSWITCH,1,5021304:RCS1151-6_CS,EUPHRATES_TEAM,na,na,RIO HONDO,,PRIMARY
TEAMSWITCH,1,1029940E:RSR1687,EUPHRATES_TEAM,na,na,RIO HONDO,,PRIMARY
TEAMSWITCH,1,1384696E:RSR1690,EUPHRATES_TEAM,na,na,RIO HONDO,,PRIMARY
TEAMSWITCH,1,215736E:RSR1023,EUPHRATES_TEAM,na,na,RIO HONDO,,PRIMARY
TEAMSWITCH,1,4646825E:RSR2766,EUPHRATES_TEAM,na,na,RIO HONDO,,PRIMARY
TEAMSWITCH,1,1740880E:RSR1873,EUPHRATES_TEAM,na,na,RIO HONDO,,PRIMARY
TEAMSWITCH,1,_653D09C9-0F4B-452F-B30F-93CE1296BDF3,EUPHRATES_TEAM,na,na,RIO HONDO,,PRIMARY
TEAMSWITCH,1,5331845:RCS2707-5,HATCHERY_TEAM,na,na,SAVAGE,,PRIMARY
TEAMSWITCH,1,5331847:RCS1103-1_CS,HATCHERY_TEAM,na,na,SAVAGE,,PRIMARY
TEAMSWITCH,1,5331844:RCS1885-3_CS,HATCHERY_TEAM,na,na,SAVAGE,,PRIMARY
TEAMSWITCH,1,_1337532D-68CD-438E-BB23-A18C98A556E9,HATCHERY_TEAM,na,na,SAVAGE,,PRIMARY
TEAMSWITCH,1,5313186:RCS1155-1,HACKLER_TEAM,na,na,MAXWELL,,PRIMARY
TEAMSWITCH,1,5425783:RCS2720-4,HACKLER_TEAM,na,na,MAXWELL,,PRIMARY
TEAMSWITCH,1,5204834:RCS1039-3_CS,HACKLER_TEAM,na,na,MAXWELL,,PRIMARY
TEAMSWITCH,1,5348681:RCS1312-4_CS,HACKLER_TEAM,na,na,MAXWELL,,PRIMARY
TEAMSWITCH,1,4725436E:RSR9076,HACKLER_TEAM,na,na,MAXWELL,,PRIMARY
TEAMSWITCH,1,2065423E:RSR9077,HACKLER_TEAM,na,na,MAXWELL,,PRIMARY
TEAMSWITCH,1,_FB93F811-6F8E-4CE7-BFAA-824CD99E00C1,HACKLER_TEAM,na,na,MAXWELL,,PRIMARY
TEAMSWITCH,1,2226817E:RCS1720,TARGET_TEAM,na,na,LANCASTER,,PRIMARY
TEAMSWITCH,1,4650807E:RCS2359,TARGET_TEAM,na,na,LANCASTER,,PRIMARY
TEAMSWITCH,1,_3B59398A-427C-4C20-A553-4168F8D32F6F,TARGET_TEAM,na,na,LANCASTER,,PRIMARY
TEAMSWITCH,1,4590802E:RAR2001,SKIP_TEAM,na,na,ROSAMOND,,PRIMARY
TEAMSWITCH,1,4789755E:RAR1329,SKIP_TEAM,na,na,ROSAMOND,,PRIMARY
TEAMSWITCH,1,843637E:RCS0114,SKIP_TEAM,na,na,ROSAMOND,,PRIMARY
TEAMSWITCH,1,1805289E:RCS1213,SKIP_TEAM,na,na,ROSAMOND,,PRIMARY
TEAMSWITCH,1,_8AD48F1C-1CB1-43ED-AF26-951C1FE9AE10,SKIP_TEAM,na,na,ROSAMOND,,PRIMARY
TEAMSWITCH,1,4099873E:RAR0512,SUNDOWN_TEAM,na,na,HELENDALE,,PRIMARY
TEAMSWITCH,1,4440982E:RAR0790,SUNDOWN_TEAM,na,na,HELENDALE,,PRIMARY
TEAMSWITCH,1,5050117:RCS1851-3,SUNDOWN_TEAM,na,na,HELENDALE,,PRIMARY
TEAMSWITCH,1,5050139:RCS2490-1,SUNDOWN_TEAM,na,na,HELENDALE,,PRIMARY
TEAMSWITCH,1,5050232:RCS0650-3,SUNDOWN_TEAM,na,na,HELENDALE,,PRIMARY
TEAMSWITCH,1,5050232:RCS0650-4,SUNDOWN_TEAM,na,na,HELENDALE,,PRIMARY
TEAMSWITCH,1,5050126:RCS2273-4,SUNDOWN_TEAM,na,na,HELENDALE,,PRIMARY
TEAMSWITCH,1,4123069E:RCS1101,SUNDOWN_TEAM,na,na,HELENDALE,,PRIMARY
TEAMSWITCH,1,_0137F391-7059-44ED-B5C0-D1A562D7C024,SUNDOWN_TEAM,na,na,HELENDALE,,PRIMARY
TEAMSWITCH,1,_F4D1CF52-9E96-49C7-8746-D44B3D39B0A1,BOX SPRING_TEAM,na,na,CALECTRIC,,PRIMARY
TEAMSWITCH,1,_604E597C-1BF5-4139-8372-DFF3E95B1797,VALMONTE_TEAM,na,na,PALOS VERDES,,PRIMARY
TEAMSWITCH,1,4699310E:RAR2015,DRIVER_TEAM,na,na,DELANO,,PRIMARY
TEAMSWITCH,1,_AB5469B8-EC02-4DAB-85A3-E62634F9EED0,DRIVER_TEAM,na,na,DELANO,,PRIMARY
TEAMSWITCH,1,316201M:RCS0499,EDINBURG_TEAM,na,na,FAIRFAX,,PRIMARY
TEAMSWITCH,1,4086464E:RSR0367,EDINBURG_TEAM,na,na,FAIRFAX,,PRIMARY
TEAMSWITCH,1,_8BA16460-62A2-47F2-9601-A59D4064BAD2,EDINBURG_TEAM,na,na,FAIRFAX,,PRIMARY
TEAMSWITCH,1,865045E:RAR0705,BLUEBELL_TEAM,na,na,DEL SUR,,PRIMARY
TEAMSWITCH,1,4073731E:RCS0808,BLUEBELL_TEAM,na,na,DEL SUR,,PRIMARY
TEAMSWITCH,1,1421447E:RCS0930,BLUEBELL_TEAM,na,na,DEL SUR,,PRIMARY
TEAMSWITCH,1,5808054:RCSG007-2,BLUEBELL_TEAM,na,na,DEL SUR,,PRIMARY
TEAMSWITCH,1,_66A8AAAB-26FB-43F0-861D-2517DB6BCEFD,BLUEBELL_TEAM,na,na,DEL SUR,,PRIMARY
TEAMSWITCH,1,_02FD218B-9D15-4C21-8601-D815AF5D5934,MAGOO_TEAM,na,na,ETIWANDA,,PRIMARY
TEAMSWITCH,1,203646E:RCS0610,FLANDERS_TEAM,na,na,LA CANADA,,PRIMARY
TEAMSWITCH,1,_F65B30E5-E5F2-4D39-9185-995F8832105B,FLANDERS_TEAM,na,na,LA CANADA,,PRIMARY
TEAMSWITCH,1,4241073E:RCS0660,SAD_TEAM,na,na,CALECTRIC,,PRIMARY
TEAMSWITCH,1,202381S:RSR0290,SAD_TEAM,na,na,CALECTRIC,,PRIMARY
TEAMSWITCH,1,_C4624DA2-7F21-48BB-8D22-2480471A6269,SAD_TEAM,na,na,CALECTRIC,,PRIMARY
TEAMSWITCH,1,1465563E:RAR1909,FLORAL_TEAM,na,na,REPETTO,,PRIMARY
TEAMSWITCH,1,1724981E:RAR1910,FLORAL_TEAM,na,na,REPETTO,,PRIMARY
TEAMSWITCH,1,1676487E:RCS0642,FLORAL_TEAM,na,na,REPETTO,,PRIMARY
TEAMSWITCH,1,1676491E:RCS1620,FLORAL_TEAM,na,na,REPETTO,,PRIMARY
TEAMSWITCH,1,1408435E:RCS0361,FLORAL_TEAM,na,na,REPETTO,,PRIMARY
TEAMSWITCH,1,1567204E:RCS1311,FLORAL_TEAM,na,na,REPETTO,,PRIMARY
TEAMSWITCH,1,2182624E:RCS1727,FLORAL_TEAM,na,na,REPETTO,,PRIMARY
TEAMSWITCH,1,_085C948C-CFD6-4B85-B4AB-8E47C0DD9897,FLORAL_TEAM,na,na,REPETTO,,PRIMARY
TEAMSWITCH,1,_A993379E-1029-4C4D-8974-98528D129CC3,FLORAL_TEAM,na,na,REPETTO,,PRIMARY
TEAMSWITCH,1,5038895:RCS0676-3,WHITWORTH_TEAM,na,na,BEVERLY,,PRIMARY
TEAMSWITCH,1,5039593:RCS0609-2,WHITWORTH_TEAM,na,na,BEVERLY,,PRIMARY
TEAMSWITCH,1,_6FB05156-7F50-4ED6-A052-DA82492A960A,WHITWORTH_TEAM,na,na,BEVERLY,,PRIMARY
TEAMSWITCH,1,_907718D9-2FE5-4287-9756-8D4C48B692E4,WHITWORTH_TEAM,na,na,BEVERLY,,PRIMARY
TEAMSWITCH,1,5525052:RCS6139-4,LOMITA_TEAM,na,na,ROLLING HILLS,,PRIMARY
TEAMSWITCH,1,5130717:RCS6574-1_CS,LOMITA_TEAM,na,na,ROLLING HILLS,,PRIMARY
TEAMSWITCH,1,5130715:RCS5684-2_CS,LOMITA_TEAM,na,na,ROLLING HILLS,,PRIMARY
TEAMSWITCH,1,5150784:RCS5021-2_CS,LOMITA_TEAM,na,na,ROLLING HILLS,,PRIMARY
TEAMSWITCH,1,_431AB6C7-81F2-49A6-86AE-1D5D83D903A7,LOMITA_TEAM,na,na,ROLLING HILLS,,PRIMARY
TEAMSWITCH,1,4665043E:RAR1078,DELORO_TEAM,na,na,APPLE VALLEY,,PRIMARY
TEAMSWITCH,1,4042524E:RCS0561,DELORO_TEAM,na,na,APPLE VALLEY,,PRIMARY
TEAMSWITCH,1,4750803E:RCS0893,DELORO_TEAM,na,na,APPLE VALLEY,,PRIMARY
TEAMSWITCH,1,1721942E:RCS0587,DELORO_TEAM,na,na,APPLE VALLEY,,PRIMARY
TEAMSWITCH,1,4042527E:RCS0729,DELORO_TEAM,na,na,APPLE VALLEY,,PRIMARY
TEAMSWITCH,1,2293738E:RCS1120,DELORO_TEAM,na,na,APPLE VALLEY,,PRIMARY
TEAMSWITCH,1,5371681:RCS0689-2,SEABOARD_TEAM,na,na,TAPIA,,PRIMARY
TEAMSWITCH,1,5024047:RCS1758-4,SEABOARD_TEAM,na,na,TAPIA,,PRIMARY
TEAMSWITCH,1,_2F129DAF-B3E9-4B5C-B24B-68F79ACBE4D2,SEABOARD_TEAM,na,na,TAPIA,,PRIMARY
TEAMSWITCH,1,_C3207CFF-E4DA-4CB1-81C0-BD9CE08E608E,SEABOARD_TEAM,na,na,TAPIA,,PRIMARY
TEAMSWITCH,1,1828339E:RAR0655,FLYING D_TEAM,na,na,HAVILAH,,PRIMARY
TEAMSWITCH,1,4091390E:RAR0610,FLYING D_TEAM,na,na,HAVILAH,,PRIMARY
TEAMSWITCH,1,4790131E:RAR0848,FLYING D_TEAM,na,na,HAVILAH,,PRIMARY
TEAMSWITCH,1,4727406E:RAR0663,FLYING D_TEAM,na,na,HAVILAH,,PRIMARY
TEAMSWITCH,1,2299530E:RCS0654,FLYING D_TEAM,na,na,HAVILAH,,PRIMARY
TEAMSWITCH,1,4880669E:RCS0613,FLYING D_TEAM,na,na,HAVILAH,,PRIMARY
TEAMSWITCH,1,691068E:RCS0708,FLYING D_TEAM,na,na,HAVILAH,,PRIMARY
TEAMSWITCH,1,4648498E:RSR0603,FLYING D_TEAM,na,na,HAVILAH,,PRIMARY
TEAMSWITCH,1,_286FA380-B581-4F13-93A7-EE10F60E1D22,FLYING D_TEAM,na,na,HAVILAH,,PRIMARY
TEAMSWITCH,1,5140082:RCS0915-5,OCTANE_TEAM,na,na,YUKON,,PRIMARY
TEAMSWITCH,1,93077M:RCS0596,OCTANE_TEAM,na,na,YUKON,,PRIMARY
TEAMSWITCH,1,1446575E:RSR0094,OCTANE_TEAM,na,na,YUKON,,PRIMARY
TEAMSWITCH,1,1878805E:RSR0089,OCTANE_TEAM,na,na,YUKON,,PRIMARY
TEAMSWITCH,1,_E83EAD87-5634-4B91-89FF-4264E3E528A4,OCTANE_TEAM,na,na,YUKON,,PRIMARY
TEAMSWITCH,1,_FDD54329-99F6-4670-941B-D2AE88E8D461,OCTANE_TEAM,na,na,YUKON,,PRIMARY
