[LOG] Starting Automation Schemes File Build for CL FISR Device Participation
[LOG] Parsing GCM feeder model for BOOTLEGGER
[LOG] Copied ACTON_INTERNALS.xml to temp directory
[LOG] Scheme ACTON processing completed in 0.35 seconds
[LOG] Cleaned up temp file for scheme ACTON : ACTON_INTERNALS.xml
[LOG] Parsing GCM feeder model for PICK
[LOG] Parsing GCM feeder model for SHOVEL
[LOG] Parsing GCM feeder model for ACROBAT
[LOG] Copied ANAVERDE_INTERNALS.xml to temp directory
[LOG] Scheme ANAVERDE processing completed in 0.2 seconds
[LOG] Cleaned up temp file for scheme ANAVERDE : ANAVERDE_INTERNALS.xml
[LOG] Parsing GCM feeder model for ASHBERRY
[LOG] Parsing GCM feeder model for CANDLEBERRY
[LOG] Parsing GCM feeder model for CITY RANCH
[LOG] Parsing GCM feeder model for LEONA
[LOG] Parsing GCM feeder model for PELONA
[LOG] Parsing GCM feeder model for QUINBY
[LOG] Parsing GCM feeder model for RAYBURN
[LOG] Parsing GCM feeder model for RITTER
[LOG] Parsing GCM feeder model for SUBIDA
[LOG] Parsing GCM feeder model for BARNES
[LOG] Copied DEL SUR_INTERNALS.xml to temp directory
[LOG] Scheme DEL SUR processing completed in 0.3 seconds
[LOG] Cleaned up temp file for scheme DEL SUR : DEL SUR_INTERNALS.xml
[LOG] Parsing GCM feeder model for BLUEBELL
[LOG] Parsing GCM feeder model for FAIRMONT
[LOG] Parsing GCM feeder model for HUGHES LAKE
[LOG] Parsing GCM feeder model for LLOYD
[LOG] Parsing GCM feeder model for PRONGHORN
[LOG] Parsing GCM feeder model for SNOWDEN
[LOG] Parsing GCM feeder model for HURON
[LOG] Copied GREAT LAKES_INTERNALS.xml to temp directory
[LOG] Scheme GREAT LAKES processing completed in 0.12 seconds
[LOG] Cleaned up temp file for scheme GREAT LAKES : GREAT LAKES_INTERNALS.xml
[LOG] Parsing GCM feeder model for AIRBUS
[LOG] Copied HELIJET_INTERNALS.xml to temp directory
[LOG] Scheme HELIJET processing completed in 0.03 seconds
[LOG] Cleaned up temp file for scheme HELIJET : HELIJET_INTERNALS.xml
[LOG] Parsing GCM feeder model for DEBRA
[LOG] Parsing GCM feeder model for TAWNA
[LOG] Parsing GCM feeder model for TRISTAR
[LOG] Parsing GCM feeder model for AIRPORT
[LOG] Copied LANCASTER_INTERNALS.xml to temp directory
[LOG] Scheme LANCASTER processing completed in 0.5 seconds
[LOG] Cleaned up temp file for scheme LANCASTER : LANCASTER_INTERNALS.xml
[LOG] Parsing GCM feeder model for CROWDER
[LOG] Parsing GCM feeder model for JACKMAN
[LOG] Parsing GCM feeder model for JOSHUA
[LOG] Parsing GCM feeder model for KINGTREE
[LOG] Parsing GCM feeder model for MAYS
[LOG] Parsing GCM feeder model for MEDALLION
[LOG] Parsing GCM feeder model for OBAN
[LOG] Parsing GCM feeder model for PHILLIPS
[LOG] Parsing GCM feeder model for QUEENSLAND
[LOG] Parsing GCM feeder model for TARGET
[LOG] Parsing GCM feeder model for TROPICO
[LOG] Parsing GCM feeder model for BIG PINES
[LOG] Copied LITTLE ROCK_INTERNALS.xml to temp directory
[LOG] Scheme LITTLE ROCK processing completed in 0.6 seconds
[LOG] Cleaned up temp file for scheme LITTLE ROCK : LITTLE ROCK_INTERNALS.xml
[LOG] Parsing GCM feeder model for CALLI VALLI
[LOG] Parsing GCM feeder model for DENNIS
[LOG] Parsing GCM feeder model for SUN VILLAGE
[LOG] Parsing GCM feeder model for TIERRA BONITA
[LOG] Parsing GCM feeder model for TITAN
[LOG] Parsing GCM feeder model for BLEDSOE
[LOG] Copied NEENACH_INTERNALS.xml to temp directory
[LOG] Scheme NEENACH processing completed in 0.11 seconds
[LOG] Cleaned up temp file for scheme NEENACH : NEENACH_INTERNALS.xml
[LOG] Parsing GCM feeder model for DUNTLEY
[LOG] Parsing GCM feeder model for TEJON
[LOG] Parsing GCM feeder model for ASSEMBLY
[LOG] Copied OASIS_INTERNALS.xml to temp directory
[LOG] Scheme OASIS processing completed in 0.29 seconds
[LOG] Cleaned up temp file for scheme OASIS : OASIS_INTERNALS.xml
[LOG] Parsing GCM feeder model for BEONE
[LOG] Parsing GCM feeder model for FARMS
[LOG] Parsing GCM feeder model for HANGER
[LOG] Parsing GCM feeder model for HEIGHTS
[LOG] Parsing GCM feeder model for LUPINE
[LOG] Parsing GCM feeder model for STEALTH
[LOG] Parsing GCM feeder model for THUNDERBOLT
[LOG] Parsing GCM feeder model for TOMCAT
[LOG] Parsing GCM feeder model for CALIBER
[LOG] Copied PALMDALE_INTERNALS.xml to temp directory
[LOG] Scheme PALMDALE processing completed in 0.6 seconds
[LOG] Cleaned up temp file for scheme PALMDALE : PALMDALE_INTERNALS.xml
[LOG] Parsing GCM feeder model for COURSON
[LOG] Parsing GCM feeder model for LASKER
[LOG] Parsing GCM feeder model for LEDFORD
[LOG] Parsing GCM feeder model for MARK
[LOG] Parsing GCM feeder model for PADDY
[LOG] Parsing GCM feeder model for PAINT
[LOG] Parsing GCM feeder model for PEARLAND
[LOG] Parsing GCM feeder model for RAZOR
[LOG] Parsing GCM feeder model for SIMS
[LOG] Parsing GCM feeder model for SPUR
[LOG] Parsing GCM feeder model for STING
[LOG] Parsing GCM feeder model for THORNBURG
[LOG] Parsing GCM feeder model for TWAIN
[LOG] Parsing GCM feeder model for FORAGE
[LOG] Copied PIUTE_INTERNALS.xml to temp directory
[LOG] Scheme PIUTE processing completed in 0.07 seconds
[LOG] Cleaned up temp file for scheme PIUTE : PIUTE_INTERNALS.xml
[LOG] Parsing GCM feeder model for LUCERNE
[LOG] Parsing GCM feeder model for MUSEUM
[LOG] Parsing GCM feeder model for PETAN
[LOG] Parsing GCM feeder model for DWEEZIL
[LOG] Copied QUARTZ HILL_INTERNALS.xml to temp directory
[LOG] Scheme QUARTZ HILL processing completed in 0.18 seconds
[LOG] Cleaned up temp file for scheme QUARTZ HILL : QUARTZ HILL_INTERNALS.xml
[LOG] Parsing GCM feeder model for GODDE
[LOG] Parsing GCM feeder model for INVENTION
[LOG] Parsing GCM feeder model for KEEFER
[LOG] Parsing GCM feeder model for LARIAT
[LOG] Parsing GCM feeder model for MOONGLOW
[LOG] Parsing GCM feeder model for SCRAPPER
[LOG] Parsing GCM feeder model for WHIP
[LOG] Parsing GCM feeder model for ZAPPA
[LOG] Parsing GCM feeder model for ALFALFA
[LOG] Copied REDMAN_INTERNALS.xml to temp directory
[LOG] Scheme REDMAN processing completed in 0.08 seconds
[LOG] Cleaned up temp file for scheme REDMAN : REDMAN_INTERNALS.xml
[LOG] Parsing GCM feeder model for HOVEY
[LOG] Parsing GCM feeder model for MUROC
[LOG] Parsing GCM feeder model for ROOSEVELT
[LOG] Parsing GCM feeder model for HUCKLEBERRY
[LOG] Copied RITTER RANCH_INTERNALS.xml to temp directory
[LOG] Scheme RITTER RANCH processing completed in 0.05 seconds
[LOG] Cleaned up temp file for scheme RITTER RANCH : RITTER RANCH_INTERNALS.xml
[LOG] Parsing GCM feeder model for SHOWDOWN
[LOG] Parsing GCM feeder model for BUTTE
[LOG] Copied ROSAMOND_INTERNALS.xml to temp directory
[LOG] Scheme ROSAMOND processing completed in 0.39 seconds
[LOG] Cleaned up temp file for scheme ROSAMOND : ROSAMOND_INTERNALS.xml
[LOG] Parsing GCM feeder model for DIVISION
[LOG] Parsing GCM feeder model for GRUBSTAKE
[LOG] Parsing GCM feeder model for OAK CREEK
[LOG] Parsing GCM feeder model for SKIP
[LOG] Parsing GCM feeder model for WILLOW SPRINGS
[LOG] Parsing GCM feeder model for ANAKIN
[LOG] Copied SHUTTLE_INTERNALS.xml to temp directory
[LOG] Scheme SHUTTLE processing completed in 0.25 seconds
[LOG] Cleaned up temp file for scheme SHUTTLE : SHUTTLE_INTERNALS.xml
[LOG] Parsing GCM feeder model for CHEWBACCA
[LOG] Parsing GCM feeder model for DROID
[LOG] Parsing GCM feeder model for ENDOR
[LOG] Parsing GCM feeder model for FORCE
[LOG] Parsing GCM feeder model for HAN SOLO
[LOG] Parsing GCM feeder model for JEDI
[LOG] Parsing GCM feeder model for KONOBIE
[LOG] Parsing GCM feeder model for LEIA
[LOG] Parsing GCM feeder model for NASA
[LOG] Parsing GCM feeder model for SKYWALKER
[LOG] Parsing GCM feeder model for VADAR
[LOG] Parsing GCM feeder model for WOOKIE
[LOG] Parsing GCM feeder model for YODA
[LOG] Parsing GCM feeder model for EASTWIND
[LOG] Copied WILSONA_INTERNALS.xml to temp directory
[LOG] Scheme WILSONA processing completed in 0.04 seconds
[LOG] Cleaned up temp file for scheme WILSONA : WILSONA_INTERNALS.xml
[LOG] Parsing GCM feeder model for MAVERICK
[LOG] Parsing GCM feeder model for TENNECO
[LOG] Copied FRAZIER PARK_INTERNALS.xml to temp directory
[LOG] Scheme FRAZIER PARK processing completed in 0.11 seconds
[LOG] Cleaned up temp file for scheme FRAZIER PARK : FRAZIER PARK_INTERNALS.xml
[LOG] Parsing GCM feeder model for KINSEY
[LOG] Copied GORMAN_INTERNALS.xml to temp directory
[LOG] Scheme GORMAN processing completed in 0.06 seconds
[LOG] Cleaned up temp file for scheme GORMAN : GORMAN_INTERNALS.xml
[LOG] Parsing GCM feeder model for RIDGE
[LOG] Parsing GCM feeder model for TEJON PEAK
[LOG] Copied TEJON PEAK PT_INTERNALS.xml to temp directory
[LOG] Scheme TEJON PEAK PT processing completed in 0.01 seconds
[LOG] Cleaned up temp file for scheme TEJON PEAK PT : TEJON PEAK PT_INTERNALS.xml
[LOG] Parsing GCM feeder model for GRAPEVINE PEAK
[LOG] Copied GRAPEVINE PEAK PT_INTERNALS.xml to temp directory
[LOG] Scheme GRAPEVINE PEAK PT processing completed in 0.01 seconds
[LOG] Cleaned up temp file for scheme GRAPEVINE PEAK PT : GRAPEVINE PEAK PT_INTERNALS.xml
[LOG] Parsing GCM feeder model for CUYAMA
[LOG] Copied TAFT_INTERNALS.xml to temp directory
[LOG] Scheme TAFT processing completed in 0.02 seconds
[LOG] Cleaned up temp file for scheme TAFT : TAFT_INTERNALS.xml
[LOG] Parsing GCM feeder model for FROZEN
[LOG] Copied TEJON (PGAE)_INTERNALS.xml to temp directory
[LOG] Scheme TEJON (PGAE) processing completed in 0.01 seconds
[LOG] Cleaned up temp file for scheme TEJON (PGAE) : TEJON (PGAE)_INTERNALS.xml
[LOG] Parsing GCM feeder model for BIG ROCK
[LOG] Copied CHATSWORTH_INTERNALS.xml to temp directory
[LOG] Scheme CHATSWORTH processing completed in 0.15 seconds
[LOG] Cleaned up temp file for scheme CHATSWORTH : CHATSWORTH_INTERNALS.xml
[LOG] Parsing GCM feeder model for BUFFER
[LOG] Parsing GCM feeder model for ENERGY
[LOG] Parsing GCM feeder model for REVOLUTION
[LOG] Copied COLOSSUS_INTERNALS.xml to temp directory
[LOG] Scheme COLOSSUS processing completed in 0.03 seconds
[LOG] Cleaned up temp file for scheme COLOSSUS : COLOSSUS_INTERNALS.xml
[LOG] Parsing GCM feeder model for SPILLIKIN
[LOG] Parsing GCM feeder model for DRINKWATER
[LOG] Copied DRINKWATER PT_INTERNALS.xml to temp directory
[LOG] Scheme DRINKWATER PT processing completed in 0.01 seconds
[LOG] Cleaned up temp file for scheme DRINKWATER PT : DRINKWATER PT_INTERNALS.xml
[LOG] Parsing GCM feeder model for DWP DRINKWATER
[LOG] Copied DWP POWER PLANT 1_INTERNALS.xml to temp directory
[LOG] Scheme DWP POWER PLANT 1 processing completed in 0.01 seconds
[LOG] Cleaned up temp file for scheme DWP POWER PLANT 1 : DWP POWER PLANT 1_INTERNALS.xml
[LOG] Parsing GCM feeder model for CELLO
[LOG] Copied ELIZABETH LAKE_INTERNALS.xml to temp directory
[LOG] Scheme ELIZABETH LAKE processing completed in 0.77 seconds
[LOG] Cleaned up temp file for scheme ELIZABETH LAKE : ELIZABETH LAKE_INTERNALS.xml
[LOG] Parsing GCM feeder model for CLARINET
[LOG] Parsing GCM feeder model for GUITAR
[LOG] Parsing GCM feeder model for OBOE
[LOG] Parsing GCM feeder model for TAMBOURINE
[LOG] Parsing GCM feeder model for TRUMPET
[LOG] Parsing GCM feeder model for TUBA
[LOG] Parsing GCM feeder model for ESCONDIDO
[LOG] Copied ESCONDIDO PT_INTERNALS.xml to temp directory
[LOG] Scheme ESCONDIDO PT processing completed in 0.01 seconds
[LOG] Cleaned up temp file for scheme ESCONDIDO PT : ESCONDIDO PT_INTERNALS.xml
[LOG] Parsing GCM feeder model for ANGUS
[LOG] Copied FILLMORE_INTERNALS.xml to temp directory
[LOG] Scheme FILLMORE processing completed in 0.22 seconds
[LOG] Cleaned up temp file for scheme FILLMORE : FILLMORE_INTERNALS.xml
[LOG] Parsing GCM feeder model for BALCOM
[LOG] Parsing GCM feeder model for BARRINGTON
[LOG] Parsing GCM feeder model for BUCKHORN
[LOG] Parsing GCM feeder model for TIMBER CANYON
[LOG] Parsing GCM feeder model for BRUTUS
[LOG] Copied HASKELL_INTERNALS.xml to temp directory
[LOG] Scheme HASKELL processing completed in 0.22 seconds
[LOG] Cleaned up temp file for scheme HASKELL : HASKELL_INTERNALS.xml
[LOG] Parsing GCM feeder model for CAESAR
[LOG] Parsing GCM feeder model for CENTURION
[LOG] Parsing GCM feeder model for CHARIOT
[LOG] Parsing GCM feeder model for CONSTANTINE
[LOG] Parsing GCM feeder model for JULIUS
[LOG] Parsing GCM feeder model for MARCUS
[LOG] Parsing GCM feeder model for MAXIMUS
[LOG] Parsing GCM feeder model for NERO
[LOG] Parsing GCM feeder model for ROMANUS
[LOG] Parsing GCM feeder model for TOGA
[LOG] Parsing GCM feeder model for DE MILLE
[LOG] Copied KAGLE CANYON PT_INTERNALS.xml to temp directory
[LOG] Scheme KAGLE CANYON PT processing completed in 0.01 seconds
[LOG] Cleaned up temp file for scheme KAGLE CANYON PT : KAGLE CANYON PT_INTERNALS.xml
[LOG] Parsing GCM feeder model for BLACKBIRD
[LOG] Copied LOCKHEED_INTERNALS.xml to temp directory
[LOG] Scheme LOCKHEED processing completed in 0.11 seconds
[LOG] Cleaned up temp file for scheme LOCKHEED : LOCKHEED_INTERNALS.xml
[LOG] Parsing GCM feeder model for ELECTRA
[LOG] Parsing GCM feeder model for NIGHTHAWK
[LOG] Parsing GCM feeder model for ORION
[LOG] Parsing GCM feeder model for STARFIGHTER
[LOG] Parsing GCM feeder model for LOUCKS
[LOG] Copied LOUCKS PT_INTERNALS.xml to temp directory
[LOG] Scheme LOUCKS PT processing completed in 0.01 seconds
[LOG] Cleaned up temp file for scheme LOUCKS PT : LOUCKS PT_INTERNALS.xml
[LOG] Parsing GCM feeder model for CALGROVE
[LOG] Copied NEWHALL_INTERNALS.xml to temp directory
[LOG] Scheme NEWHALL processing completed in 0.29 seconds
[LOG] Cleaned up temp file for scheme NEWHALL : NEWHALL_INTERNALS.xml
[LOG] Parsing GCM feeder model for CROSS
[LOG] Parsing GCM feeder model for DEWITT
[LOG] Parsing GCM feeder model for GAVIN
[LOG] Parsing GCM feeder model for LYONS
[LOG] Parsing GCM feeder model for MCBEAN
[LOG] Parsing GCM feeder model for MENTRY
[LOG] Parsing GCM feeder model for NEARGATE
[LOG] Parsing GCM feeder model for NEEDHAM
[LOG] Parsing GCM feeder model for POWELL
[LOG] Parsing GCM feeder model for WILDWOOD
[LOG] Parsing GCM feeder model for WILEY
[LOG] Parsing GCM feeder model for ANACONDA
[LOG] Copied NORTH OAKS_INTERNALS.xml to temp directory
[LOG] Scheme NORTH OAKS processing completed in 0.37 seconds
[LOG] Cleaned up temp file for scheme NORTH OAKS : NORTH OAKS_INTERNALS.xml
[LOG] Parsing GCM feeder model for BOA
[LOG] Parsing GCM feeder model for COBRA
[LOG] Parsing GCM feeder model for COPPERHEAD
[LOG] Parsing GCM feeder model for COTTONMOUTH
[LOG] Parsing GCM feeder model for DIAMONDBACK
[LOG] Parsing GCM feeder model for MAMBA
[LOG] Parsing GCM feeder model for MOCCASIN
[LOG] Parsing GCM feeder model for PYTHON
[LOG] Parsing GCM feeder model for RACER
[LOG] Parsing GCM feeder model for RATTLER
[LOG] Parsing GCM feeder model for KALISHER
[LOG] Copied SAN FERNANDO_INTERNALS.xml to temp directory
[LOG] Scheme SAN FERNANDO processing completed in 0.19 seconds
[LOG] Cleaned up temp file for scheme SAN FERNANDO : SAN FERNANDO_INTERNALS.xml
[LOG] Parsing GCM feeder model for LOPEZ
[LOG] Parsing GCM feeder model for MISSION
[LOG] Parsing GCM feeder model for VETERANS
[LOG] Parsing GCM feeder model for BRAND
[LOG] Copied SANTA SUSANA_INTERNALS.xml to temp directory
[LOG] Scheme SANTA SUSANA processing completed in 0.28 seconds
[LOG] Cleaned up temp file for scheme SANTA SUSANA : SANTA SUSANA_INTERNALS.xml
[LOG] Parsing GCM feeder model for CASSIDY
[LOG] Parsing GCM feeder model for GILLIBRAND
[LOG] Parsing GCM feeder model for GLASSCOCK
[LOG] Parsing GCM feeder model for KUEHNER
[LOG] Parsing GCM feeder model for MORELAND
[LOG] Parsing GCM feeder model for STEARNS
[LOG] Parsing GCM feeder model for TAPO
[LOG] Parsing GCM feeder model for TOWNSHIP
[LOG] Parsing GCM feeder model for TWIN LAKES
[LOG] Parsing GCM feeder model for YOSEMITE
[LOG] Parsing GCM feeder model for BERMITE
[LOG] Copied SAUGUS_INTERNALS.xml to temp directory
[LOG] Scheme SAUGUS processing completed in 0.31 seconds
[LOG] Cleaned up temp file for scheme SAUGUS : SAUGUS_INTERNALS.xml
[LOG] Parsing GCM feeder model for CRABTREE
[LOG] Parsing GCM feeder model for DRY CANYON
[LOG] Parsing GCM feeder model for JBSHERMAN
[LOG] Parsing GCM feeder model for MAGIC
[LOG] Parsing GCM feeder model for MINT CANYON
[LOG] Parsing GCM feeder model for MORRIE
[LOG] Parsing GCM feeder model for PLACERITA
[LOG] Parsing GCM feeder model for RINER
[LOG] Parsing GCM feeder model for TIPS
[LOG] Parsing GCM feeder model for VAL VERDE
[LOG] Parsing GCM feeder model for SESPE
[LOG] Copied SESPE PT_INTERNALS.xml to temp directory
[LOG] Scheme SESPE PT processing completed in 0.01 seconds
[LOG] Cleaned up temp file for scheme SESPE PT : SESPE PT_INTERNALS.xml
[LOG] Parsing GCM feeder model for ARLENE
[LOG] Copied SOLEMINT_INTERNALS.xml to temp directory
[LOG] Scheme SOLEMINT processing completed in 0.26 seconds
[LOG] Cleaned up temp file for scheme SOLEMINT : SOLEMINT_INTERNALS.xml
[LOG] Parsing GCM feeder model for BOUQUET
[LOG] Parsing GCM feeder model for DAVENPORT
[LOG] Parsing GCM feeder model for HILLFIELD
[LOG] Parsing GCM feeder model for SAND CANYON
[LOG] Parsing GCM feeder model for VASQUEZ
[LOG] Parsing GCM feeder model for CONDOR
[LOG] Copied BANDUCCI_INTERNALS.xml to temp directory
[LOG] Scheme BANDUCCI processing completed in 0.19 seconds
[LOG] Cleaned up temp file for scheme BANDUCCI : BANDUCCI_INTERNALS.xml
[LOG] Parsing GCM feeder model for GNATCATCHER
[LOG] Parsing GCM feeder model for TANAGER
[LOG] Parsing GCM feeder model for CHINOOK
[LOG] Copied BREEZE_INTERNALS.xml to temp directory
[LOG] Scheme BREEZE processing completed in 0.02 seconds
[LOG] Cleaned up temp file for scheme BREEZE : BREEZE_INTERNALS.xml
[LOG] Parsing GCM feeder model for SIROCCO
[LOG] Parsing GCM feeder model for SLUMP
[LOG] Parsing GCM feeder model for SLURRY
[LOG] Parsing GCM feeder model for DINELY
[LOG] Copied CORRECTION_INTERNALS.xml to temp directory
[LOG] Scheme CORRECTION processing completed in 0.04 seconds
[LOG] Cleaned up temp file for scheme CORRECTION : CORRECTION_INTERNALS.xml
[LOG] Parsing GCM feeder model for CONLEY
[LOG] Copied CORUM_INTERNALS.xml to temp directory
[LOG] Scheme CORUM processing completed in 0.04 seconds
[LOG] Cleaned up temp file for scheme CORUM : CORUM_INTERNALS.xml
[LOG] Parsing GCM feeder model for CALIENTE
[LOG] Copied CUMMINGS_INTERNALS.xml to temp directory
[LOG] Scheme CUMMINGS processing completed in 0.12 seconds
[LOG] Cleaned up temp file for scheme CUMMINGS : CUMMINGS_INTERNALS.xml
[LOG] Parsing GCM feeder model for CUDDEBACK
[LOG] Parsing GCM feeder model for METTLER
[LOG] Parsing GCM feeder model for BOXCAR
[LOG] Copied GOLDTOWN_INTERNALS.xml to temp directory
[LOG] Scheme GOLDTOWN processing completed in 0.21 seconds
[LOG] Cleaned up temp file for scheme GOLDTOWN : GOLDTOWN_INTERNALS.xml
[LOG] Parsing GCM feeder model for CARBON
[LOG] Parsing GCM feeder model for DISCOVERY
[LOG] Parsing GCM feeder model for FLYING D
[LOG] Copied HAVILAH_INTERNALS.xml to temp directory
[LOG] Scheme HAVILAH processing completed in 0.06 seconds
[LOG] Cleaned up temp file for scheme HAVILAH : HAVILAH_INTERNALS.xml
[LOG] Parsing GCM feeder model for TEE VEE
[LOG] Parsing GCM feeder model for CAMP
[LOG] Copied KERN RIVER 1_INTERNALS.xml to temp directory
[LOG] Scheme KERN RIVER 1 processing completed in 0.03 seconds
[LOG] Cleaned up temp file for scheme KERN RIVER 1 : KERN RIVER 1_INTERNALS.xml
[LOG] Parsing GCM feeder model for ZENDA
[LOG] Copied LORAINE_INTERNALS.xml to temp directory
[LOG] Scheme LORAINE processing completed in 0.03 seconds
[LOG] Cleaned up temp file for scheme LORAINE : LORAINE_INTERNALS.xml
[LOG] Parsing GCM feeder model for MEBANE
[LOG] Copied MEBANE PT_INTERNALS.xml to temp directory
[LOG] Scheme MEBANE PT processing completed in 0.01 seconds
[LOG] Cleaned up temp file for scheme MEBANE PT : MEBANE PT_INTERNALS.xml
[LOG] Parsing GCM feeder model for PUFF
[LOG] Copied MIDWIND_INTERNALS.xml to temp directory
[LOG] Scheme MIDWIND processing completed in 0.09 seconds
[LOG] Cleaned up temp file for scheme MIDWIND : MIDWIND_INTERNALS.xml
[LOG] Parsing GCM feeder model for TEMPEST
[LOG] Parsing GCM feeder model for KEENE
[LOG] Copied MONOLITH_INTERNALS.xml to temp directory
[LOG] Scheme MONOLITH processing completed in 0.17 seconds
[LOG] Cleaned up temp file for scheme MONOLITH : MONOLITH_INTERNALS.xml
[LOG] Parsing GCM feeder model for LEVECHE
[LOG] Parsing GCM feeder model for TOMAHAWK
[LOG] Parsing GCM feeder model for VIENTO
[LOG] Parsing GCM feeder model for GUST
[LOG] Copied NORTHWIND_INTERNALS.xml to temp directory
[LOG] Scheme NORTHWIND processing completed in 0.04 seconds
[LOG] Cleaned up temp file for scheme NORTHWIND : NORTHWIND_INTERNALS.xml
[LOG] Parsing GCM feeder model for PINWHEEL
[LOG] Parsing GCM feeder model for QUIXOTE
[LOG] Copied SOUTHWIND_INTERNALS.xml to temp directory
[LOG] Scheme SOUTHWIND processing completed in 0.02 seconds
[LOG] Cleaned up temp file for scheme SOUTHWIND : SOUTHWIND_INTERNALS.xml
[LOG] Parsing GCM feeder model for SANCHO
[LOG] Parsing GCM feeder model for RANKIN
[LOG] Copied WALKER BASIN_INTERNALS.xml to temp directory
[LOG] Scheme WALKER BASIN processing completed in 0.02 seconds
[LOG] Cleaned up temp file for scheme WALKER BASIN : WALKER BASIN_INTERNALS.xml
[LOG] Parsing GCM feeder model for ALEXANDER
[LOG] Copied ARRO_INTERNALS.xml to temp directory
[LOG] Scheme ARRO processing completed in 0.05 seconds
[LOG] Cleaned up temp file for scheme ARRO : ARRO_INTERNALS.xml
[LOG] Parsing GCM feeder model for BERKLEY
[LOG] Parsing GCM feeder model for COLA
[LOG] Parsing GCM feeder model for ELLIOT
[LOG] Parsing GCM feeder model for MOUNTAIN
[LOG] Parsing GCM feeder model for PERSHING
[LOG] Parsing GCM feeder model for CLUB OAKS
[LOG] Copied CARDIFF_INTERNALS.xml to temp directory
[LOG] Scheme CARDIFF processing completed in 0.37 seconds
[LOG] Cleaned up temp file for scheme CARDIFF : CARDIFF_INTERNALS.xml
[LOG] Parsing GCM feeder model for DUMAS
[LOG] Parsing GCM feeder model for HARLEM SPRINGS
[LOG] Parsing GCM feeder model for HERZ
[LOG] Parsing GCM feeder model for JUSTICE
[LOG] Parsing GCM feeder model for LENA
[LOG] Parsing GCM feeder model for MEADOWBROOK
[LOG] Parsing GCM feeder model for MONTY
[LOG] Parsing GCM feeder model for RILEY
[LOG] Parsing GCM feeder model for SHOPS
[LOG] Parsing GCM feeder model for TAMPICO
[LOG] Parsing GCM feeder model for TONGVA
[LOG] Parsing GCM feeder model for WARM CREEK
[LOG] Parsing GCM feeder model for WATERMAN
[LOG] Parsing GCM feeder model for ZAPATA
[LOG] Parsing GCM feeder model for CARPENTER
[LOG] Copied DEL ROSA_INTERNALS.xml to temp directory
[LOG] Scheme DEL ROSA processing completed in 0.84 seconds
[LOG] Cleaned up temp file for scheme DEL ROSA : DEL ROSA_INTERNALS.xml
[LOG] Parsing GCM feeder model for DOOLEY
[LOG] Parsing GCM feeder model for ECHO
[LOG] Parsing GCM feeder model for GUTHRIE
[LOG] Parsing GCM feeder model for HOLLY VISTA
[LOG] Parsing GCM feeder model for HOSPAT
[LOG] Parsing GCM feeder model for HOVATTER
[LOG] Parsing GCM feeder model for MULKEY
[LOG] Parsing GCM feeder model for PARKDALE
[LOG] Parsing GCM feeder model for PUMALO
[LOG] Parsing GCM feeder model for STEGMAN
[LOG] Parsing GCM feeder model for SUTT
[LOG] Parsing GCM feeder model for ABACUS
[LOG] Copied HIGHLAND_INTERNALS.xml to temp directory
[LOG] Scheme HIGHLAND processing completed in 0.28 seconds
[LOG] Cleaned up temp file for scheme HIGHLAND : HIGHLAND_INTERNALS.xml
[LOG] Parsing GCM feeder model for BOULDER
[LOG] Parsing GCM feeder model for CITY CREEK
[LOG] Parsing GCM feeder model for CRAM
[LOG] Parsing GCM feeder model for GOLDBUCKLE
[LOG] Parsing GCM feeder model for HUTCHINS
[LOG] Parsing GCM feeder model for KILTS
[LOG] Parsing GCM feeder model for NICOLE
[LOG] Parsing GCM feeder model for NORWOOD
[LOG] Parsing GCM feeder model for PENCIL
[LOG] Parsing GCM feeder model for RULER
[LOG] Parsing GCM feeder model for SPARKS
[LOG] Parsing GCM feeder model for THOMPSEN
[LOG] Parsing GCM feeder model for ALABAMA
[LOG] Copied REDLANDS_INTERNALS.xml to temp directory
[LOG] Scheme REDLANDS processing completed in 0.31 seconds
[LOG] Cleaned up temp file for scheme REDLANDS : REDLANDS_INTERNALS.xml
[LOG] Parsing GCM feeder model for BROOKSIDE
[LOG] Parsing GCM feeder model for BRYN MAWR
[LOG] Parsing GCM feeder model for CAJON
[LOG] Parsing GCM feeder model for CASA LOMA
[LOG] Parsing GCM feeder model for CHANDLER
[LOG] Parsing GCM feeder model for DEARBORN
[LOG] Parsing GCM feeder model for FROST
[LOG] Parsing GCM feeder model for HASTINGS
[LOG] Parsing GCM feeder model for JASPER
[LOG] Parsing GCM feeder model for JUDSON
[LOG] Parsing GCM feeder model for LA POSADA
[LOG] Parsing GCM feeder model for LUGONIA
[LOG] Parsing GCM feeder model for MUTUAL
[LOG] Parsing GCM feeder model for SYLVAN
[LOG] Parsing GCM feeder model for CENTAUR
[LOG] Copied SAN BERNARDINO_INTERNALS.xml to temp directory
[LOG] Scheme SAN BERNARDINO processing completed in 0.18 seconds
[LOG] Cleaned up temp file for scheme SAN BERNARDINO : SAN BERNARDINO_INTERNALS.xml
[LOG] Parsing GCM feeder model for DRAGON
[LOG] Parsing GCM feeder model for MEDUSA
[LOG] Parsing GCM feeder model for MINOTAUR
[LOG] Parsing GCM feeder model for NIKE
[LOG] Parsing GCM feeder model for SPHINX
[LOG] Parsing GCM feeder model for UNICORN
[LOG] Parsing GCM feeder model for SEYMOUR
[LOG] Copied SANTA ANA RIVER 1_INTERNALS.xml to temp directory
[LOG] Scheme SANTA ANA RIVER 1 processing completed in 0.02 seconds
[LOG] Cleaned up temp file for scheme SANTA ANA RIVER 1 : SANTA ANA RIVER 1_INTERNALS.xml
[LOG] Parsing GCM feeder model for JAKE
[LOG] Copied SMILEY_INTERNALS.xml to temp directory
[LOG] Scheme SMILEY processing completed in 0.03 seconds
[LOG] Cleaned up temp file for scheme SMILEY : SMILEY_INTERNALS.xml
[LOG] Parsing GCM feeder model for RUGGLES
[LOG] Parsing GCM feeder model for ANTIL
[LOG] Copied STODDARD_INTERNALS.xml to temp directory
[LOG] Scheme STODDARD processing completed in 0.06 seconds
[LOG] Cleaned up temp file for scheme STODDARD : STODDARD_INTERNALS.xml
[LOG] Parsing GCM feeder model for BYRON
[LOG] Parsing GCM feeder model for EXPO
[LOG] Parsing GCM feeder model for KENDELL
[LOG] Parsing GCM feeder model for REDICK
[LOG] Parsing GCM feeder model for SUN
[LOG] Parsing GCM feeder model for VIADUCT
[LOG] Parsing GCM feeder model for CHATTANOOGA
[LOG] Copied TENNESSEE_INTERNALS.xml to temp directory
[LOG] Scheme TENNESSEE processing completed in 0.25 seconds
[LOG] Cleaned up temp file for scheme TENNESSEE : TENNESSEE_INTERNALS.xml
[LOG] Parsing GCM feeder model for MEMPHIS
[LOG] Parsing GCM feeder model for NASHVILLE
[LOG] Parsing GCM feeder model for ROCKWELL
[LOG] Parsing GCM feeder model for SHASTA
[LOG] Parsing GCM feeder model for SPARLING
[LOG] Parsing GCM feeder model for ANTIQUE
[LOG] Copied TIMOTEO_INTERNALS.xml to temp directory
[LOG] Scheme TIMOTEO processing completed in 0.31 seconds
[LOG] Cleaned up temp file for scheme TIMOTEO : TIMOTEO_INTERNALS.xml
[LOG] Parsing GCM feeder model for ARLISS
[LOG] Parsing GCM feeder model for CLINIC
[LOG] Parsing GCM feeder model for DENTAL
[LOG] Parsing GCM feeder model for DOCTORS
[LOG] Parsing GCM feeder model for DUROX
[LOG] Parsing GCM feeder model for INTERN
[LOG] Parsing GCM feeder model for MUSE
[LOG] Parsing GCM feeder model for NURSES
[LOG] Parsing GCM feeder model for PETTIS
[LOG] Parsing GCM feeder model for PLACID
[LOG] Parsing GCM feeder model for SURGEON
[LOG] Parsing GCM feeder model for VITAMIN
[LOG] Parsing GCM feeder model for BARTON
[LOG] Copied TIPPECANOE_INTERNALS.xml to temp directory
[LOG] Scheme TIPPECANOE processing completed in 0.04 seconds
[LOG] Cleaned up temp file for scheme TIPPECANOE : TIPPECANOE_INTERNALS.xml
[LOG] Parsing GCM feeder model for HOLSTEIN
[LOG] Parsing GCM feeder model for STERLING
[LOG] Parsing GCM feeder model for WHITLOCK
[LOG] Parsing GCM feeder model for BENCH
[LOG] Copied YUCAIPA_INTERNALS.xml to temp directory
[LOG] Scheme YUCAIPA processing completed in 0.61 seconds
[LOG] Cleaned up temp file for scheme YUCAIPA : YUCAIPA_INTERNALS.xml
[LOG] Parsing GCM feeder model for BURNS
[LOG] Parsing GCM feeder model for CALIMESA
[LOG] Parsing GCM feeder model for CONINE
[LOG] Parsing GCM feeder model for CROFT
[LOG] Parsing GCM feeder model for MESA GRANDE
[LOG] Parsing GCM feeder model for OAK GLEN
[LOG] Parsing GCM feeder model for PENDLETON
[LOG] Parsing GCM feeder model for POULTRY
[LOG] Parsing GCM feeder model for STONEWOOD
[LOG] Parsing GCM feeder model for WILSON CREEK
[LOG] Parsing GCM feeder model for AUGUSTA
[LOG] Copied ALDER_INTERNALS.xml to temp directory
[LOG] Scheme ALDER processing completed in 0.38 seconds
[LOG] Cleaned up temp file for scheme ALDER : ALDER_INTERNALS.xml
[LOG] Parsing GCM feeder model for AYALA
[LOG] Parsing GCM feeder model for BOLOR
[LOG] Parsing GCM feeder model for CASMALIA
[LOG] Parsing GCM feeder model for CHARLIE
[LOG] Parsing GCM feeder model for DORSEY
[LOG] Parsing GCM feeder model for FRISBIE
[LOG] Parsing GCM feeder model for GILFILLAN
[LOG] Parsing GCM feeder model for HEATHER
[LOG] Parsing GCM feeder model for HUFF
[LOG] Parsing GCM feeder model for LYTLE
[LOG] Parsing GCM feeder model for SCHOLL
[LOG] Parsing GCM feeder model for SUSAN
[LOG] Parsing GCM feeder model for TAMARIND
[LOG] Parsing GCM feeder model for TRAPP
[LOG] Parsing GCM feeder model for WIND TUNNEL
[LOG] Parsing GCM feeder model for ALSTOT
[LOG] Copied ARCHLINE_INTERNALS.xml to temp directory
[LOG] Scheme ARCHLINE processing completed in 0.26 seconds
[LOG] Cleaned up temp file for scheme ARCHLINE : ARCHLINE_INTERNALS.xml
[LOG] Parsing GCM feeder model for AMETHYST
[LOG] Parsing GCM feeder model for ASHFORD
[LOG] Parsing GCM feeder model for BANYAN
[LOG] Parsing GCM feeder model for BEECHWOOD
[LOG] Parsing GCM feeder model for CORDON
[LOG] Parsing GCM feeder model for FERON
[LOG] Parsing GCM feeder model for GREY
[LOG] Parsing GCM feeder model for GRILLEY
[LOG] Parsing GCM feeder model for JAYBIRD
[LOG] Parsing GCM feeder model for KENYON
[LOG] Parsing GCM feeder model for LA GRANDE
[LOG] Parsing GCM feeder model for TERRA
[LOG] Parsing GCM feeder model for ZINSER
[LOG] Parsing GCM feeder model for BAMBOO
[LOG] Copied DECLEZ_INTERNALS.xml to temp directory
[LOG] Scheme DECLEZ processing completed in 1.03 seconds
[LOG] Cleaned up temp file for scheme DECLEZ : DECLEZ_INTERNALS.xml
[LOG] Parsing GCM feeder model for BIG RIGG
[LOG] Parsing GCM feeder model for CALABASH
[LOG] Parsing GCM feeder model for CATAWBA
[LOG] Parsing GCM feeder model for CITROW
[LOG] Parsing GCM feeder model for DIXON
[LOG] Parsing GCM feeder model for KAISER
[LOG] Parsing GCM feeder model for MANNING
[LOG] Parsing GCM feeder model for MARBLE
[LOG] Parsing GCM feeder model for REDWOOD
[LOG] Parsing GCM feeder model for SANBER
[LOG] Parsing GCM feeder model for SPEEDWAY
[LOG] Parsing GCM feeder model for TOKAY
[LOG] Parsing GCM feeder model for TRACTOR
[LOG] Parsing GCM feeder model for BELUSHI
[LOG] Copied ETIWANDA_INTERNALS.xml to temp directory
[LOG] Scheme ETIWANDA processing completed in 0.27 seconds
[LOG] Cleaned up temp file for scheme ETIWANDA : ETIWANDA_INTERNALS.xml
[LOG] Parsing GCM feeder model for BENNY
[LOG] Parsing GCM feeder model for DANGERFIELD
[LOG] Parsing GCM feeder model for FIELDS
[LOG] Parsing GCM feeder model for HEDBERG
[LOG] Parsing GCM feeder model for HOPE
[LOG] Parsing GCM feeder model for MAGOO
[LOG] Parsing GCM feeder model for MARX
[LOG] Parsing GCM feeder model for PRYOR
[LOG] Parsing GCM feeder model for SELLERS
[LOG] Parsing GCM feeder model for STOOGES
[LOG] Parsing GCM feeder model for CHEVELLE
[LOG] Copied FALCON RIDGE_INTERNALS.xml to temp directory
[LOG] Scheme FALCON RIDGE processing completed in 0.15 seconds
[LOG] Cleaned up temp file for scheme FALCON RIDGE : FALCON RIDGE_INTERNALS.xml
[LOG] Parsing GCM feeder model for FAIRLANE
[LOG] Parsing GCM feeder model for FIREBIRD
[LOG] Parsing GCM feeder model for FURY
[LOG] Parsing GCM feeder model for IMPALA
[LOG] Parsing GCM feeder model for FORGE
[LOG] Copied FORGE_INTERNALS.xml to temp directory
[LOG] Scheme FORGE processing completed in 0.04 seconds
[LOG] Cleaned up temp file for scheme FORGE : FORGE_INTERNALS.xml
[LOG] Parsing GCM feeder model for DRONE
[LOG] Copied GENAMIC_INTERNALS.xml to temp directory
[LOG] Scheme GENAMIC processing completed in 0.07 seconds
[LOG] Cleaned up temp file for scheme GENAMIC : GENAMIC_INTERNALS.xml
[LOG] Parsing GCM feeder model for DYNAMICS
[LOG] Parsing GCM feeder model for GUIDANCE
[LOG] Parsing GCM feeder model for SILO
[LOG] Parsing GCM feeder model for CREEK
[LOG] Copied NIAGARA_INTERNALS.xml to temp directory
[LOG] Scheme NIAGARA processing completed in 0.01 seconds
[LOG] Cleaned up temp file for scheme NIAGARA : NIAGARA_INTERNALS.xml
[LOG] Parsing GCM feeder model for KETTLE
[LOG] Parsing GCM feeder model for ACOSTA
[LOG] Copied RANDALL_INTERNALS.xml to temp directory
[LOG] Scheme RANDALL processing completed in 0.25 seconds
[LOG] Cleaned up temp file for scheme RANDALL : RANDALL_INTERNALS.xml
[LOG] Parsing GCM feeder model for COLLEEN
[LOG] Parsing GCM feeder model for DIGBY
[LOG] Parsing GCM feeder model for DUNNING
[LOG] Parsing GCM feeder model for HASTY
[LOG] Parsing GCM feeder model for JUNIOR
[LOG] Parsing GCM feeder model for MANTECA
[LOG] Parsing GCM feeder model for MORA
[LOG] Parsing GCM feeder model for NICKLIN
[LOG] Parsing GCM feeder model for SANDELL
[LOG] Parsing GCM feeder model for SHINE
[LOG] Parsing GCM feeder model for SILVA
[LOG] Parsing GCM feeder model for WAHLSTROM
[LOG] Parsing GCM feeder model for ZIMMER
[LOG] Parsing GCM feeder model for HEALTHCARE
[LOG] Copied THRIVE_INTERNALS.xml to temp directory
[LOG] Scheme THRIVE processing completed in 0.01 seconds
[LOG] Cleaned up temp file for scheme THRIVE : THRIVE_INTERNALS.xml
[LOG] Parsing GCM feeder model for AGASSI
[LOG] Copied WIMBLEDON_INTERNALS.xml to temp directory
[LOG] Scheme WIMBLEDON processing completed in 1.01 seconds
[LOG] Cleaned up temp file for scheme WIMBLEDON : WIMBLEDON_INTERNALS.xml
[LOG] Parsing GCM feeder model for BORG
[LOG] Parsing GCM feeder model for CASALS
[LOG] Parsing GCM feeder model for CHANG
[LOG] Parsing GCM feeder model for CONNERS
[LOG] Parsing GCM feeder model for FEDERER
[LOG] Parsing GCM feeder model for GRAF
[LOG] Parsing GCM feeder model for LAVER
[LOG] Parsing GCM feeder model for MCENROE
[LOG] Parsing GCM feeder model for NASTASE
[LOG] Parsing GCM feeder model for RIGGS
[LOG] Parsing GCM feeder model for SAMPRAS
[LOG] Parsing GCM feeder model for TILDEN
[LOG] Parsing GCM feeder model for ALOLA #2
[LOG] Copied ALOLA_INTERNALS.xml to temp directory
[LOG] Scheme ALOLA processing completed in 0.01 seconds
[LOG] Cleaned up temp file for scheme ALOLA : ALOLA_INTERNALS.xml
[LOG] Parsing GCM feeder model for CITY OF BANNING #1
[LOG] Copied BANNING_INTERNALS.xml to temp directory
[LOG] Scheme BANNING processing completed in 0.06 seconds
[LOG] Cleaned up temp file for scheme BANNING : BANNING_INTERNALS.xml
[LOG] Parsing GCM feeder model for CITY OF BANNING #2
[LOG] Parsing GCM feeder model for CITY OF BANNING #3
[LOG] Parsing GCM feeder model for SADDLEBACK
[LOG] Parsing GCM feeder model for STUBBY
[LOG] Parsing GCM feeder model for EGAN
[LOG] Copied BEAUMONT_INTERNALS.xml to temp directory
[LOG] Scheme BEAUMONT processing completed in 0.03 seconds
[LOG] Cleaned up temp file for scheme BEAUMONT : BEAUMONT_INTERNALS.xml
[LOG] Parsing GCM feeder model for JACK RABBIT
[LOG] Parsing GCM feeder model for STEWART
[LOG] Parsing GCM feeder model for FINGAL
[LOG] Copied CABAZON_INTERNALS.xml to temp directory
[LOG] Scheme CABAZON processing completed in 0.1 seconds
[LOG] Cleaned up temp file for scheme CABAZON : CABAZON_INTERNALS.xml
[LOG] Parsing GCM feeder model for POPPET FLATS
[LOG] Parsing GCM feeder model for CAMP ANGELUS
[LOG] Copied CAMP ANGELUS PT_INTERNALS.xml to temp directory
[LOG] Scheme CAMP ANGELUS PT processing completed in 0.02 seconds
[LOG] Cleaned up temp file for scheme CAMP ANGELUS PT : CAMP ANGELUS PT_INTERNALS.xml
[LOG] Parsing GCM feeder model for JENKS LAKE
[LOG] Copied CONVERSE FLATS_INTERNALS.xml to temp directory
[LOG] Scheme CONVERSE FLATS processing completed in 0.03 seconds
[LOG] Cleaned up temp file for scheme CONVERSE FLATS : CONVERSE FLATS_INTERNALS.xml
[LOG] Parsing GCM feeder model for CRUMP
[LOG] Copied CRUMP PT_INTERNALS.xml to temp directory
[LOG] Scheme CRUMP PT processing completed in 0.02 seconds
[LOG] Cleaned up temp file for scheme CRUMP PT : CRUMP PT_INTERNALS.xml
[LOG] Parsing GCM feeder model for DYSART
[LOG] Copied DYSART PT_INTERNALS.xml to temp directory
[LOG] Scheme DYSART PT processing completed in 0.02 seconds
[LOG] Cleaned up temp file for scheme DYSART PT : DYSART PT_INTERNALS.xml
[LOG] Parsing GCM feeder model for GRANNY SMITH
[LOG] Copied EL CASCO_INTERNALS.xml to temp directory
[LOG] Scheme EL CASCO processing completed in 0.19 seconds
[LOG] Cleaned up temp file for scheme EL CASCO : EL CASCO_INTERNALS.xml
[LOG] Parsing GCM feeder model for HONEYCRISP
[LOG] Parsing GCM feeder model for JONAGOLD
[LOG] Parsing GCM feeder model for MACINTOSH
[LOG] Parsing GCM feeder model for OZARK
[LOG] Parsing GCM feeder model for BIG FALLS
[LOG] Copied FOREST HOME_INTERNALS.xml to temp directory
[LOG] Scheme FOREST HOME processing completed in 0.02 seconds
[LOG] Cleaned up temp file for scheme FOREST HOME : FOREST HOME_INTERNALS.xml
[LOG] Parsing GCM feeder model for CONFERENCE
[LOG] Parsing GCM feeder model for GUNSITE
[LOG] Copied GUNSITE PT_INTERNALS.xml to temp directory
[LOG] Scheme GUNSITE PT processing completed in 0.02 seconds
[LOG] Cleaned up temp file for scheme GUNSITE PT : GUNSITE PT_INTERNALS.xml
[LOG] Parsing GCM feeder model for BADA
[LOG] Copied MARASCHINO_INTERNALS.xml to temp directory
[LOG] Scheme MARASCHINO processing completed in 0.31 seconds
[LOG] Cleaned up temp file for scheme MARASCHINO : MARASCHINO_INTERNALS.xml
[LOG] Parsing GCM feeder model for BING
[LOG] Parsing GCM feeder model for CAROON
[LOG] Parsing GCM feeder model for DUKE
[LOG] Parsing GCM feeder model for IDA
[LOG] Parsing GCM feeder model for JUBILEE
[LOG] Parsing GCM feeder model for LAPINS
[LOG] Parsing GCM feeder model for MORELLO
[LOG] Parsing GCM feeder model for NAPOLEON
[LOG] Parsing GCM feeder model for RANIER
[LOG] Parsing GCM feeder model for ROUNDEL
[LOG] Parsing GCM feeder model for SCHMIDT
[LOG] Parsing GCM feeder model for HASS
[LOG] Copied MENTONE_INTERNALS.xml to temp directory
[LOG] Scheme MENTONE processing completed in 0.11 seconds
[LOG] Cleaned up temp file for scheme MENTONE : MENTONE_INTERNALS.xml
[LOG] Parsing GCM feeder model for JIMS
[LOG] Parsing GCM feeder model for NAVEL
[LOG] Parsing GCM feeder model for REED
[LOG] Parsing GCM feeder model for PURCHASE
[LOG] Copied OUTLET PT_INTERNALS.xml to temp directory
[LOG] Scheme OUTLET PT processing completed in 0.06 seconds
[LOG] Cleaned up temp file for scheme OUTLET PT : OUTLET PT_INTERNALS.xml
[LOG] Parsing GCM feeder model for STORES
[LOG] Parsing GCM feeder model for PHEASANT
[LOG] Copied PHEASANT PT_INTERNALS.xml to temp directory
[LOG] Scheme PHEASANT PT processing completed in 0.03 seconds
[LOG] Cleaned up temp file for scheme PHEASANT PT : PHEASANT PT_INTERNALS.xml
[LOG] Parsing GCM feeder model for WEESHA
[LOG] Copied WEESHA PT_INTERNALS.xml to temp directory
[LOG] Scheme WEESHA PT processing completed in 0.01 seconds
[LOG] Cleaned up temp file for scheme WEESHA PT : WEESHA PT_INTERNALS.xml
[LOG] Parsing GCM feeder model for BEAR VALLEY
[LOG] Copied ZANJA_INTERNALS.xml to temp directory
[LOG] Scheme ZANJA processing completed in 0.05 seconds
[LOG] Cleaned up temp file for scheme ZANJA : ZANJA_INTERNALS.xml
[LOG] Parsing GCM feeder model for JEEP
[LOG] Copied ARROWHEAD_INTERNALS.xml to temp directory
[LOG] Scheme ARROWHEAD processing completed in 0.1 seconds
[LOG] Cleaned up temp file for scheme ARROWHEAD : ARROWHEAD_INTERNALS.xml
[LOG] Parsing GCM feeder model for SAWPIT
[LOG] Parsing GCM feeder model for SHAKE
[LOG] Parsing GCM feeder model for SQUINT
[LOG] Parsing GCM feeder model for BOBBER
[LOG] Copied BLOOMINGTON_INTERNALS.xml to temp directory
[LOG] Scheme BLOOMINGTON processing completed in 0.42 seconds
[LOG] Cleaned up temp file for scheme BLOOMINGTON : BLOOMINGTON_INTERNALS.xml
[LOG] Parsing GCM feeder model for BOMBAY
[LOG] Parsing GCM feeder model for FLATCAR
[LOG] Parsing GCM feeder model for HIGHBALL
[LOG] Parsing GCM feeder model for HOPPER
[LOG] Parsing GCM feeder model for IRONHORSE
[LOG] Parsing GCM feeder model for REDBALL
[LOG] Parsing GCM feeder model for SLOVER
[LOG] Parsing GCM feeder model for SPIKE
[LOG] Parsing GCM feeder model for STOCKCAR
[LOG] Parsing GCM feeder model for STREAMLINER
[LOG] Parsing GCM feeder model for TENDER
[LOG] Parsing GCM feeder model for TURNTABLE
[LOG] Parsing GCM feeder model for WIGWAG
[LOG] Parsing GCM feeder model for BLUE CUT
[LOG] Copied BLUE CUT PT_INTERNALS.xml to temp directory
[LOG] Scheme BLUE CUT PT processing completed in 0.05 seconds
[LOG] Cleaned up temp file for scheme BLUE CUT PT : BLUE CUT PT_INTERNALS.xml
[LOG] Parsing GCM feeder model for BROOKINGS
[LOG] Copied BROOKINGS PT_INTERNALS.xml to temp directory
[LOG] Scheme BROOKINGS PT processing completed in 0.01 seconds
[LOG] Cleaned up temp file for scheme BROOKINGS PT : BROOKINGS PT_INTERNALS.xml
[LOG] Parsing GCM feeder model for CEDAR GLEN
[LOG] Copied BURNT MILL_INTERNALS.xml to temp directory
[LOG] Scheme BURNT MILL processing completed in 0.18 seconds
[LOG] Cleaned up temp file for scheme BURNT MILL : BURNT MILL_INTERNALS.xml
[LOG] Parsing GCM feeder model for HEAPS PEAK
[LOG] Parsing GCM feeder model for NORTH SHORE
[LOG] Parsing GCM feeder model for RIM
[LOG] Parsing GCM feeder model for TWIN PEAKS
[LOG] Parsing GCM feeder model for BOX SPRING
[LOG] Copied CALECTRIC_INTERNALS.xml to temp directory
[LOG] Scheme CALECTRIC processing completed in 0.13 seconds
[LOG] Cleaned up temp file for scheme CALECTRIC : CALECTRIC_INTERNALS.xml
[LOG] Parsing GCM feeder model for FAMOUS
[LOG] Parsing GCM feeder model for FONRI
[LOG] Parsing GCM feeder model for LARCH
[LOG] Parsing GCM feeder model for LIMONITE
[LOG] Parsing GCM feeder model for LITTLE MOUNTAIN
[LOG] Parsing GCM feeder model for MEREDITH
[LOG] Parsing GCM feeder model for SAD
[LOG] Parsing GCM feeder model for VERDEMONT
[LOG] Parsing GCM feeder model for MONTREAL
[LOG] Copied CANADIAN_INTERNALS.xml to temp directory
[LOG] Scheme CANADIAN processing completed in 0.07 seconds
[LOG] Cleaned up temp file for scheme CANADIAN : CANADIAN_INTERNALS.xml
[LOG] Parsing GCM feeder model for TORONTO
[LOG] Parsing GCM feeder model for CEDAR PINES
[LOG] Copied CEDAR PINES PT_INTERNALS.xml to temp directory
[LOG] Scheme CEDAR PINES PT processing completed in 0.02 seconds
[LOG] Cleaned up temp file for scheme CEDAR PINES PT : CEDAR PINES PT_INTERNALS.xml
[LOG] Parsing GCM feeder model for CHILLON
[LOG] Copied CHILLON PT_INTERNALS.xml to temp directory
[LOG] Scheme CHILLON PT processing completed in 0.03 seconds
[LOG] Cleaned up temp file for scheme CHILLON PT : CHILLON PT_INTERNALS.xml
[LOG] Parsing GCM feeder model for BEMIS
[LOG] Copied COLTON_INTERNALS.xml to temp directory
[LOG] Scheme COLTON processing completed in 0.3 seconds
[LOG] Cleaned up temp file for scheme COLTON : COLTON_INTERNALS.xml
[LOG] Parsing GCM feeder model for CACTUS
[LOG] Parsing GCM feeder model for COOLEY
[LOG] Parsing GCM feeder model for DERBY
[LOG] Parsing GCM feeder model for DOMIC
[LOG] Parsing GCM feeder model for GLOBE MILLS
[LOG] Parsing GCM feeder model for MANSA
[LOG] Parsing GCM feeder model for PRESTON
[LOG] Parsing GCM feeder model for COTTAGE GROVE
[LOG] Copied COTTAGE GROVE_INTERNALS.xml to temp directory
[LOG] Scheme COTTAGE GROVE processing completed in 0.02 seconds
[LOG] Cleaned up temp file for scheme COTTAGE GROVE : COTTAGE GROVE_INTERNALS.xml
[LOG] Parsing GCM feeder model for DALBA
[LOG] Copied DALBA PT_INTERNALS.xml to temp directory
[LOG] Scheme DALBA PT processing completed in 0.03 seconds
[LOG] Cleaned up temp file for scheme DALBA PT : DALBA PT_INTERNALS.xml
[LOG] Parsing GCM feeder model for ANDERSON
[LOG] Copied GLEN AVON_INTERNALS.xml to temp directory
[LOG] Scheme GLEN AVON processing completed in 0.27 seconds
[LOG] Cleaned up temp file for scheme GLEN AVON : GLEN AVON_INTERNALS.xml
[LOG] Parsing GCM feeder model for BLACKHILLS
[LOG] Parsing GCM feeder model for GALENA
[LOG] Parsing GCM feeder model for GOWAN
[LOG] Parsing GCM feeder model for KRAFT
[LOG] Parsing GCM feeder model for PARCO
[LOG] Parsing GCM feeder model for TEXFI
[LOG] Parsing GCM feeder model for TYROLITE
[LOG] Parsing GCM feeder model for GREEN BEAR
[LOG] Copied GREEN BEAR PT_INTERNALS.xml to temp directory
[LOG] Scheme GREEN BEAR PT processing completed in 0.02 seconds
[LOG] Cleaned up temp file for scheme GREEN BEAR PT : GREEN BEAR PT_INTERNALS.xml
[LOG] Parsing GCM feeder model for HIGH SCHOOL
[LOG] Copied HIGH SCHOOL PT_INTERNALS.xml to temp directory
[LOG] Scheme HIGH SCHOOL PT processing completed in 0.03 seconds
[LOG] Cleaned up temp file for scheme HIGH SCHOOL PT : HIGH SCHOOL PT_INTERNALS.xml
[LOG] Parsing GCM feeder model for ALLSTATE
[LOG] Copied HOMART_INTERNALS.xml to temp directory
[LOG] Scheme HOMART processing completed in 0.1 seconds
[LOG] Cleaned up temp file for scheme HOMART : HOMART_INTERNALS.xml
[LOG] Parsing GCM feeder model for CRAFTSMAN
[LOG] Parsing GCM feeder model for DRESSEN
[LOG] Parsing GCM feeder model for DUNLAP
[LOG] Parsing GCM feeder model for SILVERTONE
[LOG] Parsing GCM feeder model for URBITA
[LOG] Parsing GCM feeder model for HOOK CREEK
[LOG] Copied HOOK CREEK PT_INTERNALS.xml to temp directory
[LOG] Scheme HOOK CREEK PT processing completed in 0.02 seconds
[LOG] Cleaned up temp file for scheme HOOK CREEK PT : HOOK CREEK PT_INTERNALS.xml
[LOG] Parsing GCM feeder model for CRESTLINE
[LOG] Copied HUSTON_INTERNALS.xml to temp directory
[LOG] Scheme HUSTON processing completed in 0.18 seconds
[LOG] Cleaned up temp file for scheme HUSTON : HUSTON_INTERNALS.xml
[LOG] Parsing GCM feeder model for MORITZ
[LOG] Parsing GCM feeder model for SEELEY
[LOG] Parsing GCM feeder model for SKYLAND
[LOG] Parsing GCM feeder model for TETLEY
[LOG] Parsing GCM feeder model for JOB
[LOG] Copied JOB PT_INTERNALS.xml to temp directory
[LOG] Scheme JOB PT processing completed in 0.03 seconds
[LOG] Cleaned up temp file for scheme JOB PT : JOB PT_INTERNALS.xml
[LOG] Parsing GCM feeder model for KUFFEL
[LOG] Copied KUFFEL PT_INTERNALS.xml to temp directory
[LOG] Scheme KUFFEL PT processing completed in 0.02 seconds
[LOG] Cleaned up temp file for scheme KUFFEL PT : KUFFEL PT_INTERNALS.xml
[LOG] Parsing GCM feeder model for LURING
[LOG] Copied LURING PT_INTERNALS.xml to temp directory
[LOG] Scheme LURING PT processing completed in 0.01 seconds
[LOG] Cleaned up temp file for scheme LURING PT : LURING PT_INTERNALS.xml
[LOG] Parsing GCM feeder model for BARBEE
[LOG] Copied MAXWELL_INTERNALS.xml to temp directory
[LOG] Scheme MAXWELL processing completed in 0.24 seconds
[LOG] Cleaned up temp file for scheme MAXWELL : MAXWELL_INTERNALS.xml
[LOG] Parsing GCM feeder model for BARRATT
[LOG] Parsing GCM feeder model for BRUTTE
[LOG] Parsing GCM feeder model for DUDA
[LOG] Parsing GCM feeder model for FLAKE
[LOG] Parsing GCM feeder model for GRAHAM
[LOG] Parsing GCM feeder model for HACKLER
[LOG] Parsing GCM feeder model for HEERS
[LOG] Parsing GCM feeder model for REAKES
[LOG] Parsing GCM feeder model for RECHE
[LOG] Parsing GCM feeder model for ROWE
[LOG] Parsing GCM feeder model for WESTBLUFF
[LOG] Parsing GCM feeder model for ZANTAR
[LOG] Parsing GCM feeder model for CAREY
[LOG] Copied MT VERNON_INTERNALS.xml to temp directory
[LOG] Scheme MT VERNON processing completed in 0.07 seconds
[LOG] Cleaned up temp file for scheme MT VERNON : MT VERNON_INTERNALS.xml
[LOG] Parsing GCM feeder model for COWEN
[LOG] Parsing GCM feeder model for GARNER
[LOG] Parsing GCM feeder model for GOODNER
[LOG] Parsing GCM feeder model for LEBER
[LOG] Parsing GCM feeder model for SAGE
[LOG] Parsing GCM feeder model for MACY
[LOG] Copied MUSCOY_INTERNALS.xml to temp directory
[LOG] Scheme MUSCOY processing completed in 0.02 seconds
[LOG] Cleaned up temp file for scheme MUSCOY : MUSCOY_INTERNALS.xml
[LOG] Parsing GCM feeder model for POWER
[LOG] Parsing GCM feeder model for NORTH BAY
[LOG] Copied NORTH BAY PT_INTERNALS.xml to temp directory
[LOG] Scheme NORTH BAY PT processing completed in 0.05 seconds
[LOG] Cleaned up temp file for scheme NORTH BAY PT : NORTH BAY PT_INTERNALS.xml
[LOG] Parsing GCM feeder model for OAK KNOLL
[LOG] Copied OAK KNOLL PT_INTERNALS.xml to temp directory
[LOG] Scheme OAK KNOLL PT processing completed in 0.01 seconds
[LOG] Cleaned up temp file for scheme OAK KNOLL PT : OAK KNOLL PT_INTERNALS.xml
[LOG] Parsing GCM feeder model for BURGUNDY
[LOG] Copied PEPPER_INTERNALS.xml to temp directory
[LOG] Scheme PEPPER processing completed in 0.27 seconds
[LOG] Cleaned up temp file for scheme PEPPER : PEPPER_INTERNALS.xml
[LOG] Parsing GCM feeder model for CABERNET
[LOG] Parsing GCM feeder model for LANCERS
[LOG] Parsing GCM feeder model for MATEUS
[LOG] Parsing GCM feeder model for REISLING
[LOG] Parsing GCM feeder model for SAUTERNE
[LOG] Parsing GCM feeder model for SHERRY
[LOG] Parsing GCM feeder model for SHIRAZ
[LOG] Parsing GCM feeder model for ZINFANDEL
[LOG] Parsing GCM feeder model for ELDER
[LOG] Copied RIALTO_INTERNALS.xml to temp directory
[LOG] Scheme RIALTO processing completed in 0.08 seconds
[LOG] Cleaned up temp file for scheme RIALTO : RIALTO_INTERNALS.xml
[LOG] Parsing GCM feeder model for LOPER
[LOG] Parsing GCM feeder model for LOVE
[LOG] Parsing GCM feeder model for ROSEWOOD
[LOG] Parsing GCM feeder model for SID
[LOG] Parsing GCM feeder model for FLABOB
[LOG] Copied RUBIDOUX_INTERNALS.xml to temp directory
[LOG] Scheme RUBIDOUX processing completed in 0.06 seconds
[LOG] Cleaned up temp file for scheme RUBIDOUX : RUBIDOUX_INTERNALS.xml
[LOG] Parsing GCM feeder model for NAYLOR
[LOG] Parsing GCM feeder model for SEBASTIAN
[LOG] Parsing GCM feeder model for ROWCO
[LOG] Copied RUNNING SPRINGS_INTERNALS.xml to temp directory
[LOG] Scheme RUNNING SPRINGS processing completed in 0.15 seconds
[LOG] Cleaned up temp file for scheme RUNNING SPRINGS : RUNNING SPRINGS_INTERNALS.xml
[LOG] Parsing GCM feeder model for SNOW VALLEY
[LOG] Parsing GCM feeder model for TAGGERT
[LOG] Parsing GCM feeder model for AVANTI
[LOG] Copied SHANDIN_INTERNALS.xml to temp directory
[LOG] Scheme SHANDIN processing completed in 0.29 seconds
[LOG] Cleaned up temp file for scheme SHANDIN : SHANDIN_INTERNALS.xml
[LOG] Parsing GCM feeder model for BADGER
[LOG] Parsing GCM feeder model for CALSTATE
[LOG] Parsing GCM feeder model for CARMELITA
[LOG] Parsing GCM feeder model for HALLMARK
[LOG] Parsing GCM feeder model for IRVINGTON
[LOG] Parsing GCM feeder model for NORTHPARK
[LOG] Parsing GCM feeder model for ROITAN
[LOG] Parsing GCM feeder model for SWEETWATER
[LOG] Parsing GCM feeder model for VARGAS
[LOG] Parsing GCM feeder model for VARSITY
[LOG] Parsing GCM feeder model for MUFFIN
[LOG] Copied SIXTEENTH STREET_INTERNALS.xml to temp directory
[LOG] Scheme SIXTEENTH STREET processing completed in 0.16 seconds
[LOG] Cleaned up temp file for scheme SIXTEENTH STREET : SIXTEENTH STREET_INTERNALS.xml
[LOG] Parsing GCM feeder model for POTATO
[LOG] Parsing GCM feeder model for RAISIN
[LOG] Parsing GCM feeder model for RYE
[LOG] Parsing GCM feeder model for VALLEY OF THE MOON
[LOG] Copied VALLEY OF THE MOON PT_INTERNALS.xml to temp directory
[LOG] Scheme VALLEY OF THE MOON PT processing completed in 0.03 seconds
[LOG] Cleaned up temp file for scheme VALLEY OF THE MOON PT : VALLEY OF THE MOON PT_INTERNALS.xml
[LOG] Parsing GCM feeder model for BELLTOWN
[LOG] Copied WEST RIVERSIDE_INTERNALS.xml to temp directory
[LOG] Scheme WEST RIVERSIDE processing completed in 0.07 seconds
[LOG] Cleaned up temp file for scheme WEST RIVERSIDE : WEST RIVERSIDE_INTERNALS.xml
[LOG] Parsing GCM feeder model for FLEETWOOD
[LOG] Parsing GCM feeder model for WINNEBAGO
[LOG] Parsing GCM feeder model for ALLVIEW
[LOG] Copied ALLVIEW PT_INTERNALS.xml to temp directory
[LOG] Scheme ALLVIEW PT processing completed in 0.01 seconds
[LOG] Cleaned up temp file for scheme ALLVIEW PT : ALLVIEW PT_INTERNALS.xml
[LOG] Parsing GCM feeder model for ALPINE
[LOG] Copied ALPINE PT_INTERNALS.xml to temp directory
[LOG] Scheme ALPINE PT processing completed in 0.11 seconds
[LOG] Cleaned up temp file for scheme ALPINE PT : ALPINE PT_INTERNALS.xml
[LOG] Parsing GCM feeder model for CRAB
[LOG] Parsing GCM feeder model for ALPHA
[LOG] Copied TELEGRAPH_INTERNALS.xml to temp directory
[LOG] Scheme TELEGRAPH processing completed in 1.46 seconds
[LOG] Cleaned up temp file for scheme TELEGRAPH : TELEGRAPH_INTERNALS.xml
[LOG] Parsing GCM feeder model for BETA
[LOG] Parsing GCM feeder model for GAMMA
[LOG] Parsing GCM feeder model for ABBEY
[LOG] Copied BLISS_INTERNALS.xml to temp directory
[LOG] Scheme BLISS processing completed in 0.23 seconds
[LOG] Cleaned up temp file for scheme BLISS : BLISS_INTERNALS.xml
[LOG] Parsing GCM feeder model for ACALA
[LOG] Copied PIXLEY_INTERNALS.xml to temp directory
[LOG] Scheme PIXLEY processing completed in 0.22 seconds
[LOG] Cleaned up temp file for scheme PIXLEY : PIXLEY_INTERNALS.xml
[LOG] Parsing GCM feeder model for ADELANTO
[LOG] Copied VICTOR_INTERNALS.xml to temp directory
[LOG] Scheme VICTOR processing completed in 0.69 seconds
[LOG] Cleaned up temp file for scheme VICTOR : VICTOR_INTERNALS.xml
[LOG] Parsing GCM feeder model for APPLE
[LOG] Copied CITRUS_INTERNALS.xml to temp directory
[LOG] Scheme CITRUS processing completed in 0.27 seconds
[LOG] Cleaned up temp file for scheme CITRUS : CITRUS_INTERNALS.xml
[LOG] Parsing GCM feeder model for BEATTIE
[LOG] Copied PORTERVILLE_INTERNALS.xml to temp directory
[LOG] Scheme PORTERVILLE processing completed in 0.52 seconds
[LOG] Cleaned up temp file for scheme PORTERVILLE : PORTERVILLE_INTERNALS.xml
[LOG] Parsing GCM feeder model for BEELINE
[LOG] Parsing GCM feeder model for BILTON
[LOG] Copied ROSEMEAD_INTERNALS.xml to temp directory
[LOG] Scheme ROSEMEAD processing completed in 0.33 seconds
[LOG] Cleaned up temp file for scheme ROSEMEAD : ROSEMEAD_INTERNALS.xml
[LOG] Parsing GCM feeder model for BLANCHARD
[LOG] Copied REPETTO_INTERNALS.xml to temp directory
[LOG] Scheme REPETTO processing completed in 0.28 seconds
[LOG] Cleaned up temp file for scheme REPETTO : REPETTO_INTERNALS.xml
[LOG] Parsing GCM feeder model for BANANA
[LOG] Parsing GCM feeder model for BLINKER
[LOG] Parsing GCM feeder model for BRONCO
[LOG] Copied NARROWS_INTERNALS.xml to temp directory
[LOG] Scheme NARROWS processing completed in 0.32 seconds
[LOG] Cleaned up temp file for scheme NARROWS : NARROWS_INTERNALS.xml
[LOG] Parsing GCM feeder model for BRUCITE
[LOG] Parsing GCM feeder model for AMAZON
[LOG] Copied RIO HONDO_INTERNALS.xml to temp directory
[LOG] Scheme RIO HONDO processing completed in 0.6 seconds
[LOG] Cleaned up temp file for scheme RIO HONDO : RIO HONDO_INTERNALS.xml
[LOG] Parsing GCM feeder model for BRUNNER
[LOG] Copied ALHAMBRA_INTERNALS.xml to temp directory
[LOG] Scheme ALHAMBRA processing completed in 0.39 seconds
[LOG] Cleaned up temp file for scheme ALHAMBRA : ALHAMBRA_INTERNALS.xml
[LOG] Parsing GCM feeder model for BUCKTHORN
[LOG] Copied HESPERIA_INTERNALS.xml to temp directory
[LOG] Scheme HESPERIA processing completed in 0.18 seconds
[LOG] Cleaned up temp file for scheme HESPERIA : HESPERIA_INTERNALS.xml
[LOG] Parsing GCM feeder model for BUDD
[LOG] Parsing GCM feeder model for BURTON
[LOG] Parsing GCM feeder model for BURWOOD
[LOG] Copied SAVAGE_INTERNALS.xml to temp directory
[LOG] Scheme SAVAGE processing completed in 0.36 seconds
[LOG] Cleaned up temp file for scheme SAVAGE : SAVAGE_INTERNALS.xml
[LOG] Parsing GCM feeder model for ASTEROID
[LOG] Parsing GCM feeder model for BOISE
[LOG] Parsing GCM feeder model for BOWMAN
[LOG] Copied DOWNS_INTERNALS.xml to temp directory
[LOG] Scheme DOWNS processing completed in 0.34 seconds
[LOG] Cleaned up temp file for scheme DOWNS : DOWNS_INTERNALS.xml
[LOG] Parsing GCM feeder model for BRAUN
[LOG] Parsing GCM feeder model for BURR
[LOG] Copied LINDSAY_INTERNALS.xml to temp directory
[LOG] Scheme LINDSAY processing completed in 2.59 seconds
[LOG] Cleaned up temp file for scheme LINDSAY : LINDSAY_INTERNALS.xml
[LOG] Parsing GCM feeder model for CLAMPETT
[LOG] Parsing GCM feeder model for CLAYTON
[LOG] Parsing GCM feeder model for COALINGA
[LOG] Parsing GCM feeder model for COCHISE
[LOG] Copied APPLE VALLEY_INTERNALS.xml to temp directory
[LOG] Scheme APPLE VALLEY processing completed in 0.43 seconds
[LOG] Cleaned up temp file for scheme APPLE VALLEY : APPLE VALLEY_INTERNALS.xml
[LOG] Parsing GCM feeder model for CAIRNS
[LOG] Parsing GCM feeder model for CALLISON
[LOG] Copied TIPTON_INTERNALS.xml to temp directory
[LOG] Scheme TIPTON processing completed in 0.2 seconds
[LOG] Cleaned up temp file for scheme TIPTON : TIPTON_INTERNALS.xml
[LOG] Parsing GCM feeder model for ALMANSOR
[LOG] Parsing GCM feeder model for COMMONWEALTH
[LOG] Parsing GCM feeder model for CRESTA
[LOG] Parsing GCM feeder model for ASTOR
[LOG] Parsing GCM feeder model for COOPER
[LOG] Parsing GCM feeder model for BALLARD
[LOG] Parsing GCM feeder model for BALSAM
[LOG] Parsing GCM feeder model for CORNWALL
[LOG] Parsing GCM feeder model for DEER
[LOG] Copied TERRA BELLA_INTERNALS.xml to temp directory
[LOG] Scheme TERRA BELLA processing completed in 0.18 seconds
[LOG] Cleaned up temp file for scheme TERRA BELLA : TERRA BELLA_INTERNALS.xml
[LOG] Parsing GCM feeder model for CAMPBELL
[LOG] Parsing GCM feeder model for TALPA
[LOG] Parsing GCM feeder model for BLUEBERRY
[LOG] Parsing GCM feeder model for BOOSTER
[LOG] Parsing GCM feeder model for DOLGEVILLE
[LOG] Parsing GCM feeder model for DORAN
[LOG] Copied EARLIMART_INTERNALS.xml to temp directory
[LOG] Scheme EARLIMART processing completed in 0.16 seconds
[LOG] Cleaned up temp file for scheme EARLIMART : EARLIMART_INTERNALS.xml
[LOG] Parsing GCM feeder model for DOZIER
[LOG] Parsing GCM feeder model for DRAKE
[LOG] Parsing GCM feeder model for EAGLE RANCH
[LOG] Parsing GCM feeder model for CISTERN
[LOG] Copied AQUEDUCT_INTERNALS.xml to temp directory
[LOG] Scheme AQUEDUCT processing completed in 0.41 seconds
[LOG] Cleaned up temp file for scheme AQUEDUCT : AQUEDUCT_INTERNALS.xml
[LOG] Parsing GCM feeder model for DANUBE
[LOG] Parsing GCM feeder model for DEEP CREEK
[LOG] Parsing GCM feeder model for DELORO
[LOG] Parsing GCM feeder model for DUSTY
[LOG] Parsing GCM feeder model for FARGO
[LOG] Parsing GCM feeder model for FLOODGATE
[LOG] Parsing GCM feeder model for FLORAL
[LOG] Parsing GCM feeder model for FRONTAGE
[LOG] Parsing GCM feeder model for GRAPEFRUIT
[LOG] Parsing GCM feeder model for GRAVES
[LOG] Parsing GCM feeder model for GREEN
[LOG] Parsing GCM feeder model for HARMONY
[LOG] Parsing GCM feeder model for HATFIELD
[LOG] Parsing GCM feeder model for CADILLAC
[LOG] Parsing GCM feeder model for CARVER
[LOG] Copied QUINN_INTERNALS.xml to temp directory
[LOG] Scheme QUINN processing completed in 0.32 seconds
[LOG] Cleaned up temp file for scheme QUINN : QUINN_INTERNALS.xml
[LOG] Parsing GCM feeder model for CEMENT
[LOG] Parsing GCM feeder model for HERCULES
[LOG] Parsing GCM feeder model for HOBSON
[LOG] Parsing GCM feeder model for GERONA
[LOG] Parsing GCM feeder model for GLADYS
[LOG] Parsing GCM feeder model for ESTATES
[LOG] Parsing GCM feeder model for FLORY
[LOG] Copied WOODVILLE_INTERNALS.xml to temp directory
[LOG] Scheme WOODVILLE processing completed in 0.2 seconds
[LOG] Cleaned up temp file for scheme WOODVILLE : WOODVILLE_INTERNALS.xml
[LOG] Parsing GCM feeder model for CLOER
[LOG] Copied POPLAR_INTERNALS.xml to temp directory
[LOG] Scheme POPLAR processing completed in 0.3 seconds
[LOG] Cleaned up temp file for scheme POPLAR : POPLAR_INTERNALS.xml
[LOG] Parsing GCM feeder model for FRAME
[LOG] Parsing GCM feeder model for HACK
[LOG] Parsing GCM feeder model for HOUSTON
[LOG] Parsing GCM feeder model for TURNOUT
[LOG] Parsing GCM feeder model for GLEASON
[LOG] Parsing GCM feeder model for JULEP
[LOG] Parsing GCM feeder model for JACK RANCH
[LOG] Parsing GCM feeder model for JESS
[LOG] Parsing GCM feeder model for KAY
[LOG] Parsing GCM feeder model for KERN
[LOG] Parsing GCM feeder model for CORVETTE
[LOG] Parsing GCM feeder model for COTTON
[LOG] Parsing GCM feeder model for CRUMVILLE
[LOG] Parsing GCM feeder model for GRANITE
[LOG] Parsing GCM feeder model for HAMMELL
[LOG] Parsing GCM feeder model for DEETER
[LOG] Parsing GCM feeder model for HATCHERY
[LOG] Parsing GCM feeder model for CHOICEANNA
[LOG] Parsing GCM feeder model for KENBO
[LOG] Parsing GCM feeder model for DONERT
[LOG] Parsing GCM feeder model for DRAG
[LOG] Parsing GCM feeder model for DUCOR
[LOG] Parsing GCM feeder model for HONOR
[LOG] Parsing GCM feeder model for KUMQUAT
[LOG] Parsing GCM feeder model for LATIN
[LOG] Parsing GCM feeder model for LEMONADE
[LOG] Parsing GCM feeder model for EDENDALE
[LOG] Parsing GCM feeder model for JOSTEN
[LOG] Parsing GCM feeder model for LOGAN
[LOG] Parsing GCM feeder model for MANZER
[LOG] Parsing GCM feeder model for MARGUERITA
[LOG] Parsing GCM feeder model for MACOMBER
[LOG] Parsing GCM feeder model for MIDGE
[LOG] Parsing GCM feeder model for MINGO
[LOG] Parsing GCM feeder model for NASSAU
[LOG] Parsing GCM feeder model for KIOWA
[LOG] Parsing GCM feeder model for LAKOTA
[LOG] Copied RANCHO_INTERNALS.xml to temp directory
[LOG] Scheme RANCHO processing completed in 0.23 seconds
[LOG] Cleaned up temp file for scheme RANCHO : RANCHO_INTERNALS.xml
[LOG] Parsing GCM feeder model for NEEDLE
[LOG] Parsing GCM feeder model for NOAKES
[LOG] Parsing GCM feeder model for OLD TRAILS
[LOG] Parsing GCM feeder model for LATIMER
[LOG] Parsing GCM feeder model for FLUE
[LOG] Parsing GCM feeder model for GREGORY
[LOG] Parsing GCM feeder model for MONROE
[LOG] Parsing GCM feeder model for MOONBEAM
[LOG] Parsing GCM feeder model for MARSH
[LOG] Parsing GCM feeder model for HOOVER
[LOG] Parsing GCM feeder model for GOSS
[LOG] Parsing GCM feeder model for PAT
[LOG] Parsing GCM feeder model for PEAR
[LOG] Parsing GCM feeder model for PLANO
[LOG] Parsing GCM feeder model for QUAIL
[LOG] Parsing GCM feeder model for JASMINE
[LOG] Parsing GCM feeder model for MESQUITE
[LOG] Parsing GCM feeder model for MIRROR
[LOG] Parsing GCM feeder model for RHINE
[LOG] Parsing GCM feeder model for PORTLAND
[LOG] Parsing GCM feeder model for PRAYER
[LOG] Parsing GCM feeder model for KNOLLS
[LOG] Parsing GCM feeder model for KOALA
[LOG] Parsing GCM feeder model for KYTE
[LOG] Parsing GCM feeder model for PYRAMID
[LOG] Parsing GCM feeder model for LEWIS
[LOG] Parsing GCM feeder model for LIBRA
[LOG] Parsing GCM feeder model for OLNEY
[LOG] Parsing GCM feeder model for OTTOWA
[LOG] Parsing GCM feeder model for OUTPOST
[LOG] Parsing GCM feeder model for LORENE
[LOG] Parsing GCM feeder model for SHANGRILA
[LOG] Parsing GCM feeder model for SEAFORTH
[LOG] Parsing GCM feeder model for SEGOVIA
[LOG] Parsing GCM feeder model for SKINKLE
[LOG] Parsing GCM feeder model for PENSTOCK
[LOG] Parsing GCM feeder model for STANDING ROCK
[LOG] Parsing GCM feeder model for ST. CHARLES
[LOG] Parsing GCM feeder model for SUNKIST
[LOG] Parsing GCM feeder model for MAGUA
[LOG] Parsing GCM feeder model for MANDARIN
[LOG] Parsing GCM feeder model for MARENGO
[LOG] Parsing GCM feeder model for MARIANNA
[LOG] Parsing GCM feeder model for MAUNA LOA
[LOG] Parsing GCM feeder model for POWDER
[LOG] Parsing GCM feeder model for PRATT
[LOG] Parsing GCM feeder model for MERRIT
[LOG] Parsing GCM feeder model for SLUICE
[LOG] Parsing GCM feeder model for SPEAR
[LOG] Parsing GCM feeder model for MONACHE
[LOG] Parsing GCM feeder model for ROSEDALE
[LOG] Parsing GCM feeder model for SPRING VALLEY
[LOG] Parsing GCM feeder model for STURGEON
[LOG] Parsing GCM feeder model for SUNSET
[LOG] Parsing GCM feeder model for TONTO
[LOG] Parsing GCM feeder model for NILE
[LOG] Parsing GCM feeder model for OLANCHA
[LOG] Parsing GCM feeder model for THAMES
[LOG] Parsing GCM feeder model for WHITMORE
[LOG] Parsing GCM feeder model for WING
[LOG] Parsing GCM feeder model for SERENITY
[LOG] Parsing GCM feeder model for SKY HI
[LOG] Copied LUCERNE_INTERNALS.xml to temp directory
[LOG] Scheme LUCERNE processing completed in 0.14 seconds
[LOG] Cleaned up temp file for scheme LUCERNE : LUCERNE_INTERNALS.xml
[LOG] Parsing GCM feeder model for ESCAMILLA
[LOG] Parsing GCM feeder model for VANDALIA
[LOG] Parsing GCM feeder model for SOLEDAD
[LOG] Parsing GCM feeder model for OLIVE
[LOG] Parsing GCM feeder model for PAHUTE
[LOG] Parsing GCM feeder model for STUTZ
[LOG] Parsing GCM feeder model for SURPRISE
[LOG] Parsing GCM feeder model for TAKNING
[LOG] Parsing GCM feeder model for TANGERINE
[LOG] Parsing GCM feeder model for PECOS
[LOG] Parsing GCM feeder model for TEAPOT
[LOG] Parsing GCM feeder model for TELSTAR
[LOG] Parsing GCM feeder model for TEST
[LOG] Parsing GCM feeder model for TIGRIS
[LOG] Parsing GCM feeder model for ZASADNI
[LOG] Parsing GCM feeder model for PINEAPPLE
[LOG] Parsing GCM feeder model for PIT
[LOG] Parsing GCM feeder model for YORKTOWN
[LOG] Parsing GCM feeder model for RABBIT
[LOG] Parsing GCM feeder model for ROCKET TOWN
[LOG] Parsing GCM feeder model for ROUND VALLEY
[LOG] Parsing GCM feeder model for TORPEDO
[LOG] Parsing GCM feeder model for TRI CITY
[LOG] Parsing GCM feeder model for TURBINE
[LOG] Parsing GCM feeder model for TUSSING
[LOG] Parsing GCM feeder model for YUCCA LOMA
[LOG] Parsing GCM feeder model for ZION
[LOG] Parsing GCM feeder model for SAUCELITO
[LOG] Parsing GCM feeder model for SPANADA
[LOG] Parsing GCM feeder model for SPILLWAY
[LOG] Parsing GCM feeder model for SUCCESS
[LOG] Parsing GCM feeder model for SUNNY VISTA
[LOG] Parsing GCM feeder model for SYMERON
[LOG] Parsing GCM feeder model for TIMCO
[LOG] Parsing GCM feeder model for TUNNEL
[LOG] Parsing GCM feeder model for VOSSLER
[LOG] Parsing GCM feeder model for WASH
[LOG] Parsing GCM feeder model for WESTON
[LOG] Parsing GCM feeder model for WOODWARD
[LOG] Parsing GCM feeder model for WORTH
[LOG] Parsing GCM feeder model for ZUNI
[LOG] Parsing GCM feeder model for EUPHRATES
[LOG] Parsing GCM feeder model for TRIUMPH
[LOG] Parsing GCM feeder model for HENDERSON
[LOG] Parsing GCM feeder model for RUSS BOYD
[LOG] Parsing GCM feeder model for ASTON
[LOG] Parsing GCM feeder model for FAIRBURN
[LOG] Parsing GCM feeder model for WATERWAY
[LOG] Parsing GCM feeder model for GOLDPAN
[LOG] Parsing GCM feeder model for MCDERMONT
[LOG] Parsing GCM feeder model for ALILA
[LOG] Parsing GCM feeder model for BURNETTA
[LOG] Parsing GCM feeder model for SULTANA
[LOG] Parsing GCM feeder model for EL MIRAGE
[LOG] Parsing GCM feeder model for ELMO
[LOG] Copied BROWNING_INTERNALS.xml to temp directory
[LOG] Scheme BROWNING processing completed in 0.15 seconds
[LOG] Cleaned up temp file for scheme BROWNING : BROWNING_INTERNALS.xml
[LOG] Parsing GCM feeder model for HANES
[LOG] Parsing GCM feeder model for MCCLURE
[LOG] Parsing GCM feeder model for MCFARLAND
[LOG] Parsing GCM feeder model for FUGATE
[LOG] Parsing GCM feeder model for POND
[LOG] Parsing GCM feeder model for BOONE
[LOG] Copied COLUMBINE_INTERNALS.xml to temp directory
[LOG] Scheme COLUMBINE processing completed in 0.33 seconds
[LOG] Cleaned up temp file for scheme COLUMBINE : COLUMBINE_INTERNALS.xml
[LOG] Parsing GCM feeder model for STONE
[LOG] Parsing GCM feeder model for BLANCA
[LOG] Parsing GCM feeder model for SCHENLEY
[LOG] Parsing GCM feeder model for EAST CITY
[LOG] Copied DELANO_INTERNALS.xml to temp directory
[LOG] Scheme DELANO processing completed in 0.37 seconds
[LOG] Cleaned up temp file for scheme DELANO : DELANO_INTERNALS.xml
[LOG] Parsing GCM feeder model for CECIL
[LOG] Parsing GCM feeder model for PORT
[LOG] Parsing GCM feeder model for GARCES
[LOG] Parsing GCM feeder model for ELLINGTON
[LOG] Parsing GCM feeder model for WALLACE
[LOG] Parsing GCM feeder model for DRIVER
[LOG] Parsing GCM feeder model for JOT
[LOG] Parsing GCM feeder model for RADNOR
[LOG] Parsing GCM feeder model for OSNER
[LOG] Parsing GCM feeder model for C B S
[LOG] Parsing GCM feeder model for VALENTE
[LOG] Parsing GCM feeder model for SWANSON
[LOG] Parsing GCM feeder model for MUSTANG
[LOG] Copied ISABELLA_INTERNALS.xml to temp directory
[LOG] Scheme ISABELLA processing completed in 0.21 seconds
[LOG] Cleaned up temp file for scheme ISABELLA : ISABELLA_INTERNALS.xml
[LOG] Parsing GCM feeder model for FLYCATCHER
[LOG] Parsing GCM feeder model for ERSKINE
[LOG] Parsing GCM feeder model for TUNGSTEN
[LOG] Parsing GCM feeder model for TERMINUS
[LOG] Copied LEMON COVE_INTERNALS.xml to temp directory
[LOG] Scheme LEMON COVE processing completed in 0.07 seconds
[LOG] Cleaned up temp file for scheme LEMON COVE : LEMON COVE_INTERNALS.xml
[LOG] Parsing GCM feeder model for HOMER
[LOG] Parsing GCM feeder model for MOFFITT
[LOG] Parsing GCM feeder model for GARWOOD
[LOG] Copied MARIPOSA_INTERNALS.xml to temp directory
[LOG] Scheme MARIPOSA processing completed in 2.65 seconds
[LOG] Cleaned up temp file for scheme MARIPOSA : MARIPOSA_INTERNALS.xml
[LOG] Parsing GCM feeder model for WILDFLOWER
[LOG] Parsing GCM feeder model for BURUM
[LOG] Parsing GCM feeder model for LANZA
[LOG] Parsing GCM feeder model for SLADE
[LOG] Parsing GCM feeder model for BULLPUP
[LOG] Copied MASCOT_INTERNALS.xml to temp directory
[LOG] Scheme MASCOT processing completed in 0.15 seconds
[LOG] Cleaned up temp file for scheme MASCOT : MASCOT_INTERNALS.xml
[LOG] Parsing GCM feeder model for GOLDENBEAR
[LOG] Parsing GCM feeder model for MARAUDER
[LOG] Parsing GCM feeder model for TRAILBLAZER
[LOG] Parsing GCM feeder model for SARGENT
[LOG] Copied OCTOL_INTERNALS.xml to temp directory
[LOG] Scheme OCTOL processing completed in 0.28 seconds
[LOG] Cleaned up temp file for scheme OCTOL : OCTOL_INTERNALS.xml
[LOG] Parsing GCM feeder model for ELK
[LOG] Parsing GCM feeder model for WAUKENA
[LOG] Parsing GCM feeder model for OAKLAND
[LOG] Parsing GCM feeder model for GLOVER
[LOG] Parsing GCM feeder model for AQUIFER
[LOG] Parsing GCM feeder model for NEWMAN
[LOG] Parsing GCM feeder model for TARUSA
[LOG] Copied VENICE HILL_INTERNALS.xml to temp directory
[LOG] Scheme VENICE HILL processing completed in 0.23 seconds
[LOG] Cleaned up temp file for scheme VENICE HILL : VENICE HILL_INTERNALS.xml
[LOG] Parsing GCM feeder model for TWIN BUTTE
[ERROR] Feeders file not found: E:\Eterra\distribution\sce\ToolsWorkspace\ETL\input\ST JOHNS.xml
[LOG] Parsing GCM feeder model for REDBANKS
[LOG] Parsing GCM feeder model for SEVILLE
[LOG] Parsing GCM feeder model for WELCH
[LOG] Copied VESTAL_INTERNALS.xml to temp directory
[LOG] Scheme VESTAL processing completed in 0.21 seconds
[LOG] Cleaned up temp file for scheme VESTAL : VESTAL_INTERNALS.xml
[LOG] Parsing GCM feeder model for RIECK
[LOG] Parsing GCM feeder model for CARATAN
[LOG] Parsing GCM feeder model for RICHGROVE
[LOG] Parsing GCM feeder model for CUTLER
[LOG] Copied VISALIA_INTERNALS.xml to temp directory
[LOG] Scheme VISALIA processing completed in 0.26 seconds
[LOG] Cleaned up temp file for scheme VISALIA : VISALIA_INTERNALS.xml
[LOG] Parsing GCM feeder model for SWOOSE
[LOG] Parsing GCM feeder model for MINERAL
[LOG] Parsing GCM feeder model for GIDDINGS
[LOG] Parsing GCM feeder model for TAYLOR
[LOG] Parsing GCM feeder model for GARCIA
[LOG] Parsing GCM feeder model for CALDWELL
[LOG] Parsing GCM feeder model for GOPHER
[LOG] Copied WHEATLAND_INTERNALS.xml to temp directory
[LOG] Scheme WHEATLAND processing completed in 0.12 seconds
[LOG] Cleaned up temp file for scheme WHEATLAND : WHEATLAND_INTERNALS.xml
[LOG] Parsing GCM feeder model for BEAVER
[LOG] Parsing GCM feeder model for BOBCAT
[ERROR] Feeders file not found: E:\Eterra\distribution\sce\ToolsWorkspace\ETL\input\ST CHARLES.xml
[LOG] Parsing GCM feeder model for RAVINE
[LOG] Copied ARROYO_INTERNALS.xml to temp directory
[LOG] Scheme ARROYO processing completed in 0.25 seconds
[LOG] Cleaned up temp file for scheme ARROYO : ARROYO_INTERNALS.xml
[LOG] Parsing GCM feeder model for SECO
[LOG] Parsing GCM feeder model for TOLA
[LOG] Parsing GCM feeder model for HASKELL
[LOG] Parsing GCM feeder model for DEVILS GATE
[LOG] Parsing GCM feeder model for GORGE
[LOG] Parsing GCM feeder model for ROYCE
[LOG] Parsing GCM feeder model for BERKSHIRE
[LOG] Parsing GCM feeder model for ANGELES
[LOG] Copied GOULD_INTERNALS.xml to temp directory
[LOG] Scheme GOULD processing completed in 0.08 seconds
[LOG] Cleaned up temp file for scheme GOULD : GOULD_INTERNALS.xml
[LOG] Parsing GCM feeder model for BROADCAST
[LOG] Parsing GCM feeder model for CRESCENTA
[LOG] Parsing GCM feeder model for PICKENS
[LOG] Copied LA CANADA_INTERNALS.xml to temp directory
[LOG] Scheme LA CANADA processing completed in 0.25 seconds
[LOG] Cleaned up temp file for scheme LA CANADA : LA CANADA_INTERNALS.xml
[LOG] Parsing GCM feeder model for BARLEY FLATS
[LOG] Parsing GCM feeder model for ROSEMONT
[LOG] Parsing GCM feeder model for VERDUGO
[LOG] Parsing GCM feeder model for MONTROSE
[LOG] Parsing GCM feeder model for LANE
[LOG] Parsing GCM feeder model for FLINTRIDGE
[LOG] Parsing GCM feeder model for HILLARD
[LOG] Parsing GCM feeder model for FLANDERS
[LOG] Parsing GCM feeder model for ADOBE
[LOG] Copied NEWMARK_INTERNALS.xml to temp directory
[LOG] Scheme NEWMARK processing completed in 0.11 seconds
[LOG] Cleaned up temp file for scheme NEWMARK : NEWMARK_INTERNALS.xml
[LOG] Parsing GCM feeder model for MERCER
[LOG] Parsing GCM feeder model for HELM
[LOG] Parsing GCM feeder model for CAPITOL
[LOG] Parsing GCM feeder model for KENMORE
[LOG] Parsing GCM feeder model for RIGGIN
[LOG] Parsing GCM feeder model for CADIZ
[LOG] Parsing GCM feeder model for ACKLEY
[LOG] Parsing GCM feeder model for YNEZ
[LOG] Parsing GCM feeder model for TROTTER
[LOG] Copied RAVENDALE_INTERNALS.xml to temp directory
[LOG] Scheme RAVENDALE processing completed in 0.25 seconds
[LOG] Cleaned up temp file for scheme RAVENDALE : RAVENDALE_INTERNALS.xml
[LOG] Parsing GCM feeder model for GAINSBOROUGH
[LOG] Parsing GCM feeder model for STONELEY
[LOG] Parsing GCM feeder model for DEERFIELD
[LOG] Parsing GCM feeder model for JOSARD
[LOG] Parsing GCM feeder model for LOCKSLEY
[LOG] Parsing GCM feeder model for HINSHAW
[LOG] Parsing GCM feeder model for WILLARD
[LOG] Parsing GCM feeder model for ENDICOTT
[LOG] Parsing GCM feeder model for TAMWORTH
[LOG] Parsing GCM feeder model for KINGHURST
[LOG] Parsing GCM feeder model for MYDA
[LOG] Parsing GCM feeder model for DUNDAS
[LOG] Copied WABASH_INTERNALS.xml to temp directory
[LOG] Scheme WABASH processing completed in 0.07 seconds
[LOG] Cleaned up temp file for scheme WABASH : WABASH_INTERNALS.xml
[LOG] Parsing GCM feeder model for RALSTON
[LOG] Parsing GCM feeder model for WHITESIDE
[LOG] Parsing GCM feeder model for HARRISON
[LOG] Parsing GCM feeder model for EXLINE
[LOG] Copied AMADOR_INTERNALS.xml to temp directory
[LOG] Scheme AMADOR processing completed in 2.17 seconds
[LOG] Cleaned up temp file for scheme AMADOR : AMADOR_INTERNALS.xml
[LOG] Parsing GCM feeder model for DAROCA
[LOG] Parsing GCM feeder model for VELMA
[LOG] Parsing GCM feeder model for BRYCE
[LOG] Parsing GCM feeder model for ENLOE
[LOG] Parsing GCM feeder model for ROSEGLEN
[LOG] Parsing GCM feeder model for GARDEA
[LOG] Parsing GCM feeder model for EL MONTE
[LOG] Parsing GCM feeder model for BAYSE
[LOG] Parsing GCM feeder model for COLUMBIA
[LOG] Parsing GCM feeder model for TYLER
[LOG] Parsing GCM feeder model for ARDEN
[LOG] Parsing GCM feeder model for BROOKS
[LOG] Parsing GCM feeder model for COGSWELL
[LOG] Parsing GCM feeder model for MERVIN
[LOG] Parsing GCM feeder model for MERIDIAN
[LOG] Copied ANITA_INTERNALS.xml to temp directory
[LOG] Scheme ANITA processing completed in 0.55 seconds
[LOG] Cleaned up temp file for scheme ANITA : ANITA_INTERNALS.xml
[LOG] Parsing GCM feeder model for CAMELLIA
[LOG] Parsing GCM feeder model for GRAYDON
[LOG] Parsing GCM feeder model for PADDOCK
[LOG] Parsing GCM feeder model for LA PORTE
[LOG] Parsing GCM feeder model for GARIBALDI
[LOG] Parsing GCM feeder model for GREGG
[LOG] Parsing GCM feeder model for WISTARIA
[LOG] Parsing GCM feeder model for VALNETT
[LOG] Parsing GCM feeder model for MANOR
[LOG] Parsing GCM feeder model for FIESTA
[LOG] Parsing GCM feeder model for HOLLY
[LOG] Parsing GCM feeder model for ROWLAND
[LOG] Parsing GCM feeder model for KAUFFMAN
[LOG] Parsing GCM feeder model for SHIRLEY
[LOG] Parsing GCM feeder model for PILGRIM
[LOG] Copied ARCADIA_INTERNALS.xml to temp directory
[LOG] Scheme ARCADIA processing completed in 0.25 seconds
[LOG] Cleaned up temp file for scheme ARCADIA : ARCADIA_INTERNALS.xml
[LOG] Parsing GCM feeder model for GLORIA
[LOG] Parsing GCM feeder model for SHOEMAKER
[LOG] Parsing GCM feeder model for ROBBIE
[LOG] Parsing GCM feeder model for KIEWAY
[LOG] Parsing GCM feeder model for MARENDALE
[LOG] Parsing GCM feeder model for ARBORETUM
[LOG] Parsing GCM feeder model for SAINT JO
[LOG] Parsing GCM feeder model for CHANTRY
[LOG] Parsing GCM feeder model for ACORN
[LOG] Parsing GCM feeder model for TURF
[LOG] Parsing GCM feeder model for JOYCE
[LOG] Parsing GCM feeder model for HAVEN
[LOG] Parsing GCM feeder model for DIAMOND
[LOG] Parsing GCM feeder model for OAKWOOD
[LOG] Parsing GCM feeder model for HONEYWELL
[LOG] Copied BRADBURY_INTERNALS.xml to temp directory
[LOG] Scheme BRADBURY processing completed in 0.34 seconds
[LOG] Cleaned up temp file for scheme BRADBURY : BRADBURY_INTERNALS.xml
[LOG] Parsing GCM feeder model for BATEMAN
[LOG] Parsing GCM feeder model for GRHARTMAN
[LOG] Parsing GCM feeder model for AMBRUS
[LOG] Parsing GCM feeder model for PAYNE
[LOG] Parsing GCM feeder model for HURSTVIEW
[LOG] Parsing GCM feeder model for DELFORD
[LOG] Parsing GCM feeder model for PRIMROSE
[LOG] Parsing GCM feeder model for FIG
[LOG] Parsing GCM feeder model for LAGER
[LOG] Copied DALTON_INTERNALS.xml to temp directory
[LOG] Scheme DALTON processing completed in 0.22 seconds
[LOG] Cleaned up temp file for scheme DALTON : DALTON_INTERNALS.xml
[LOG] Parsing GCM feeder model for BENDER
[LOG] Parsing GCM feeder model for ENID
[LOG] Parsing GCM feeder model for MOSSBERG
[LOG] Parsing GCM feeder model for LA RICA
[LOG] Parsing GCM feeder model for GRAVEL
[LOG] Parsing GCM feeder model for JARVIS
[LOG] Parsing GCM feeder model for DAMERAL
[LOG] Parsing GCM feeder model for VON
[LOG] Parsing GCM feeder model for WINARK
[LOG] Parsing GCM feeder model for CONCRETE
[LOG] Parsing GCM feeder model for IRENE
[LOG] Copied LARK ELLEN_INTERNALS.xml to temp directory
[LOG] Scheme LARK ELLEN processing completed in 0.29 seconds
[LOG] Cleaned up temp file for scheme LARK ELLEN : LARK ELLEN_INTERNALS.xml
[LOG] Parsing GCM feeder model for LYNNE
[LOG] Parsing GCM feeder model for DENISE
[LOG] Parsing GCM feeder model for CHRISTY
[LOG] Parsing GCM feeder model for GERTRUDE
[LOG] Parsing GCM feeder model for BARBARA
[LOG] Parsing GCM feeder model for DEANNA
[LOG] Parsing GCM feeder model for ELEANOR
[LOG] Parsing GCM feeder model for AUTUMN
[LOG] Copied SKILAND_INTERNALS.xml to temp directory
[LOG] Scheme SKILAND processing completed in 0.24 seconds
[LOG] Cleaned up temp file for scheme SKILAND : SKILAND_INTERNALS.xml
[LOG] Parsing GCM feeder model for NORDIC
[LOG] Parsing GCM feeder model for SLALOM
[LOG] Parsing GCM feeder model for BOBSLED
[LOG] Parsing GCM feeder model for SITZMARK
[LOG] Parsing GCM feeder model for BRITTLE BUSH
[LOG] Copied CALCITY_INTERNALS.xml to temp directory
[LOG] Scheme CALCITY processing completed in 0.2 seconds
[LOG] Cleaned up temp file for scheme CALCITY : CALCITY_INTERNALS.xml
[LOG] Parsing GCM feeder model for OVERALL
[LOG] Parsing GCM feeder model for DOGBANE
[LOG] Parsing GCM feeder model for GREASEWOOD
[LOG] Parsing GCM feeder model for RICKENBACK
[LOG] Copied EDWARDS_INTERNALS.xml to temp directory
[LOG] Scheme EDWARDS processing completed in 0.13 seconds
[LOG] Cleaned up temp file for scheme EDWARDS : EDWARDS_INTERNALS.xml
[LOG] Parsing GCM feeder model for CASTLE BUTTE
[LOG] Parsing GCM feeder model for BALCHEN
[LOG] Parsing GCM feeder model for PAPPAS
[LOG] Copied RANDSBURG_INTERNALS.xml to temp directory
[LOG] Scheme RANDSBURG processing completed in 0.07 seconds
[LOG] Cleaned up temp file for scheme RANDSBURG : RANDSBURG_INTERNALS.xml
[LOG] Parsing GCM feeder model for HEAVY
[LOG] Parsing GCM feeder model for SUNDOWN
[LOG] Copied HELENDALE_INTERNALS.xml to temp directory
[LOG] Scheme HELENDALE processing completed in 0.07 seconds
[LOG] Cleaned up temp file for scheme HELENDALE : HELENDALE_INTERNALS.xml
[LOG] Parsing GCM feeder model for HARDROCK
[LOG] Copied ORO GRANDE_INTERNALS.xml to temp directory
[LOG] Scheme ORO GRANDE processing completed in 0.02 seconds
[LOG] Cleaned up temp file for scheme ORO GRANDE : ORO GRANDE_INTERNALS.xml
[LOG] Parsing GCM feeder model for DINA
[LOG] Copied ROADWAY_INTERNALS.xml to temp directory
[LOG] Scheme ROADWAY processing completed in 0.23 seconds
[LOG] Cleaned up temp file for scheme ROADWAY : ROADWAY_INTERNALS.xml
[LOG] Parsing GCM feeder model for RENAULT
[LOG] Parsing GCM feeder model for MACK
[LOG] Parsing GCM feeder model for PEGASO
[LOG] Parsing GCM feeder model for TIPPER
[LOG] Parsing GCM feeder model for DURAMAX
[LOG] Parsing GCM feeder model for VOLVO
[LOG] Parsing GCM feeder model for PETERBILT
[LOG] Parsing GCM feeder model for INTERNATIONAL
[LOG] Parsing GCM feeder model for CATERPILLAR
[LOG] Parsing GCM feeder model for FREIGHTLINER
[LOG] Parsing GCM feeder model for KINGPIN
[LOG] Parsing GCM feeder model for KENWORTH
[LOG] Parsing GCM feeder model for CUMMINS
[LOG] Parsing GCM feeder model for SENECA
[LOG] Copied VICTORVILLE_INTERNALS.xml to temp directory
[LOG] Scheme VICTORVILLE processing completed in 0.15 seconds
[LOG] Cleaned up temp file for scheme VICTORVILLE : VICTORVILLE_INTERNALS.xml
[LOG] Parsing GCM feeder model for LA PAZ
[LOG] Parsing GCM feeder model for DON
[LOG] Parsing GCM feeder model for NISQUALLY
[LOG] Parsing GCM feeder model for CORTA
[LOG] Parsing GCM feeder model for GREEN TREE
[LOG] Parsing GCM feeder model for SEALS
[LOG] Parsing GCM feeder model for KASOTA
[LOG] Parsing GCM feeder model for LAS PIEDRAS
[LOG] Parsing GCM feeder model for INDIANA
[LOG] Copied BELVEDERE_INTERNALS.xml to temp directory
[LOG] Scheme BELVEDERE processing completed in 0.14 seconds
[LOG] Cleaned up temp file for scheme BELVEDERE : BELVEDERE_INTERNALS.xml
[LOG] Parsing GCM feeder model for CAMY
[LOG] Parsing GCM feeder model for HERBERT
[LOG] Parsing GCM feeder model for BROOKLYN
[LOG] Parsing GCM feeder model for DITMAN
[LOG] Parsing GCM feeder model for CHICAGO
[LOG] Parsing GCM feeder model for PICKLE MEADOWS
[LOG] Copied BRIDGEPORT_INTERNALS.xml to temp directory
[LOG] Scheme BRIDGEPORT processing completed in 0.06 seconds
[LOG] Cleaned up temp file for scheme BRIDGEPORT : BRIDGEPORT_INTERNALS.xml
[LOG] Parsing GCM feeder model for STROSNIDER
[LOG] Parsing GCM feeder model for ROBINSON CREEK
[LOG] Parsing GCM feeder model for SHEEP
[LOG] Copied CANTIL_INTERNALS.xml to temp directory
[LOG] Scheme CANTIL processing completed in 0.04 seconds
[LOG] Cleaned up temp file for scheme CANTIL : CANTIL_INTERNALS.xml
[LOG] Parsing GCM feeder model for JAWBONE
[LOG] Parsing GCM feeder model for CONTE
[LOG] Copied HOLGATE_INTERNALS.xml to temp directory
[LOG] Scheme HOLGATE processing completed in 0.03 seconds
[LOG] Cleaned up temp file for scheme HOLGATE : HOLGATE_INTERNALS.xml
[LOG] Parsing GCM feeder model for REVERSE PEAK
[LOG] Copied JUNE LAKE_INTERNALS.xml to temp directory
[LOG] Scheme JUNE LAKE processing completed in 0.05 seconds
[LOG] Cleaned up temp file for scheme JUNE LAKE : JUNE LAKE_INTERNALS.xml
[LOG] Parsing GCM feeder model for GULL LAKE
[LOG] Parsing GCM feeder model for ASHLEY
[LOG] Copied ASHLEY PT_INTERNALS.xml to temp directory
[LOG] Scheme ASHLEY PT processing completed in 0.02 seconds
[LOG] Cleaned up temp file for scheme ASHLEY PT : ASHLEY PT_INTERNALS.xml
[LOG] Parsing GCM feeder model for BARD
[LOG] Copied BARD PT_INTERNALS.xml to temp directory
[LOG] Scheme BARD PT processing completed in 0.02 seconds
[LOG] Cleaned up temp file for scheme BARD PT : BARD PT_INTERNALS.xml
[LOG] Parsing GCM feeder model for BARWICK
[LOG] Copied BARWICK PT_INTERNALS.xml to temp directory
[LOG] Scheme BARWICK PT processing completed in 0.01 seconds
[LOG] Cleaned up temp file for scheme BARWICK PT : BARWICK PT_INTERNALS.xml
[LOG] Parsing GCM feeder model for LA PEER
[LOG] Copied Beverly_INTERNALS.xml to temp directory
[LOG] Scheme Beverly processing completed in 0.33 seconds
[LOG] Cleaned up temp file for scheme Beverly : Beverly_INTERNALS.xml
[LOG] Parsing GCM feeder model for MELROSE
[LOG] Parsing GCM feeder model for DANIELS
[LOG] Parsing GCM feeder model for YOUNG
[LOG] Parsing GCM feeder model for SECRETARY
[LOG] Parsing GCM feeder model for MCCARTY
[LOG] Parsing GCM feeder model for LUCKMAN
[LOG] Parsing GCM feeder model for MEANDER
[LOG] Parsing GCM feeder model for WHITWORTH
[LOG] Parsing GCM feeder model for BUNNY
[LOG] Parsing GCM feeder model for CORY
[LOG] Parsing GCM feeder model for EXECUTIVE
[LOG] Parsing GCM feeder model for TARTAR
[LOG] Parsing GCM feeder model for HILTON
[LOG] Parsing GCM feeder model for LOCAL
[LOG] Parsing GCM feeder model for PLAYBOY
[LOG] Parsing GCM feeder model for SCHUYLER
[LOG] Parsing GCM feeder model for CORD
[LOG] Parsing GCM feeder model for RODEO
[LOG] Parsing GCM feeder model for DAYTON
[LOG] Parsing GCM feeder model for MAPLE
[LOG] Parsing GCM feeder model for ROXBURY
[LOG] Parsing GCM feeder model for ALDEN
[LOG] Parsing GCM feeder model for COUNTRY CLUB
[LOG] Parsing GCM feeder model for CYNTHIA
[LOG] Parsing GCM feeder model for ELEVADO
[LOG] Parsing GCM feeder model for COLDWATER
[LOG] Parsing GCM feeder model for TRIANGLE
[LOG] Parsing GCM feeder model for CALAREST
[LOG] Parsing GCM feeder model for PEERLESS
[LOG] Parsing GCM feeder model for WILSHIRE
[LOG] Parsing GCM feeder model for OAKHURST
[LOG] Parsing GCM feeder model for BENEDICT
[LOG] Parsing GCM feeder model for REXFORD
[LOG] Parsing GCM feeder model for BEVERLY SL #1
[LOG] Parsing GCM feeder model for PLUTO
[LOG] Copied BLUFF COVE_INTERNALS.xml to temp directory
[LOG] Scheme BLUFF COVE processing completed in 0.06 seconds
[LOG] Cleaned up temp file for scheme BLUFF COVE : BLUFF COVE_INTERNALS.xml
[LOG] Parsing GCM feeder model for JUPITER
[LOG] Parsing GCM feeder model for VENUS
[LOG] Parsing GCM feeder model for ARCTURUS
[LOG] Parsing GCM feeder model for EZRA
[LOG] Copied BRIDGE_INTERNALS.xml to temp directory
[LOG] Scheme BRIDGE processing completed in 2.05 seconds
[LOG] Cleaned up temp file for scheme BRIDGE : BRIDGE_INTERNALS.xml
[LOG] Parsing GCM feeder model for TRUSS
[LOG] Parsing GCM feeder model for RIVET
[LOG] Parsing GCM feeder model for STRINGER
[LOG] Parsing GCM feeder model for BARGE
[LOG] Parsing GCM feeder model for GIRDER
[LOG] Parsing GCM feeder model for RHUMBA
[LOG] Copied BRIGHTON_INTERNALS.xml to temp directory
[LOG] Scheme BRIGHTON processing completed in 0.22 seconds
[LOG] Cleaned up temp file for scheme BRIGHTON : BRIGHTON_INTERNALS.xml
[LOG] Parsing GCM feeder model for RUTHELLEN
[LOG] Parsing GCM feeder model for PENTHOUSE
[LOG] Parsing GCM feeder model for HALLDALE
[LOG] Parsing GCM feeder model for DALESIDE
[LOG] Parsing GCM feeder model for CHADRON
[LOG] Parsing GCM feeder model for CROSSON
[LOG] Copied CAMARILLO_INTERNALS.xml to temp directory
[LOG] Scheme CAMARILLO processing completed in 0.23 seconds
[LOG] Cleaned up temp file for scheme CAMARILLO : CAMARILLO_INTERNALS.xml
[LOG] Parsing GCM feeder model for FLYNN
[LOG] Parsing GCM feeder model for ROSA
[LOG] Parsing GCM feeder model for EVITA
[LOG] Parsing GCM feeder model for ADOLFO
[LOG] Parsing GCM feeder model for PANCHO
[LOG] Parsing GCM feeder model for WIGTON
[LOG] Parsing GCM feeder model for CANALINO
[LOG] Copied CANALINO PT_INTERNALS.xml to temp directory
[LOG] Scheme CANALINO PT processing completed in 0.01 seconds
[LOG] Cleaned up temp file for scheme CANALINO PT : CANALINO PT_INTERNALS.xml
[LOG] Parsing GCM feeder model for SHOAL
[LOG] Copied CAPITAN_INTERNALS.xml to temp directory
[LOG] Scheme CAPITAN processing completed in 0.08 seconds
[LOG] Cleaned up temp file for scheme CAPITAN : CAPITAN_INTERNALS.xml
[LOG] Parsing GCM feeder model for MIST
[LOG] Parsing GCM feeder model for CARPOIL
[LOG] Copied CARPINTERIA_INTERNALS.xml to temp directory
[LOG] Scheme CARPINTERIA processing completed in 0.18 seconds
[LOG] Cleaned up temp file for scheme CARPINTERIA : CARPINTERIA_INTERNALS.xml
[LOG] Parsing GCM feeder model for SEACLIFF
[LOG] Parsing GCM feeder model for SHEFFIELD
[LOG] Parsing GCM feeder model for VALLECITO
[LOG] Parsing GCM feeder model for RED MOUNTAIN
[LOG] Copied CASITAS_INTERNALS.xml to temp directory
[LOG] Scheme CASITAS processing completed in 0.24 seconds
[LOG] Cleaned up temp file for scheme CASITAS : CASITAS_INTERNALS.xml
[LOG] Parsing GCM feeder model for GRANDAD
[LOG] Parsing GCM feeder model for SAN NICHOLAS
[LOG] Parsing GCM feeder model for RIVA
[LOG] Parsing GCM feeder model for TICO
[LOG] Parsing GCM feeder model for CANET
[LOG] Parsing GCM feeder model for CASPER
[LOG] Copied CASPER PT_INTERNALS.xml to temp directory
[LOG] Scheme CASPER PT processing completed in 0.01 seconds
[LOG] Cleaned up temp file for scheme CASPER PT : CASPER PT_INTERNALS.xml
[LOG] Parsing GCM feeder model for SCHOONER
[LOG] Copied CHANNEL ISLANDS_INTERNALS.xml to temp directory
[LOG] Scheme CHANNEL ISLANDS processing completed in 0.24 seconds
[LOG] Cleaned up temp file for scheme CHANNEL ISLANDS : CHANNEL ISLANDS_INTERNALS.xml
[LOG] Parsing GCM feeder model for SURFSIDE
[LOG] Parsing GCM feeder model for SPINNAKER
[LOG] Parsing GCM feeder model for WINDJAMMER
[LOG] Parsing GCM feeder model for GIZMO
[LOG] Parsing GCM feeder model for STURGIS
[LOG] Copied COLONIA_INTERNALS.xml to temp directory
[LOG] Scheme COLONIA processing completed in 0.18 seconds
[LOG] Cleaned up temp file for scheme COLONIA : COLONIA_INTERNALS.xml
[LOG] Parsing GCM feeder model for BEARDSLEY
[LOG] Parsing GCM feeder model for MUGU
[LOG] Parsing GCM feeder model for BROOME
[ERROR] Feeders file not found: E:\Eterra\distribution\sce\ToolsWorkspace\ETL\input\FIFTH ST.xml
[LOG] Parsing GCM feeder model for ARNEILL
[LOG] Parsing GCM feeder model for WOODROAD
[LOG] Parsing GCM feeder model for REIMANN
[LOG] Parsing GCM feeder model for PONDEROSA
[LOG] Parsing GCM feeder model for MEDICAL
[LOG] Copied COLORADO_INTERNALS.xml to temp directory
[LOG] Scheme COLORADO processing completed in 0.19 seconds
[LOG] Cleaned up temp file for scheme COLORADO : COLORADO_INTERNALS.xml
[LOG] Parsing GCM feeder model for CEDAR
[LOG] Parsing GCM feeder model for CHELSEA
[LOG] Parsing GCM feeder model for YALE
[LOG] Parsing GCM feeder model for TAFT
[LOG] Parsing GCM feeder model for FRANKLIN
[LOG] Parsing GCM feeder model for NOMAD
[LOG] Parsing GCM feeder model for DELAWARE
[LOG] Parsing GCM feeder model for PARMAN
[LOG] Parsing GCM feeder model for MADISON
[LOG] Parsing GCM feeder model for CYRUS
[LOG] Parsing GCM feeder model for COOLING 1
[LOG] Copied COMPRESS_INTERNALS.xml to temp directory
[LOG] Scheme COMPRESS processing completed in 0.05 seconds
[LOG] Cleaned up temp file for scheme COMPRESS : COMPRESS_INTERNALS.xml
[LOG] Parsing GCM feeder model for NOX 2
[LOG] Parsing GCM feeder model for FUEL GAS 3
[LOG] Parsing GCM feeder model for LAYE
[LOG] Parsing GCM feeder model for COOLING 2
[LOG] Parsing GCM feeder model for FUEL GAS 1
[LOG] Parsing GCM feeder model for RO FEED WATER
[LOG] Parsing GCM feeder model for MCVEIGH
[LOG] Parsing GCM feeder model for ESP1
[LOG] Parsing GCM feeder model for MATA
[LOG] Parsing GCM feeder model for TANK FARM 5
[LOG] Parsing GCM feeder model for FUEL GAS 2
[LOG] Parsing GCM feeder model for TANK FARM 6
[LOG] Parsing GCM feeder model for NOX 1
[LOG] Parsing GCM feeder model for ESP2 DESALTER
[LOG] Parsing GCM feeder model for FUEL GAS 4
[LOG] Parsing GCM feeder model for COURT HOUSE
[LOG] Copied COURT HOUSE PT_INTERNALS.xml to temp directory
[LOG] Scheme COURT HOUSE PT processing completed in 0.01 seconds
[LOG] Cleaned up temp file for scheme COURT HOUSE PT : COURT HOUSE PT_INTERNALS.xml
[LOG] Parsing GCM feeder model for MULHOLLAND
[LOG] Copied CRATER_INTERNALS.xml to temp directory
[LOG] Scheme CRATER processing completed in 0.13 seconds
[LOG] Cleaned up temp file for scheme CRATER : CRATER_INTERNALS.xml
[LOG] Parsing GCM feeder model for RHODA
[LOG] Parsing GCM feeder model for SERRA
[LOG] Parsing GCM feeder model for PLATEAU
[LOG] Parsing GCM feeder model for MICA
[LOG] Copied CREST_INTERNALS.xml to temp directory
[LOG] Scheme CREST processing completed in 0.17 seconds
[LOG] Cleaned up temp file for scheme CREST : CREST_INTERNALS.xml
[LOG] Parsing GCM feeder model for ZIRCON
[LOG] Parsing GCM feeder model for SILICONE
[LOG] Parsing GCM feeder model for ZINC
[LOG] Parsing GCM feeder model for BAUXITE
[LOG] Parsing GCM feeder model for FELDSPAR
[LOG] Parsing GCM feeder model for QUICKSILVER
[LOG] Parsing GCM feeder model for CRESTWIND
[LOG] Copied CRESTWIND UGS_INTERNALS.xml to temp directory
[LOG] Scheme CRESTWIND UGS processing completed in 0.02 seconds
[LOG] Cleaned up temp file for scheme CRESTWIND UGS : CRESTWIND UGS_INTERNALS.xml
[LOG] Parsing GCM feeder model for MARLENE
[LOG] Copied CULVER_INTERNALS.xml to temp directory
[LOG] Scheme CULVER processing completed in 0.47 seconds
[LOG] Cleaned up temp file for scheme CULVER : CULVER_INTERNALS.xml
[LOG] Parsing GCM feeder model for RUNWAY
[LOG] Parsing GCM feeder model for MAR VISTA
[LOG] Parsing GCM feeder model for PATHE
[LOG] Parsing GCM feeder model for ELECTRIC
[LOG] Parsing GCM feeder model for CAPSTAN
[LOG] Parsing GCM feeder model for JACKSON
[LOG] Parsing GCM feeder model for AUBURN
[ERROR] Feeders file not found: E:\Eterra\distribution\sce\ToolsWorkspace\ETL\input\MGM.xml
[LOG] Parsing GCM feeder model for ALLA
[LOG] Parsing GCM feeder model for GOLDWYN
[LOG] Parsing GCM feeder model for RIMPAU
[LOG] Parsing GCM feeder model for SERVO
[LOG] Parsing GCM feeder model for WESLEY
[LOG] Parsing GCM feeder model for DURANGO
[LOG] Parsing GCM feeder model for MESMER
[LOG] Parsing GCM feeder model for STEVENS
[LOG] Parsing GCM feeder model for PANCAKE
[LOG] Parsing GCM feeder model for CHEVIOT
[LOG] Parsing GCM feeder model for CULVER SL
[LOG] Parsing GCM feeder model for OVERLAND
[LOG] Parsing GCM feeder model for CYLINDER
[LOG] Copied DITMAR_INTERNALS.xml to temp directory
[LOG] Scheme DITMAR processing completed in 0.26 seconds
[LOG] Cleaned up temp file for scheme DITMAR : DITMAR_INTERNALS.xml
[LOG] Parsing GCM feeder model for PISTON
[LOG] Parsing GCM feeder model for FLYWHEEL
[LOG] Parsing GCM feeder model for VALVE
[LOG] Parsing GCM feeder model for TRANSPLANT
[LOG] Parsing GCM feeder model for JANICE
[LOG] Parsing GCM feeder model for BORDEN
[LOG] Parsing GCM feeder model for PULLMAN
[LOG] Parsing GCM feeder model for CLEO
[LOG] Parsing GCM feeder model for MORGAN
[LOG] Parsing GCM feeder model for HARKNESS
[ERROR] Feeders file not found: E:\Eterra\distribution\sce\ToolsWorkspace\ETL\input\FRINGE.xml
[ERROR] Feeders file not found: E:\Eterra\distribution\sce\ToolsWorkspace\ETL\input\TROUSDALE.xml
[LOG] Parsing GCM feeder model for DOLPHIN
[LOG] Copied DOLPHIN PT_INTERNALS.xml to temp directory
[LOG] Scheme DOLPHIN PT processing completed in 0.02 seconds
[LOG] Cleaned up temp file for scheme DOLPHIN PT : DOLPHIN PT_INTERNALS.xml
[LOG] Parsing GCM feeder model for ALBACORE
[LOG] Copied EL NIDO_INTERNALS.xml to temp directory
[LOG] Scheme EL NIDO processing completed in 0.36 seconds
[LOG] Cleaned up temp file for scheme EL NIDO : EL NIDO_INTERNALS.xml
[LOG] Parsing GCM feeder model for ZEBRA
[LOG] Parsing GCM feeder model for WHALE
[LOG] Parsing GCM feeder model for BLUEGILL
[LOG] Parsing GCM feeder model for PENGUIN
[LOG] Parsing GCM feeder model for MINNOW
[LOG] Parsing GCM feeder model for SEABASS
[LOG] Parsing GCM feeder model for BARRACUDA
[LOG] Parsing GCM feeder model for GRIZZLEY
[LOG] Parsing GCM feeder model for SALMON
[LOG] Parsing GCM feeder model for ELAINE
[LOG] Copied ELAINE PT_INTERNALS.xml to temp directory
[LOG] Scheme ELAINE PT processing completed in 0.01 seconds
[LOG] Cleaned up temp file for scheme ELAINE PT : ELAINE PT_INTERNALS.xml
[LOG] Parsing GCM feeder model for GREENHOUSE
[LOG] Copied ESTERO_INTERNALS.xml to temp directory
[LOG] Scheme ESTERO processing completed in 0.14 seconds
[LOG] Cleaned up temp file for scheme ESTERO : ESTERO_INTERNALS.xml
[LOG] Parsing GCM feeder model for VANGUARD
[LOG] Parsing GCM feeder model for RAMAC
[LOG] Parsing GCM feeder model for REDSTONE
[LOG] Parsing GCM feeder model for SIDEWINDER
[LOG] Parsing GCM feeder model for TIROS
[LOG] Parsing GCM feeder model for FULLER
[LOG] Copied FAIRFAX_INTERNALS.xml to temp directory
[LOG] Scheme FAIRFAX processing completed in 0.18 seconds
[LOG] Cleaned up temp file for scheme FAIRFAX : FAIRFAX_INTERNALS.xml
[LOG] Parsing GCM feeder model for LARABEE
[LOG] Parsing GCM feeder model for PAN PACIFIC
[LOG] Parsing GCM feeder model for FORMOSA
[LOG] Parsing GCM feeder model for EDINBURG
[LOG] Parsing GCM feeder model for NORWICH
[LOG] Parsing GCM feeder model for HOLLYWOOD
[LOG] Parsing GCM feeder model for GILMORE
[LOG] Parsing GCM feeder model for SHERMAN
[LOG] Parsing GCM feeder model for LA BREA
[LOG] Parsing GCM feeder model for SWEETZER
[LOG] Parsing GCM feeder model for DEBORAH
[LOG] Copied FELTON_INTERNALS.xml to temp directory
[LOG] Scheme FELTON processing completed in 0.17 seconds
[LOG] Cleaned up temp file for scheme FELTON : FELTON_INTERNALS.xml
[LOG] Parsing GCM feeder model for STACY
[LOG] Parsing GCM feeder model for SUNDALE
[LOG] Parsing GCM feeder model for MARGARET
[LOG] Parsing GCM feeder model for JUDAH
[LOG] Parsing GCM feeder model for KATHLEEN
[LOG] Parsing GCM feeder model for HINDRY
[LOG] Parsing GCM feeder model for SANDRA
[LOG] Parsing GCM feeder model for GEARLINE
[ERROR] Feeders file not found for FORTY EIGHT ST using alias FORTY EIGHT ST PT : E:\Eterra\distribution\sce\ToolsWorkspace\ETL\input\FORTY EIGHT ST PT.xml
[LOG] Parsing GCM feeder model for PAGO
[LOG] Copied GAVIOTA_INTERNALS.xml to temp directory
[LOG] Scheme GAVIOTA processing completed in 0.08 seconds
[LOG] Cleaned up temp file for scheme GAVIOTA : GAVIOTA_INTERNALS.xml
[LOG] Parsing GCM feeder model for CONCEPCION
[LOG] Parsing GCM feeder model for COJO
[ERROR] Feeders file not found: E:\Eterra\distribution\sce\ToolsWorkspace\ETL\input\RAR0428TEMPGEN.xml
[LOG] Parsing GCM feeder model for TRUMP
[LOG] Copied GOLETA_INTERNALS.xml to temp directory
[LOG] Scheme GOLETA processing completed in 0.09 seconds
[LOG] Cleaned up temp file for scheme GOLETA : GOLETA_INTERNALS.xml
[LOG] Parsing GCM feeder model for BIDDER
[LOG] Parsing GCM feeder model for ACE
[LOG] Parsing GCM feeder model for MAULHARDT
[LOG] Copied GONZALES_INTERNALS.xml to temp directory
[LOG] Scheme GONZALES processing completed in 0.24 seconds
[LOG] Cleaned up temp file for scheme GONZALES : GONZALES_INTERNALS.xml
[LOG] Parsing GCM feeder model for DITCH
[LOG] Parsing GCM feeder model for AMANDA
[LOG] Parsing GCM feeder model for ALVARADO
[LOG] Parsing GCM feeder model for BUCKAROO
[LOG] Parsing GCM feeder model for WINFORD
[LOG] Parsing GCM feeder model for CORSICA
[LOG] Parsing GCM feeder model for CARNEGIE
[LOG] Parsing GCM feeder model for SUMP
[LOG] Copied HAVEDA_INTERNALS.xml to temp directory
[LOG] Scheme HAVEDA processing completed in 0.02 seconds
[LOG] Cleaned up temp file for scheme HAVEDA : HAVEDA_INTERNALS.xml
[LOG] Parsing GCM feeder model for MANUEL
[LOG] Parsing GCM feeder model for HILLGREEN
[LOG] Copied HILLGREEN PT_INTERNALS.xml to temp directory
[LOG] Scheme HILLGREEN PT processing completed in 0.01 seconds
[LOG] Cleaned up temp file for scheme HILLGREEN PT : HILLGREEN PT_INTERNALS.xml
[LOG] Parsing GCM feeder model for CARTER
[LOG] Copied HOWARD_INTERNALS.xml to temp directory
[LOG] Scheme HOWARD processing completed in 0.1 seconds
[LOG] Cleaned up temp file for scheme HOWARD : HOWARD_INTERNALS.xml
[LOG] Parsing GCM feeder model for DENKER
[LOG] Parsing GCM feeder model for WAGNER
[LOG] Parsing GCM feeder model for PACOMA
[LOG] Parsing GCM feeder model for BUDLONG
[LOG] Parsing GCM feeder model for VAN WICK
[LOG] Parsing GCM feeder model for NORMANDIE
[LOG] Parsing GCM feeder model for FILLY
[LOG] Copied INGLEWOOD_INTERNALS.xml to temp directory
[LOG] Scheme INGLEWOOD processing completed in 0.28 seconds
[LOG] Cleaned up temp file for scheme INGLEWOOD : INGLEWOOD_INTERNALS.xml
[LOG] Parsing GCM feeder model for CENTINELA
[LOG] Parsing GCM feeder model for NISLEY
[LOG] Parsing GCM feeder model for HALLET
[LOG] Parsing GCM feeder model for FAIRHAVEN
[LOG] Parsing GCM feeder model for CIMARRON
[LOG] Parsing GCM feeder model for MERCANTILE
[LOG] Parsing GCM feeder model for ENGLAND
[LOG] Parsing GCM feeder model for HAYDEN
[LOG] Parsing GCM feeder model for QUEEN
[LOG] Parsing GCM feeder model for LIDUMS
[LOG] Parsing GCM feeder model for PLYMOUTH
[LOG] Parsing GCM feeder model for HYDE PARK
[LOG] Parsing GCM feeder model for GLASGOW
[LOG] Parsing GCM feeder model for ARBORVITAE
[LOG] Parsing GCM feeder model for LOS CARNEROS
[LOG] Copied ISLA VISTA_INTERNALS.xml to temp directory
[LOG] Scheme ISLA VISTA processing completed in 0.12 seconds
[LOG] Cleaned up temp file for scheme ISLA VISTA : ISLA VISTA_INTERNALS.xml
[LOG] Parsing GCM feeder model for GLADIOLA
[LOG] Parsing GCM feeder model for TRIGO
[LOG] Parsing GCM feeder model for PROFESSOR
[LOG] Parsing GCM feeder model for FRATERNITY
[LOG] Parsing GCM feeder model for ENCANTO
[LOG] Parsing GCM feeder model for JACKNORTHROP
[LOG] Copied JACKNORTHROP PT_INTERNALS.xml to temp directory
[LOG] Scheme JACKNORTHROP PT processing completed in 0.01 seconds
[LOG] Cleaned up temp file for scheme JACKNORTHROP PT : JACKNORTHROP PT_INTERNALS.xml
[LOG] Parsing GCM feeder model for LA CUMBRE
[LOG] Copied LA CUMBRE PT_INTERNALS.xml to temp directory
[LOG] Scheme LA CUMBRE PT processing completed in 0.02 seconds
[LOG] Cleaned up temp file for scheme LA CUMBRE PT : LA CUMBRE PT_INTERNALS.xml
[LOG] Parsing GCM feeder model for FIRMONA
[LOG] Copied LA FRESA_INTERNALS.xml to temp directory
[LOG] Scheme LA FRESA processing completed in 0.29 seconds
[LOG] Cleaned up temp file for scheme LA FRESA : LA FRESA_INTERNALS.xml
[LOG] Parsing GCM feeder model for OCCIDENTAL
[LOG] Parsing GCM feeder model for ARTISANO
[LOG] Parsing GCM feeder model for RADIATOR
[LOG] Parsing GCM feeder model for ELROY
[LOG] Parsing GCM feeder model for PETROL
[LOG] Parsing GCM feeder model for BRYANT
[LOG] Parsing GCM feeder model for PUEBLO
[LOG] Parsing GCM feeder model for BLAKE
[LOG] Parsing GCM feeder model for DOMINGUEZ
[LOG] Parsing GCM feeder model for GRAVEYARD
[LOG] Parsing GCM feeder model for GENERAL PETROLEUM
[LOG] Parsing GCM feeder model for CUTHBERT
[LOG] Copied LATIGO_INTERNALS.xml to temp directory
[LOG] Scheme LATIGO processing completed in 0.17 seconds
[LOG] Cleaned up temp file for scheme LATIGO : LATIGO_INTERNALS.xml
[LOG] Parsing GCM feeder model for MERLIN
[LOG] Parsing GCM feeder model for GALAHAD
[LOG] Parsing GCM feeder model for MAGUIRE
[LOG] Parsing GCM feeder model for SUTRO
[LOG] Copied LAWNDALE_INTERNALS.xml to temp directory
[LOG] Scheme LAWNDALE processing completed in 0.06 seconds
[LOG] Cleaned up temp file for scheme LAWNDALE : LAWNDALE_INTERNALS.xml
[LOG] Parsing GCM feeder model for SHOUP
[LOG] Parsing GCM feeder model for FREEMAN
[LOG] Parsing GCM feeder model for KORNBLUM
[LOG] Parsing GCM feeder model for REPUBLIC
[LOG] Copied LENNOX_INTERNALS.xml to temp directory
[LOG] Scheme LENNOX processing completed in 0.38 seconds
[LOG] Cleaned up temp file for scheme LENNOX : LENNOX_INTERNALS.xml
[LOG] Parsing GCM feeder model for BOEING
[LOG] Parsing GCM feeder model for VULTEE
[LOG] Parsing GCM feeder model for MENDOZA
[LOG] Parsing GCM feeder model for MCDONNELL
[LOG] Parsing GCM feeder model for RYAN
[LOG] Parsing GCM feeder model for HARDY
[LOG] Parsing GCM feeder model for ANZA
[LOG] Parsing GCM feeder model for SPINNING
[LOG] Parsing GCM feeder model for JAVA
[LOG] Parsing GCM feeder model for CENTURY
[LOG] Parsing GCM feeder model for LOCK
[LOG] Parsing GCM feeder model for ETTING
[LOG] Copied LEVY_INTERNALS.xml to temp directory
[LOG] Scheme LEVY processing completed in 0.14 seconds
[LOG] Cleaned up temp file for scheme LEVY : LEVY_INTERNALS.xml
[LOG] Parsing GCM feeder model for OLSON
[LOG] Parsing GCM feeder model for SARATOGA
[LOG] Parsing GCM feeder model for ENTERPRISE
[LOG] Parsing GCM feeder model for NAUMANN
[LOG] Parsing GCM feeder model for LOMA VISTA
[LOG] Copied LOMA VISTA PT_INTERNALS.xml to temp directory
[LOG] Scheme LOMA VISTA PT processing completed in 0.01 seconds
[LOG] Cleaned up temp file for scheme LOMA VISTA PT : LOMA VISTA PT_INTERNALS.xml
[LOG] Parsing GCM feeder model for PIMA
[LOG] Copied LUNADA_INTERNALS.xml to temp directory
[LOG] Scheme LUNADA processing completed in 0.03 seconds
[LOG] Cleaned up temp file for scheme LUNADA : LUNADA_INTERNALS.xml
[LOG] Parsing GCM feeder model for BLACKWATER
[LOG] Parsing GCM feeder model for CLIPPER
[LOG] Parsing GCM feeder model for CABRILLO
[LOG] Copied MADRID_INTERNALS.xml to temp directory
[LOG] Scheme MADRID processing completed in 0.04 seconds
[LOG] Cleaned up temp file for scheme MADRID : MADRID_INTERNALS.xml
[LOG] Parsing GCM feeder model for MARCELLINA
[LOG] Parsing GCM feeder model for HICKORY
[LOG] Parsing GCM feeder model for LLEWELLYN
[LOG] Parsing GCM feeder model for CHUMASH
[LOG] Copied MALIBU_INTERNALS.xml to temp directory
[LOG] Scheme MALIBU processing completed in 0.15 seconds
[LOG] Cleaned up temp file for scheme MALIBU : MALIBU_INTERNALS.xml
[LOG] Parsing GCM feeder model for WHIZZIN
[LOG] Parsing GCM feeder model for TRIUNFO
[LOG] Parsing GCM feeder model for CONEJO
[LOG] Parsing GCM feeder model for LINDERO
[LOG] Parsing GCM feeder model for CRUMNER
[LOG] Parsing GCM feeder model for KANAN
[LOG] Parsing GCM feeder model for OZONE
[LOG] Copied MANHATTAN_INTERNALS.xml to temp directory
[LOG] Scheme MANHATTAN processing completed in 0.06 seconds
[LOG] Cleaned up temp file for scheme MANHATTAN : MANHATTAN_INTERNALS.xml
[LOG] Parsing GCM feeder model for HILL
[LOG] Parsing GCM feeder model for NORTH BEACH
[LOG] Parsing GCM feeder model for SOUTH STRAND
[LOG] Parsing GCM feeder model for KEATS
[LOG] Parsing GCM feeder model for NEON
[LOG] Copied MARINE_INTERNALS.xml to temp directory
[LOG] Scheme MARINE processing completed in 0.13 seconds
[LOG] Cleaned up temp file for scheme MARINE : MARINE_INTERNALS.xml
[LOG] Parsing GCM feeder model for NAVY
[LOG] Parsing GCM feeder model for MCEWAN
[LOG] Parsing GCM feeder model for COURTLAND
[LOG] Parsing GCM feeder model for AIRCRAFT
[LOG] Parsing GCM feeder model for WALGROVE
[LOG] Parsing GCM feeder model for MARSHALL
[LOG] Parsing GCM feeder model for SHORELINE
[LOG] Copied MARYMOUNT_INTERNALS.xml to temp directory
[LOG] Scheme MARYMOUNT processing completed in 0.04 seconds
[LOG] Cleaned up temp file for scheme MARYMOUNT : MARYMOUNT_INTERNALS.xml
[LOG] Parsing GCM feeder model for COVEVIEW
[LOG] Parsing GCM feeder model for AMBERSKY
[LOG] Parsing GCM feeder model for MCKEVETT
[LOG] Copied MCKEVETT PT_INTERNALS.xml to temp directory
[LOG] Scheme MCKEVETT PT processing completed in 0.02 seconds
[LOG] Cleaned up temp file for scheme MCKEVETT PT : MCKEVETT PT_INTERNALS.xml
[LOG] Parsing GCM feeder model for TREATER 2
[LOG] Copied MOBILOIL_INTERNALS.xml to temp directory
[LOG] Scheme MOBILOIL processing completed in 0.08 seconds
[LOG] Cleaned up temp file for scheme MOBILOIL : MOBILOIL_INTERNALS.xml
[LOG] Parsing GCM feeder model for TREATER 1
[LOG] Parsing GCM feeder model for COKER 5
[LOG] Parsing GCM feeder model for TOUR
[LOG] Parsing GCM feeder model for AIR
[LOG] Parsing GCM feeder model for COKER 1
[LOG] Parsing GCM feeder model for TANK FARM 3
[LOG] Parsing GCM feeder model for HYDROCRACKER 1
[LOG] Parsing GCM feeder model for PENICK
[LOG] Parsing GCM feeder model for TANK FARM 1
[LOG] Parsing GCM feeder model for LISA
[LOG] Parsing GCM feeder model for MATTHEWS
[LOG] Parsing GCM feeder model for KIRKPATRICK
[LOG] Parsing GCM feeder model for THEES
[LOG] Parsing GCM feeder model for SNOVER
[LOG] Parsing GCM feeder model for DIGNAN
[LOG] Parsing GCM feeder model for EISENMANN
[LOG] Parsing GCM feeder model for COKER 4
[LOG] Parsing GCM feeder model for COKER 3
[LOG] Parsing GCM feeder model for COKER 2
[LOG] Parsing GCM feeder model for SOCONY
[LOG] Parsing GCM feeder model for BABCOCK
[LOG] Parsing GCM feeder model for TREATER 3
[LOG] Parsing GCM feeder model for POTTER
[LOG] Parsing GCM feeder model for COLLETTE
[LOG] Parsing GCM feeder model for FELON
[LOG] Parsing GCM feeder model for WALK
[LOG] Parsing GCM feeder model for JETWATER
[LOG] Parsing GCM feeder model for VACUUM
[LOG] Parsing GCM feeder model for TANK FARM 2
[LOG] Parsing GCM feeder model for TINDAL
[LOG] Parsing GCM feeder model for TREATER 4
[LOG] Parsing GCM feeder model for BLOWER
[LOG] Parsing GCM feeder model for GELLENBECK
[LOG] Parsing GCM feeder model for KIRSOP
[LOG] Parsing GCM feeder model for HYDROCRACKER 2
[LOG] Parsing GCM feeder model for TANK FARM 4
[ERROR] Feeders file not found: E:\Eterra\distribution\sce\ToolsWorkspace\ETL\input\ANAPAMU.xml
[LOG] Parsing GCM feeder model for PALM
[LOG] Copied MONETA_INTERNALS.xml to temp directory
[LOG] Scheme MONETA processing completed in 0.07 seconds
[LOG] Cleaned up temp file for scheme MONETA : MONETA_INTERNALS.xml
[LOG] Parsing GCM feeder model for JOHANNA
[LOG] Parsing GCM feeder model for ILLINOIS
[LOG] Parsing GCM feeder model for COPRA
[LOG] Parsing GCM feeder model for AMESTOY
[LOG] Parsing GCM feeder model for DELID
[LOG] Parsing GCM feeder model for CRENSHAW
[LOG] Parsing GCM feeder model for ARMOUR
[LOG] Copied MONTECITO_INTERNALS.xml to temp directory
[LOG] Scheme MONTECITO processing completed in 0.05 seconds
[LOG] Cleaned up temp file for scheme MONTECITO : MONTECITO_INTERNALS.xml
[LOG] Parsing GCM feeder model for SWIFT
[LOG] Parsing GCM feeder model for MIRAMAR
[LOG] Parsing GCM feeder model for TREMAINE
[LOG] Parsing GCM feeder model for JANSS
[LOG] Copied MOORPARK_INTERNALS.xml to temp directory
[LOG] Scheme MOORPARK processing completed in 0.53 seconds
[LOG] Cleaned up temp file for scheme MOORPARK : MOORPARK_INTERNALS.xml
[LOG] Parsing GCM feeder model for STRATHERN
[LOG] Parsing GCM feeder model for COLLINS
[LOG] Parsing GCM feeder model for GABBERT
[LOG] Parsing GCM feeder model for BRENNAN
[LOG] Parsing GCM feeder model for EVERETT
[LOG] Parsing GCM feeder model for ANTON
[LOG] Parsing GCM feeder model for ZONE
[LOG] Parsing GCM feeder model for MORGANSTEIN
[LOG] Parsing GCM feeder model for DARBY
[LOG] Copied MORNINGSIDE_INTERNALS.xml to temp directory
[LOG] Scheme MORNINGSIDE processing completed in 0.05 seconds
[LOG] Cleaned up temp file for scheme MORNINGSIDE : MORNINGSIDE_INTERNALS.xml
[LOG] Parsing GCM feeder model for GRAYSON
[LOG] Parsing GCM feeder model for MANCHESTER
[LOG] Parsing GCM feeder model for LOMBARD
[LOG] Copied MOVIE_INTERNALS.xml to temp directory
[LOG] Scheme MOVIE processing completed in 0.09 seconds
[LOG] Cleaned up temp file for scheme MOVIE : MOVIE_INTERNALS.xml
[LOG] Parsing GCM feeder model for GABLE
[LOG] Parsing GCM feeder model for BOGART
[LOG] Parsing GCM feeder model for CAGNEY
[LOG] Parsing GCM feeder model for MOYNIER
[LOG] Copied MOYNIER PT_INTERNALS.xml to temp directory
[LOG] Scheme MOYNIER PT processing completed in 0.01 seconds
[LOG] Cleaned up temp file for scheme MOYNIER PT : MOYNIER PT_INTERNALS.xml
[LOG] Parsing GCM feeder model for LESSER
[LOG] Copied NEWBURY_INTERNALS.xml to temp directory
[LOG] Scheme NEWBURY processing completed in 0.35 seconds
[LOG] Cleaned up temp file for scheme NEWBURY : NEWBURY_INTERNALS.xml
[LOG] Parsing GCM feeder model for INTREPID
[LOG] Parsing GCM feeder model for PATRIOT
[LOG] Parsing GCM feeder model for BELPAC
[LOG] Parsing GCM feeder model for ACADEMY
[LOG] Parsing GCM feeder model for HOOLIGAN
[LOG] Parsing GCM feeder model for BORCHARD
[LOG] Parsing GCM feeder model for SPLENDOR
[LOG] Parsing GCM feeder model for JOHNBOY
[LOG] Parsing GCM feeder model for NIDEVER
[LOG] Copied NIDEVER PT_INTERNALS.xml to temp directory
[LOG] Scheme NIDEVER PT processing completed in 0.01 seconds
[LOG] Cleaned up temp file for scheme NIDEVER PT : NIDEVER PT_INTERNALS.xml
[LOG] Parsing GCM feeder model for NOGAL
[LOG] Copied NOGAL PT_INTERNALS.xml to temp directory
[LOG] Scheme NOGAL PT processing completed in 0.01 seconds
[LOG] Cleaned up temp file for scheme NOGAL PT : NOGAL PT_INTERNALS.xml
[LOG] Parsing GCM feeder model for WOODHAVEN
[LOG] Copied OAK PARK_INTERNALS.xml to temp directory
[LOG] Scheme OAK PARK processing completed in 0.1 seconds
[LOG] Cleaned up temp file for scheme OAK PARK : OAK PARK_INTERNALS.xml
[LOG] Parsing GCM feeder model for BIRCHWOOD
[LOG] Parsing GCM feeder model for CONIFER
[LOG] Parsing GCM feeder model for AMBERCREST
[LOG] Parsing GCM feeder model for CRESTHAVEN
[LOG] Parsing GCM feeder model for WADSWORTH
[LOG] Copied OCEAN PARK_INTERNALS.xml to temp directory
[LOG] Scheme OCEAN PARK processing completed in 0.04 seconds
[LOG] Cleaned up temp file for scheme OCEAN PARK : OCEAN PARK_INTERNALS.xml
[LOG] Parsing GCM feeder model for CLOVERFIELD
[LOG] Parsing GCM feeder model for NORTHSIDE
[LOG] Parsing GCM feeder model for JONES
[LOG] Parsing GCM feeder model for THACHER
[LOG] Copied OJAI_INTERNALS.xml to temp directory
[LOG] Scheme OJAI processing completed in 0.19 seconds
[LOG] Cleaned up temp file for scheme OJAI : OJAI_INTERNALS.xml
[LOG] Parsing GCM feeder model for MATILIJA
[LOG] Parsing GCM feeder model for PATRICIA
[LOG] Parsing GCM feeder model for LASKY
[LOG] Copied OLYMPIC_INTERNALS.xml to temp directory
[LOG] Scheme OLYMPIC processing completed in 0.04 seconds
[LOG] Cleaned up temp file for scheme OLYMPIC : OLYMPIC_INTERNALS.xml
[LOG] Parsing GCM feeder model for ROBERTSON
[LOG] Parsing GCM feeder model for CHARLEVILLE
[LOG] Parsing GCM feeder model for SMITHWOOD
[LOG] Parsing GCM feeder model for WETHERLY
[LOG] Parsing GCM feeder model for ORSATTI
[LOG] Copied ORSATTI PT_INTERNALS.xml to temp directory
[LOG] Scheme ORSATTI PT processing completed in 0.01 seconds
[LOG] Cleaned up temp file for scheme ORSATTI PT : ORSATTI PT_INTERNALS.xml
[LOG] Parsing GCM feeder model for GREENWELL
[LOG] Copied ORTEGA_INTERNALS.xml to temp directory
[LOG] Scheme ORTEGA processing completed in 0.02 seconds
[LOG] Cleaned up temp file for scheme ORTEGA : ORTEGA_INTERNALS.xml
[LOG] Parsing GCM feeder model for PAINTED CAVE
[LOG] Copied PAINTED CAVE PT_INTERNALS.xml to temp directory
[LOG] Scheme PAINTED CAVE PT processing completed in 0.01 seconds
[LOG] Cleaned up temp file for scheme PAINTED CAVE PT : PAINTED CAVE PT_INTERNALS.xml
[LOG] Parsing GCM feeder model for MAJOR
[LOG] Copied PALOS VERDES_INTERNALS.xml to temp directory
[LOG] Scheme PALOS VERDES processing completed in 0.07 seconds
[LOG] Cleaned up temp file for scheme PALOS VERDES : PALOS VERDES_INTERNALS.xml
[LOG] Parsing GCM feeder model for TERRAZZO
[LOG] Parsing GCM feeder model for MALAGA COVE
[LOG] Parsing GCM feeder model for VALMONTE
[LOG] Parsing GCM feeder model for PANCHITO
[LOG] Copied PANCHITO PT_INTERNALS.xml to temp directory
[LOG] Scheme PANCHITO PT processing completed in 0.01 seconds
[LOG] Cleaned up temp file for scheme PANCHITO PT : PANCHITO PT_INTERNALS.xml
[LOG] Parsing GCM feeder model for PAR
[LOG] Copied PAR PT_INTERNALS.xml to temp directory
[LOG] Scheme PAR PT processing completed in 0.01 seconds
[LOG] Cleaned up temp file for scheme PAR PT : PAR PT_INTERNALS.xml
[LOG] Parsing GCM feeder model for PEACOCK
[LOG] Copied PEACOCK UGS_INTERNALS.xml to temp directory
[LOG] Scheme PEACOCK UGS processing completed in 0.01 seconds
[LOG] Cleaned up temp file for scheme PEACOCK UGS : PEACOCK UGS_INTERNALS.xml
[LOG] Parsing GCM feeder model for ASHLAND
[LOG] Copied PEARL_INTERNALS.xml to temp directory
[LOG] Scheme PEARL processing completed in 0.03 seconds
[LOG] Cleaned up temp file for scheme PEARL : PEARL_INTERNALS.xml
[LOG] Parsing GCM feeder model for GATEWAY
[LOG] Parsing GCM feeder model for KANSAS
[LOG] Parsing GCM feeder model for COMO
[LOG] Copied PERRY_INTERNALS.xml to temp directory
[LOG] Scheme PERRY processing completed in 0.05 seconds
[LOG] Cleaned up temp file for scheme PERRY : PERRY_INTERNALS.xml
[LOG] Parsing GCM feeder model for STRAWBERRY
[LOG] Parsing GCM feeder model for TALENT
[LOG] Parsing GCM feeder model for ROSEMARY
[LOG] Parsing GCM feeder model for TENOR
[LOG] Parsing GCM feeder model for VILLA
[LOG] Parsing GCM feeder model for BIO
[LOG] Copied PHARMACY_INTERNALS.xml to temp directory
[LOG] Scheme PHARMACY processing completed in 0.03 seconds
[LOG] Cleaned up temp file for scheme PHARMACY : PHARMACY_INTERNALS.xml
[LOG] Parsing GCM feeder model for TECH
[LOG] Parsing GCM feeder model for VENTU
[LOG] Parsing GCM feeder model for PAULING
[LOG] Parsing GCM feeder model for HOSPITAL
[LOG] Copied PIERPONT_INTERNALS.xml to temp directory
[LOG] Scheme PIERPONT processing completed in 0.14 seconds
[LOG] Cleaned up temp file for scheme PIERPONT : PIERPONT_INTERNALS.xml
[LOG] Parsing GCM feeder model for PEARCE
[LOG] Parsing GCM feeder model for TELOMA
[LOG] Parsing GCM feeder model for CODE
[LOG] Parsing GCM feeder model for ROEBUCK
[LOG] Parsing GCM feeder model for HARTMAN
[LOG] Parsing GCM feeder model for LEXINGTON
[LOG] Parsing GCM feeder model for BRAEMER
[LOG] Copied PLAYA_INTERNALS.xml to temp directory
[LOG] Scheme PLAYA processing completed in 0.05 seconds
[LOG] Cleaned up temp file for scheme PLAYA : PLAYA_INTERNALS.xml
[LOG] Parsing GCM feeder model for FELLOWSHIP
[LOG] Parsing GCM feeder model for DEL REY
[LOG] Parsing GCM feeder model for POLARIS 1
[LOG] Copied POLARIS_INTERNALS.xml to temp directory
[LOG] Scheme POLARIS processing completed in 0.01 seconds
[LOG] Cleaned up temp file for scheme POLARIS : POLARIS_INTERNALS.xml
[LOG] Parsing GCM feeder model for PRADO
[LOG] Copied POTRERO_INTERNALS.xml to temp directory
[LOG] Scheme POTRERO processing completed in 0.24 seconds
[LOG] Cleaned up temp file for scheme POTRERO : POTRERO_INTERNALS.xml
[LOG] Parsing GCM feeder model for PAMPAS
[LOG] Parsing GCM feeder model for SHENANDOAH
[LOG] Parsing GCM feeder model for LA VACA
[LOG] Parsing GCM feeder model for CADENA
[LOG] Parsing GCM feeder model for LUNA
[LOG] Parsing GCM feeder model for VAQUERO
[LOG] Parsing GCM feeder model for TOWNSGATE
[LOG] Parsing GCM feeder model for HACIENDA
[LOG] Parsing GCM feeder model for LA MANCHA
[LOG] Parsing GCM feeder model for MARTINELLI
[LOG] Parsing GCM feeder model for PRUITT
[LOG] Copied PRUITT PT_INTERNALS.xml to temp directory
[LOG] Scheme PRUITT PT processing completed in 0.01 seconds
[LOG] Cleaned up temp file for scheme PRUITT PT : PRUITT PT_INTERNALS.xml
[LOG] Parsing GCM feeder model for EL PASEO
[LOG] Copied REDONDO_INTERNALS.xml to temp directory
[LOG] Scheme REDONDO processing completed in 0.08 seconds
[LOG] Cleaned up temp file for scheme REDONDO : REDONDO_INTERNALS.xml
[LOG] Parsing GCM feeder model for OPAL
[LOG] Parsing GCM feeder model for CLIFTON
[LOG] Parsing GCM feeder model for CAMINO REAL
[LOG] Parsing GCM feeder model for BERYL
[LOG] Parsing GCM feeder model for CATALINA
[LOG] Parsing GCM feeder model for HERMOSA
[LOG] Parsing GCM feeder model for EVANS
[LOG] Copied ROLLING HILLS_INTERNALS.xml to temp directory
[LOG] Scheme ROLLING HILLS processing completed in 0.18 seconds
[LOG] Cleaned up temp file for scheme ROLLING HILLS : ROLLING HILLS_INTERNALS.xml
[LOG] Parsing GCM feeder model for PINZON
[LOG] Parsing GCM feeder model for MIRALESTA
[LOG] Parsing GCM feeder model for LOMITA
[LOG] Parsing GCM feeder model for ELLENWOOD
[LOG] Parsing GCM feeder model for WINLOCK
[LOG] Parsing GCM feeder model for CHICO
[LOG] Parsing GCM feeder model for ORCHID
[LOG] Parsing GCM feeder model for PANSY
[LOG] Parsing GCM feeder model for DAHLIA
[LOG] Parsing GCM feeder model for LILAC
[LOG] Parsing GCM feeder model for VIOLET
[LOG] Parsing GCM feeder model for AZALIA
[LOG] Parsing GCM feeder model for MONARCH
[LOG] Copied ROYAL_INTERNALS.xml to temp directory
[LOG] Scheme ROYAL processing completed in 0.34 seconds
[LOG] Cleaned up temp file for scheme ROYAL : ROYAL_INTERNALS.xml
[LOG] Parsing GCM feeder model for APPLETON
[LOG] Parsing GCM feeder model for HOSS
[LOG] Parsing GCM feeder model for MONTGOMERY
[LOG] Parsing GCM feeder model for BURLESON
[LOG] Parsing GCM feeder model for ENCHANTED
[LOG] Parsing GCM feeder model for ERRINGER
[LOG] Parsing GCM feeder model for ABRAHAM
[LOG] Parsing GCM feeder model for REJADA
[LOG] Parsing GCM feeder model for COCHRAN
[LOG] Parsing GCM feeder model for BUCKNER
[LOG] Parsing GCM feeder model for SINALOA
[LOG] Parsing GCM feeder model for CASEY
[LOG] Copied SAN MARCOS_INTERNALS.xml to temp directory
[LOG] Scheme SAN MARCOS processing completed in 0.21 seconds
[LOG] Cleaned up temp file for scheme SAN MARCOS : SAN MARCOS_INTERNALS.xml
[LOG] Parsing GCM feeder model for DUFFER
[LOG] Parsing GCM feeder model for EMPIRE
[LOG] Parsing GCM feeder model for HURST
[LOG] Parsing GCM feeder model for DRISKILL
[LOG] Parsing GCM feeder model for CISCO
[LOG] Copied SAN MIGUEL_INTERNALS.xml to temp directory
[LOG] Scheme SAN MIGUEL processing completed in 0.22 seconds
[LOG] Cleaned up temp file for scheme SAN MIGUEL : SAN MIGUEL_INTERNALS.xml
[LOG] Parsing GCM feeder model for PEDRO
[LOG] Parsing GCM feeder model for ALFREDO
[LOG] Parsing GCM feeder model for READY
[LOG] Parsing GCM feeder model for GRINGO
[LOG] Parsing GCM feeder model for SALVADOR
[LOG] Parsing GCM feeder model for RICARDO
[LOG] Parsing GCM feeder model for DIABLO
[LOG] Parsing GCM feeder model for REGENT
[LOG] Copied SAN VICENTE_INTERNALS.xml to temp directory
[LOG] Scheme SAN VICENTE processing completed in 0.02 seconds
[LOG] Cleaned up temp file for scheme SAN VICENTE : SAN VICENTE_INTERNALS.xml
[LOG] Parsing GCM feeder model for EAST MONTANA
[LOG] Parsing GCM feeder model for CARLYLE
[LOG] Parsing GCM feeder model for MILPAS
[LOG] Copied SANTA BARBARA_INTERNALS.xml to temp directory
[LOG] Scheme SANTA BARBARA processing completed in 0.46 seconds
[LOG] Cleaned up temp file for scheme SANTA BARBARA : SANTA BARBARA_INTERNALS.xml
[LOG] Parsing GCM feeder model for CIENIGITAS
[LOG] Parsing GCM feeder model for PADRE
[LOG] Parsing GCM feeder model for JAMESON
[LOG] Parsing GCM feeder model for TURNPIKE
[LOG] Parsing GCM feeder model for STANWOOD
[LOG] Parsing GCM feeder model for HOT SPRINGS
[LOG] Parsing GCM feeder model for CHAPALA
[LOG] Parsing GCM feeder model for BATH
[LOG] Parsing GCM feeder model for ANACAPA
[LOG] Parsing GCM feeder model for FIGUEROA
[LOG] Parsing GCM feeder model for FAIR ACRES
[LOG] Parsing GCM feeder model for HELENA
[LOG] Parsing GCM feeder model for GARDEN
[LOG] Parsing GCM feeder model for RIVIERA
[LOG] Parsing GCM feeder model for GUTIERREZ
[LOG] Parsing GCM feeder model for TRADEWIND
[LOG] Copied SANTA MONICA_INTERNALS.xml to temp directory
[LOG] Scheme SANTA MONICA processing completed in 0.18 seconds
[LOG] Cleaned up temp file for scheme SANTA MONICA : SANTA MONICA_INTERNALS.xml
[LOG] Parsing GCM feeder model for SUNTOWER
[LOG] Parsing GCM feeder model for DEBUG
[LOG] Parsing GCM feeder model for SURFRIDER
[LOG] Parsing GCM feeder model for RIPTIDE
[LOG] Parsing GCM feeder model for ALBATROSS
[LOG] Parsing GCM feeder model for BEACHCOMBER
[LOG] Parsing GCM feeder model for LASSEN
[LOG] Parsing GCM feeder model for TWENTY SIX ST
[LOG] Parsing GCM feeder model for DEAUVILLE
[LOG] Parsing GCM feeder model for IRWIN HTS
[LOG] Parsing GCM feeder model for PICKERING
[ERROR] Feeders file not found for SIXTEENTH ST using alias SIXTEENTH STREET : E:\Eterra\distribution\sce\ToolsWorkspace\ETL\input\SIXTEENTH STREET.xml
[LOG] Parsing GCM feeder model for GEORGIAN
[LOG] Parsing GCM feeder model for SECURITY
[LOG] Parsing GCM feeder model for NINTH ST
[LOG] Parsing GCM feeder model for MALOY
[LOG] Copied SATICOY_INTERNALS.xml to temp directory
[LOG] Scheme SATICOY processing completed in 0.17 seconds
[LOG] Cleaned up temp file for scheme SATICOY : SATICOY_INTERNALS.xml
[LOG] Parsing GCM feeder model for HIGHWAY
[LOG] Parsing GCM feeder model for MIDDLE ROAD
[LOG] Parsing GCM feeder model for VINEYARD
[LOG] Parsing GCM feeder model for SEXTON
[LOG] Parsing GCM feeder model for MAXSON
[LOG] Parsing GCM feeder model for NIMITZ
[LOG] Copied SAWTELLE_INTERNALS.xml to temp directory
[LOG] Scheme SAWTELLE processing completed in 0.11 seconds
[LOG] Cleaned up temp file for scheme SAWTELLE : SAWTELLE_INTERNALS.xml
[LOG] Parsing GCM feeder model for BONSALL
[LOG] Parsing GCM feeder model for PATTON
[LOG] Parsing GCM feeder model for FEDERAL
[LOG] Parsing GCM feeder model for PURDUE
[LOG] Parsing GCM feeder model for WHITING
[LOG] Copied SEPULVEDA_INTERNALS.xml to temp directory
[LOG] Scheme SEPULVEDA processing completed in 0.2 seconds
[LOG] Cleaned up temp file for scheme SEPULVEDA : SEPULVEDA_INTERNALS.xml
[LOG] Parsing GCM feeder model for BALLONA
[LOG] Parsing GCM feeder model for BUNGALOW
[LOG] Parsing GCM feeder model for BUTANE
[LOG] Parsing GCM feeder model for KELVINATOR
[LOG] Parsing GCM feeder model for CONTINENT
[LOG] Parsing GCM feeder model for INTERSTATE
[LOG] Parsing GCM feeder model for COMPUTER
[LOG] Parsing GCM feeder model for LIBERATOR
[LOG] Parsing GCM feeder model for CHEMICAL
[LOG] Parsing GCM feeder model for CLEMSON
[LOG] Copied SOMIS_INTERNALS.xml to temp directory
[LOG] Scheme SOMIS processing completed in 0.17 seconds
[LOG] Cleaned up temp file for scheme SOMIS : SOMIS_INTERNALS.xml
[LOG] Parsing GCM feeder model for SEMINARY
[LOG] Parsing GCM feeder model for RAINBOW
[LOG] Parsing GCM feeder model for DONLON
[LOG] Parsing GCM feeder model for ESTABAN
[LOG] Parsing GCM feeder model for SONY 1
[LOG] Copied SONY_INTERNALS.xml to temp directory
[LOG] Scheme SONY processing completed in 0.01 seconds
[LOG] Cleaned up temp file for scheme SONY : SONY_INTERNALS.xml
[LOG] Parsing GCM feeder model for SONY 2
[LOG] Parsing GCM feeder model for SPACEX
[LOG] Copied SPACEX PT_INTERNALS.xml to temp directory
[LOG] Scheme SPACEX PT processing completed in 0.01 seconds
[LOG] Cleaned up temp file for scheme SPACEX PT : SPACEX PT_INTERNALS.xml
[LOG] Parsing GCM feeder model for SURREY
[LOG] Copied SURREY UGS_INTERNALS.xml to temp directory
[LOG] Scheme SURREY UGS processing completed in 0.02 seconds
[LOG] Cleaned up temp file for scheme SURREY UGS : SURREY UGS_INTERNALS.xml
[LOG] Parsing GCM feeder model for SANDMAN
[LOG] Copied TAHITI_INTERNALS.xml to temp directory
[LOG] Scheme TAHITI processing completed in 0.08 seconds
[LOG] Cleaned up temp file for scheme TAHITI : TAHITI_INTERNALS.xml
[LOG] Parsing GCM feeder model for BARNACLE
[LOG] Parsing GCM feeder model for SEAHORSE
[LOG] Parsing GCM feeder model for FANTAIL
[LOG] Parsing GCM feeder model for TUNA
[LOG] Copied TAPIA_INTERNALS.xml to temp directory
[LOG] Scheme TAPIA processing completed in 0.07 seconds
[LOG] Cleaned up temp file for scheme TAPIA : TAPIA_INTERNALS.xml
[LOG] Parsing GCM feeder model for SEABOARD
[LOG] Parsing GCM feeder model for NICHOLAS
[LOG] Parsing GCM feeder model for TATANKA
[LOG] Copied TATANKA PT_INTERNALS.xml to temp directory
[LOG] Scheme TATANKA PT processing completed in 0.03 seconds
[LOG] Cleaned up temp file for scheme TATANKA PT : TATANKA PT_INTERNALS.xml
[ERROR] Feeders file not found: E:\Eterra\distribution\sce\ToolsWorkspace\ETL\input\CLIPPER STUB.xml
[ERROR] Feeders file not found: E:\Eterra\distribution\sce\ToolsWorkspace\ETL\input\ZINC STUB.xml
[LOG] Parsing GCM feeder model for LANGER
[LOG] Copied THOUSAND OAKS_INTERNALS.xml to temp directory
[LOG] Scheme THOUSAND OAKS processing completed in 5.33 seconds
[LOG] Cleaned up temp file for scheme THOUSAND OAKS : THOUSAND OAKS_INTERNALS.xml
[LOG] Parsing GCM feeder model for SHOPPING
[LOG] Parsing GCM feeder model for HILLCREST
[LOG] Parsing GCM feeder model for BYER
[LOG] Parsing GCM feeder model for GOLDSMITH
[LOG] Parsing GCM feeder model for HAMPSHIRE
[LOG] Parsing GCM feeder model for DEVINE
[LOG] Parsing GCM feeder model for TALLEY
[LOG] Parsing GCM feeder model for COVENTRY
[LOG] Parsing GCM feeder model for WHITECLIFF
[ERROR] Feeders file not found: E:\Eterra\distribution\sce\ToolsWorkspace\ETL\input\BONNELL.xml
[ERROR] Feeders file not found: E:\Eterra\distribution\sce\ToolsWorkspace\ETL\input\CHENEY.xml
[LOG] Parsing GCM feeder model for CORAL
[LOG] Copied TOPAZ_INTERNALS.xml to temp directory
[LOG] Scheme TOPAZ processing completed in 0.05 seconds
[LOG] Cleaned up temp file for scheme TOPAZ : TOPAZ_INTERNALS.xml
[LOG] Parsing GCM feeder model for BLOODSTONE
[LOG] Parsing GCM feeder model for AZURE
[LOG] Parsing GCM feeder model for SPINEL
[LOG] Parsing GCM feeder model for TOURMALINE
[LOG] Parsing GCM feeder model for GEM
[LOG] Parsing GCM feeder model for BRAMBLE
[LOG] Copied TORRANCE_INTERNALS.xml to temp directory
[LOG] Scheme TORRANCE processing completed in 0.27 seconds
[LOG] Cleaned up temp file for scheme TORRANCE : TORRANCE_INTERNALS.xml
[LOG] Parsing GCM feeder model for FIRETHORN
[LOG] Parsing GCM feeder model for DOGWOOD
[LOG] Parsing GCM feeder model for TEAK
[LOG] Parsing GCM feeder model for BLACKJACK
[LOG] Parsing GCM feeder model for REDGUM
[LOG] Parsing GCM feeder model for SAGO
[LOG] Parsing GCM feeder model for EBONY
[LOG] Parsing GCM feeder model for ASPEN
[LOG] Parsing GCM feeder model for LOQUAT
[LOG] Parsing GCM feeder model for TWENTY THREE ST
[LOG] Copied TWENTY THREE ST PT_INTERNALS.xml to temp directory
[LOG] Scheme TWENTY THREE ST PT processing completed in 0.01 seconds
[LOG] Cleaned up temp file for scheme TWENTY THREE ST PT : TWENTY THREE ST PT_INTERNALS.xml
[LOG] Parsing GCM feeder model for TWENTY TWO ST
[LOG] Copied TWENTY TWO ST PT_INTERNALS.xml to temp directory
[LOG] Scheme TWENTY TWO ST PT processing completed in 0.01 seconds
[LOG] Cleaned up temp file for scheme TWENTY TWO ST PT : TWENTY TWO ST PT_INTERNALS.xml
[LOG] Parsing GCM feeder model for TYBURN
[LOG] Copied TYBURN PT_INTERNALS.xml to temp directory
[LOG] Scheme TYBURN PT processing completed in 0.01 seconds
[LOG] Cleaned up temp file for scheme TYBURN PT : TYBURN PT_INTERNALS.xml
[LOG] Parsing GCM feeder model for SORRENTO
[LOG] Copied VALDEZ_INTERNALS.xml to temp directory
[LOG] Scheme VALDEZ processing completed in 0.3 seconds
[LOG] Cleaned up temp file for scheme VALDEZ : VALDEZ_INTERNALS.xml
[LOG] Parsing GCM feeder model for SIENNA
[LOG] Parsing GCM feeder model for CALABASAS
[LOG] Parsing GCM feeder model for MILO
[LOG] Parsing GCM feeder model for PARADISE
[LOG] Parsing GCM feeder model for PARKMORE
[LOG] Parsing GCM feeder model for HORIZON
[LOG] Parsing GCM feeder model for VICASA
[LOG] Parsing GCM feeder model for HORNTOAD
[LOG] Parsing GCM feeder model for VANDERLIP
[LOG] Copied VANDERLIP PT_INTERNALS.xml to temp directory
[LOG] Scheme VANDERLIP PT processing completed in 0.01 seconds
[LOG] Cleaned up temp file for scheme VANDERLIP PT : VANDERLIP PT_INTERNALS.xml
[LOG] Parsing GCM feeder model for WASP
[LOG] Copied VEGAS_INTERNALS.xml to temp directory
[LOG] Scheme VEGAS processing completed in 0.27 seconds
[LOG] Cleaned up temp file for scheme VEGAS : VEGAS_INTERNALS.xml
[LOG] Parsing GCM feeder model for STORKE
[LOG] Parsing GCM feeder model for GAUCHO
[LOG] Parsing GCM feeder model for TECOLOTE
[LOG] Parsing GCM feeder model for CACHUMA
[LOG] Parsing GCM feeder model for VIA HUERTO
[LOG] Copied VIA HUERTO PT_INTERNALS.xml to temp directory
[LOG] Scheme VIA HUERTO PT processing completed in 0.01 seconds
[LOG] Cleaned up temp file for scheme VIA HUERTO PT : VIA HUERTO PT_INTERNALS.xml
[LOG] Parsing GCM feeder model for ADDIS
[LOG] Copied VICTORIA_INTERNALS.xml to temp directory
[LOG] Scheme VICTORIA processing completed in 0.5 seconds
[LOG] Cleaned up temp file for scheme VICTORIA : VICTORIA_INTERNALS.xml
[LOG] Parsing GCM feeder model for BLOSSOM
[LOG] Parsing GCM feeder model for NELSON
[LOG] Parsing GCM feeder model for ARVANA
[LOG] Parsing GCM feeder model for HILLSIDE
[LOG] Parsing GCM feeder model for ANGELINA
[LOG] Parsing GCM feeder model for KING
[LOG] Parsing GCM feeder model for CARNELIAN
[LOG] Parsing GCM feeder model for SELVA
[LOG] Parsing GCM feeder model for PETIT
[LOG] Copied WAKEFIELD_INTERNALS.xml to temp directory
[LOG] Scheme WAKEFIELD processing completed in 0.25 seconds
[LOG] Cleaned up temp file for scheme WAKEFIELD : WAKEFIELD_INTERNALS.xml
[LOG] Parsing GCM feeder model for PYLE
[LOG] Parsing GCM feeder model for CADWAY
[LOG] Parsing GCM feeder model for CASTRO
[LOG] Parsing GCM feeder model for ATMORE
[LOG] Parsing GCM feeder model for BENHILL
[LOG] Copied WALTERIA_INTERNALS.xml to temp directory
[LOG] Scheme WALTERIA processing completed in 0.52 seconds
[LOG] Cleaned up temp file for scheme WALTERIA : WALTERIA_INTERNALS.xml
[LOG] Parsing GCM feeder model for BACHELOR
[LOG] Parsing GCM feeder model for TANDEM
[LOG] Parsing GCM feeder model for ZEPHER
[LOG] Parsing GCM feeder model for SCIURBA
[LOG] Parsing GCM feeder model for STATLER
[LOG] Parsing GCM feeder model for BLOCKER
[LOG] Parsing GCM feeder model for CODONA
[LOG] Parsing GCM feeder model for MADERA
[LOG] Parsing GCM feeder model for MOON
[LOG] Parsing GCM feeder model for RIDGELAND
[LOG] Parsing GCM feeder model for MILLER
[LOG] Parsing GCM feeder model for NARBONNE
[LOG] Parsing GCM feeder model for FILTER
[LOG] Copied WASTEWATER_INTERNALS.xml to temp directory
[LOG] Scheme WASTEWATER processing completed in 0.02 seconds
[LOG] Cleaned up temp file for scheme WASTEWATER : WASTEWATER_INTERNALS.xml
[LOG] Parsing GCM feeder model for SLUDGE
[LOG] Parsing GCM feeder model for BLUEWATER
[LOG] Copied WESBASIN_INTERNALS.xml to temp directory
[LOG] Scheme WESBASIN processing completed in 0.02 seconds
[LOG] Cleaned up temp file for scheme WESBASIN : WESBASIN_INTERNALS.xml
[LOG] Parsing GCM feeder model for WESTFALL
[LOG] Copied WESTFALL PM_INTERNALS.xml to temp directory
[LOG] Scheme WESTFALL PM processing completed in 0.03 seconds
[LOG] Cleaned up temp file for scheme WESTFALL PM : WESTFALL PM_INTERNALS.xml
[LOG] Parsing GCM feeder model for SUMMERHILL
[LOG] Copied WINDSOR HILLS_INTERNALS.xml to temp directory
[LOG] Scheme WINDSOR HILLS processing completed in 0.34 seconds
[LOG] Cleaned up temp file for scheme WINDSOR HILLS : WINDSOR HILLS_INTERNALS.xml
[LOG] Parsing GCM feeder model for STOCKER
[LOG] Parsing GCM feeder model for SHERBOURNE
[LOG] Parsing GCM feeder model for DOWELL
[LOG] Parsing GCM feeder model for LADERA
[LOG] Parsing GCM feeder model for NORTHRIDGE
[LOG] Parsing GCM feeder model for MOWDER
[LOG] Parsing GCM feeder model for VERDUN
[LOG] Parsing GCM feeder model for OVERHILL
[LOG] Parsing GCM feeder model for WESTERN
[LOG] Copied YUKON_INTERNALS.xml to temp directory
[LOG] Scheme YUKON processing completed in 0.27 seconds
[LOG] Cleaned up temp file for scheme YUKON : YUKON_INTERNALS.xml
[LOG] Parsing GCM feeder model for SITKA
[LOG] Parsing GCM feeder model for ANCHORAGE
[LOG] Parsing GCM feeder model for OCTANE
[LOG] Parsing GCM feeder model for ADAK
[LOG] Parsing GCM feeder model for ALASKA
[LOG] Parsing GCM feeder model for FACTOR
[LOG] Parsing GCM feeder model for HAWTHORNE
[LOG] Parsing GCM feeder model for YORK
[LOG] Parsing GCM feeder model for BURLEIGH
[LOG] Parsing GCM feeder model for JUNEAU
[LOG] Parsing GCM feeder model for MENLO
[LOG] Parsing GCM feeder model for CRANBROOK
[LOG] Parsing GCM feeder model for OXFORD
[LOG] Parsing GCM feeder model for GRANDVIEW
[LOG] Parsing GCM feeder model for FAIRBANKS
[LOG] Processing complete - 312 stations processed
[LOG] Total processing time: 981.29 seconds
[LOG] Cleaned up temp directory: E:\Eterra\distribution\sce\ToolsWorkspace\ModelManagerFolders\AutomationSchemes_Temp
